"[AC]AvengersIW" "[AC]IndianaJones1981" "[AC]StarWars1977" "[CO]BackToTheFuture" "[CO]MontyPython" "[CO]ToyStory" "[DR]Gladiator" "[DR]TheGodfather" "[DR]Titanic" "[FA]HarryPotterSS" "[FA]LOTR_01" "[FA]LOTR_02" "[FA]LOTR_03" "[FA]PiratesCarribbean" "[PS]Inception" "[PS]TheShining" "[PS]TheThing" "BlackHawkDown" "BoB -S_Bastogne" "BoB -S_Holland" "BoB -S_Normandy" "FullMetalJacket" "IntoTheWhite" "pacific S_Basilone" "pacific S_Peleliu" "SavingPrivateRyan" "Stalingrad" "TheLongestDay" "Warfare"
"the" 3.3363289148506 4.41676104190261 3.6468330134357 3.27868852459016 4.17633410672854 2.43968555164001 4.19806243272336 3.06670573298174 3.44182884337554 2.96044649356952 5.0296891372686 4.50281425891182 5.0816137973514 4.56465618399437 3.06826898491434 3.0223043420879 3.08517773306506 3.28808799438334 3.21297125236248 3.3571915473756 3.05670407560543 3.64576058108674 3.94836750189825 4.29255711127487 3.17014446227929 3.38034010783907 4.40665569573962 4.45030010247402 2.61343012704174
"you" 3.83059986519883 3.86938467346168 3.13162945752096 4.20527441197434 2.87975979254811 3.48332881539713 3.92895586652314 3.86756519191327 1.74216027874564 3.67629216209658 2.84084293864245 2.4953095684803 3.00790473257366 3.27387937103966 4.3211454870877 3.7877788042761 2.48155600268276 2.91364380996958 2.8747637521138 2.89706884798909 3.26343768458358 3.60385528705126 4.17615793470008 2.85556374355195 3.89245585874799 2.61302364164247 4.1506673980618 2.53257209778949 2.57713248638838
"to" 2.31408672208492 2.49150622876557 2.53560965754117 2.82727488714659 1.77425958782585 1.58579560856601 2.13939720129171 3.34993651723801 2.20107079119572 2.57219121572434 2.41005937827454 2.4671669793621 2.4227492043938 2.92184933114292 3.04270007670672 3.27306321763231 2.21327967806841 2.63281067165926 1.78056301601512 1.58486707566462 1.81630242173656 1.84383293756111 2.27790432801822 1.86072218128224 1.78571428571429 1.94939858979676 2.04790638142256 1.88844971453667 2.10526315789474
"i" 2.7184902269153 2.58588146470366 2.20224265077281 2.66096459966738 2.41572266957827 2.27703984819734 2.91980624327234 2.90067389393495 2.4220277045976 2.3295316670711 2.06077541040866 1.37898686679174 1.91972076788831 2.194320582023 2.37790846330862 2.62636927543883 0 1.86051954130587 2.31771610464538 1.58486707566462 2.00826934435913 1.98351725101271 2.16400911161731 1.80545320560059 1.84590690208668 1.87681459975114 2.72444688242823 2.31298492168057 1.57894736842105
"a" 2.06695124691081 1.83087957719894 2.01030407111829 2.10263720598717 2.38842636822711 2.20927080509623 1.58772874058127 2.2658462740502 1.77615365003824 2.13540402814851 1.51356386075212 1.39774859287054 1.43722410430141 2.48767894860361 1.80686951333845 2.13804935990498 1.76615247037782 1.64989468757313 1.98945588381578 2.02794819359237 1.65386887182516 2.08129627042883 2.12604403948367 1.75018422991894 1.80577849117175 1.97013687266694 1.95648198939477 1.93236714975845 1.14337568058076
"it" 1.90968321725455 2.05738014345036 1.20214163046772 1.44927536231884 1.24198171147809 1.24695039306045 1.00914962325081 1.15245629456002 1.5976884507521 1.61368599854404 1.88613342647572 1.47279549718574 1.66307360640591 1.40812015958695 1.52561152305463 1.67612511548106 2.68276324614353 1.09992979171542 1.49209191286183 1.14178595773688 1.56526875369167 1.43874842855147 1.46165527714503 1.38172439204127 1.46468699839486 1.23392783077561 1.24337173157799 1.99092373005416 1.34301270417423
"of" 1.14580993035273 2.05738014345036 1.35367208808971 1.17605131860299 2.0608707520131 0.731905665492003 1.66846071044133 1.05479050688544 0.628877368913062 1.12836690123756 2.73605774828269 2.08255159474672 2.43301509085309 1.58413517953532 1.07389414472002 1.5309489243764 1.56494522691706 0.994617364849052 1.29314632448025 1.03953646898432 1.44713526284702 1.29906411509987 1.21488230827639 1.3448784082535 1.08346709470305 1.63832434674409 1.07880782592796 1.215049041136 0.943738656987296
"and" 1.26937766793979 1.01925254813137 0.727346196585514 0.867189356141601 1.9789818479596 1.01653564651667 2.08557588805167 1.43568707881629 1.648678507691 1.38315942732347 1.61834905111189 1.72607879924953 1.73493481162098 1.58413517953532 1.0909400835251 1.66292727992609 1.18488710038006 1.13503393400421 1.04446433900328 0.971370143149284 1.32900177200236 1.77399078083531 2.18299164768413 1.4554163596168 0.862760834670947 1.41020323517213 0.950813677089047 1.71277997364954 0.43557168784029
"is" 1.24691080656032 1.28350320875802 1.04050914233761 1.12853409360893 1.36481506755835 1.26050420168067 1.19752421959096 1.01572419181561 0.926319367723294 1.2132977432662 1.60670625218302 1.78236397748593 1.28323580741197 1.22037080497536 1.2187846245632 0.963441995512736 0.760116253074 1.25204774163351 0.397891176763155 0.715746421267894 0.546367395156527 1.43874842855147 1.06302201974184 0.626381724392041 0.882825040128411 0.75694732476151 1.5907844212836 0.731957253696384 1.1978221415608
"in" 0.718939564142889 1.30237825594564 1.22234569148399 1.30672368733666 1.18738910877576 0.894551368934671 0.753498385360603 1.11338997949018 1.07079119571684 0.946372239747634 0.943066713237862 0.853658536585366 0.985525100092393 0.786200422436048 1.20173868575812 1.37257489771677 1.34138162307176 1.39246431078867 1.45230279518552 1.0906612133606 1.00413467217956 1.31303254644503 1.15793470007593 0.884303610906411 0.902889245585875 1.06802156781418 1.00566831230572 1.05401844532279 1.21597096188748
"that" 1.134576499663 0.811627029067573 0.838468532174967 1.30672368733666 0.969018697966426 0.975874220656004 0.928417653390743 1.07432366442035 0.756352511260304 1.26182965299685 0.931423914309 0.806754221388368 0.769941484447182 1.31424548228115 1.57674933946987 1.00303550217764 0.849541694612117 1.20524221858179 0.855466030040784 0.732788002726653 1.2994683992912 1.00572705685152 0.835231586940015 0.939572586588062 1.04333868378812 1.37909581086686 0.877674163466813 1.01010101010101 0.907441016333938
"we" 1.21321051449113 0.736126840317101 0.525305586422871 0.344499881206938 1.11914835539784 0.704798048251559 0.470936490850377 0.634827619884754 0.552392283504717 0.485319097306479 0.896495517522412 1.29455909943715 1.02658864592958 1.09129312367989 1.32958322679622 0.699485284413356 1.00603621730382 1.21694359934472 1.23346264796578 0.835037491479209 1.00413467217956 0.852074312054756 1.86028853454822 0.921149594694178 0.762439807383628 1.13023641642472 1.11537758273907 0.966183574879227 1.57894736842105
"on" 0.943608177937542 0.679501698754247 0.878876654207496 0.843430743644571 0.477685273645421 0.826782325833559 0.363293864370291 0.65436077741967 1.55519673663636 0.861441397719 0.593782745371987 0.600375234521576 0.636484960476337 0.7157944144567 0.588084888775249 0.527913422198759 1.00603621730382 1.22864498010765 1.2732517656421 1.29516019086571 1.28470171293562 0.712389998603157 0.797266514806378 1.51068533529845 1.26404494382022 0.891746163417669 0.639970744194551 1.41999707217099 1.23411978221416
"me" 1.11210963828353 1.00037750094375 0.676836044044853 1.09289617486339 0.573222328374505 0.880997560314448 1.31862217438105 1.00595761304815 1.00280445313164 0.849308420286338 0.617068343229712 0.684803001876173 0.811005030284365 0.786200422436048 0.946049603681923 0.897452817737891 0.827185334227588 0.807395272642172 0.557047647468417 0.732788002726653 0.590667454223272 0.991758625506356 0.854214123006834 0.51584377302874 0.802568218298555 0.902115304852758 1.18851709636131 0.81979212413995 0.798548094373866
"this" 1.0334756234554 1.03812759531899 1.1617335084352 1.11665478736042 0.832537191210591 0.718351856871781 0.390204520990312 0.761793143861705 0.943316053369593 0.897840330016986 0.675282337874025 0.75984990619137 0.74940971152859 0.657122741140577 1.03980226710986 0.818265804408077 0.827185334227588 0.971214603323192 0.437680294439471 0.562372188139059 0.383933845245127 0.824137449364436 0.683371298405467 0.663227708179808 0.782504012841092 0.943591870593115 0.969098555494606 0.673400673400673 1.14337568058076
"your" 0.820040440350483 0.736126840317101 1.02030508132135 1.22356854359705 0.887129793912925 0.569259962049336 1.41280947255113 0.937591561675945 0.237953599048186 0.837175442853676 0.384212364652462 0.778611632270169 0.708346165691407 0.880075099741845 0.792636154436206 0.686287448858387 0.268276324614353 0.596770418909431 0.53715308863026 0.613496932515337 0.782634376845836 1.14541137030312 1.04403948367502 1.08695652173913 0.7223113964687 0.663625051845707 0.91424392027793 0.512370077587469 0.707803992740472
"what" 0.999775331386205 1.03812759531899 0.656631983028589 0.879068662390116 1.06455575269551 1.00298183789645 0.605489773950484 0.615294462349839 0.433415483980624 0.994904149478282 0.675282337874025 0.666041275797373 0.646750846935633 0.762731753109599 1.03980226710986 0.699485284413356 0.983679856919293 0.456353849754271 0.755993235849995 0.783912747102931 0.767867690490254 0.558737253806397 0.949126803340926 0.571112748710391 0.561797752808989 0.767316466196599 0.420552203327848 0.497730932513541 0.29038112522686
"for" 0.662772410694226 1.01925254813137 0.717244166077382 0.688999762413875 0.423092670943087 0.582813770669558 1.22443487621098 0.771559722629163 0.356930398572278 0.606648871633099 0.79171032716265 0.806754221388368 0.893132121958731 0.727528749119925 0.818205062643825 0.633496106638511 0.447127207690588 0.374444184413761 0.755993235849995 0.715746421267894 0.443000590667454 0.754295292638637 0.683371298405467 0.865880619012528 0.481540930979133 0.49771878888428 0.804534649844579 0.717318108622456 0.381125226860254
"my" 0.730172994832622 0.585126462816157 0.5657137084554 1.03349964362081 0.573222328374505 0.704798048251559 1.23789020452099 1.08409024318781 0.433415483980624 0.497452074739141 0.989637908953312 0.872420262664165 0.882866235499435 0.598451067824454 0.55399301116509 0.739078791078263 0.312989045383412 0.585069038146501 0.53715308863026 0.221540558963872 0.428233904311872 0.893979606090236 0.474563401670463 0.405305821665438 0.461476725521669 0.850269597677312 0.749680014627903 0.395256916996047 0.562613430127042
"are" 0.606605257245563 0.773876934692337 0.686938074552985 0.605844618674269 0.723351985805923 0.867443751694226 0.565123789020452 0.507862095907804 0.407920455511175 0.618781849065761 0.7451391314472 0.975609756097561 0.698080279232112 0.58671673316123 0.681837552203188 0.699485284413356 0.245919964229823 0.643575941961151 0.487416691534865 0.971370143149284 0.398700531600709 0.893979606090236 0.835231586940015 0.718496683861459 0.501605136436597 0.456242223143924 1.57249954287804 0.497730932513541 0.925589836660617
"be" 0.516737811727702 0.604001510003775 1.02030508132135 0.582086006177239 0.586870479050089 0.487937110328002 0.672766415500538 0.83015919523391 0.637375711736211 0.92210628488231 0.582139946443125 0.637898686679174 0.780207370906478 0.962215442384417 0.741498338020967 0.725880955523294 0.469483568075117 0.643575941961151 0.427733015020392 0.681663258350375 0.546367395156527 0.642547841877357 0.569476082004556 0.294767870302137 0.401284109149278 0.539195354624637 0.548546352166758 0.585565802957107 0.326678765880218
"have" 0.674005841383959 0.566251415628539 0.777856349126174 0.463292943692088 0.696055684454756 0.406614258606668 0.968783638320775 0.800859458931536 0.594883997620464 0.521718029604465 0.814995925020375 0.844277673545966 0.964993327173801 0.657122741140577 0.775590215631126 0.699485284413356 0.603621730382294 0.432951088228411 0.497363970953944 0.340831629175187 0.428233904311872 0.363179214974158 0.759301442672741 0.552689756816507 0.401284109149278 0.394027374533389 1.00566831230572 0.600204948031035 0.490018148820327
"no" 0.932374747247809 0.566251415628539 0.414183250833418 0.534568781183179 1.05090760201993 1.73488750338845 0.376749192680301 0.459029202070515 0.841335939491799 0.618781849065761 0.675282337874025 0.787992495309568 1.03685453238887 0.680591410467027 0.937526634279383 0.356341559984163 0.447127207690588 0.456353849754271 0.547100368049338 0.306748466257669 0.472533963378618 0.349210783628998 0.759301442672741 0.294767870302137 0.521669341894061 0.414765657403567 0.365697568111172 0.453813497291758 0.344827586206897
"all" 0.640305549314761 0.434126085315213 0.636427922012324 0.72463768115942 0.477685273645421 0.745459474112226 0.470936490850377 0.781326301396621 0.841335939491799 0.521718029604465 0.756781930376062 0.403377110694184 0.420901344831126 0.481107721192208 0.264212051478735 0.541111257753728 0.849541694612117 0.889304937982682 0.736098677011837 0.715746421267894 0.708800945067927 0.293337058248359 0.417615793470008 0.644804716285925 0.541733547351525 0.777685607631688 0.25598829767782 0.907626994583516 1.48820326678766
"not" 0.80880700966075 0.698376745941865 0.61622386099606 0.368258493703968 0.982666848642009 0.487937110328002 0.686221743810549 0.459029202070515 0.543893940681567 0.825042465421014 0.966352311095587 0.919324577861163 1.11898162406324 0.903543769068294 0.630699735787948 0.369539395539132 0.424770847306059 0.503159372805991 0.417785735601313 0.238582140422631 0.295333727111636 0.502863528425758 0.626423690205011 0.331613854089904 0.300963081861958 0.362919950228121 0.420552203327848 0.351339481774264 0.254083484573503
"get" 0.438103796899573 0.698376745941865 0.494999494898475 0.487051556189119 0.39579636959192 0.704798048251559 0.17491926803014 0.517628674675261 0.645874054559361 0.327590390681873 0.302712772150425 0.196998123827392 0.236115388563802 0.187749354611594 0.417625500724452 0.422330737759008 1.00603621730382 0.994617364849052 1.0345170595842 0.715746421267894 0.930301240401654 0.796200586674117 0.474563401670463 1.05011053795136 1.48475120385233 0.705101617586064 0.676540501005668 0.658761528326746 1.01633393829401
"go" 0.494270950348236 0.415251038127595 0.303060915243964 0.688999762413875 0.341203766889586 0.393060449986446 0.269106566200215 0.537161832210177 0.883827653607547 0.461053142441155 0.395855163581325 0.440900562851782 0.482496663586901 0.234686693264492 0.366487684309213 0.329945888874225 0.469483568075117 1.09992979171542 0.666467721078285 0.971370143149284 1.22563496751329 0.181589607487079 0.607441154138193 0.865880619012528 1.82584269662921 0.559933637494815 0.804534649844579 0.585565802957107 0.907441016333938
"do" 0.674005841383959 0.585126462816157 0.42428528134155 0.534568781183179 0.545926027023338 0.501490918948224 0.726587728740581 0.781326301396621 0.390923769864876 0.679446736229071 0.710210734660612 0.450281425891182 0.574889641720563 0.445904717202535 0.886388817864144 0.77867229774317 0.536552649228706 0.503159372805991 0.338207500248682 0.374914792092706 0.280567040756054 0.684453135912837 0.949126803340926 0.350036845983788 0.702247191011236 0.50808793031937 0.621685865788993 0.351339481774264 0.490018148820327
"here" 0.449337227589306 0.849377123442809 0.626325891504192 0.463292943692088 0.409444520267504 0.718351856871781 0.188374596340151 0.468795780837972 0.713860797144557 0.339723368114535 0.360926766794737 0.356472795497186 0.33877425315676 0.363764374559962 0.485809255944771 0.765474462188201 1.07310529845741 0.561666276620641 0.716204118173679 0.766871165644172 0.531600708800945 0.349210783628998 0.531511009870919 0.626381724392041 0.742375601926164 0.715470759021153 0.859389285061254 0.483091787439614 0.744101633393829
"don^t" 0.662772410694226 0.585126462816157 0.626325891504192 0.617723924922784 0.450388972294254 0.582813770669558 0.376749192680301 0.722726828791874 0.458910512450072 0.509585052171803 0.314355571079287 0.431519699812383 0.287444820860281 0.258155362590941 0.53694707236001 0.620298271083542 0.849541694612117 0.479756611280131 0.507311250373023 0.681663258350375 0.620200826934436 0.474926665735438 0.569476082004556 0.405305821665438 0.561797752808989 0.549564496059726 0.676540501005668 0.468452642365686 0.199637023593466
"he" 0.797573578971018 0.302000755001887 0.596019799979796 0.296982656212877 0.764296437832674 0.284629981024668 0.753498385360603 0.752026565094247 0.246451941871335 0.667313758796409 0.454069158225637 0.778611632270169 0.759675597987886 0.492842055855433 0.53694707236001 0.593902599973604 0.625978090766823 0.245728996021531 0.676415000497364 0.613496932515337 0.516834022445363 0.265400195558039 0.284738041002278 0.202652910832719 0.220706260032103 0.591041061800083 0.25598829767782 0.351339481774264 0.0362976406533575
"up" 0.38193664345091 0.28312570781427 0.33336700676836 0.475172249940603 0.31390746553842 0.515044727568447 0.134553283100108 0.400429729465768 0.518398912212119 0.545983984469789 0.162999185004075 0.150093808630394 0.349040139616056 0.28162403191739 0.468763317139691 0.527913422198759 0.961323496534764 0.620173180435291 0.566994926887496 0.664621676891616 0.694034258712345 0.782232155328957 0.360668185269552 0.736919675755343 0.943017656500803 0.798423890501866 0.694825379411227 0.775874688918167 0.925589836660617
"come" 0.325769490002247 0.490751226878067 0.363673098292757 0.463292943692088 0.477685273645421 0.745459474112226 0.228740581270183 0.507862095907804 0.98580776748534 0.424654210143169 0.395855163581325 0.600375234521576 0.718612052150703 0.28162403191739 0.349441745504134 0.409132902204039 0.760116253074 0.573367657383571 0.616731323982891 0.477164280845262 0.575900767867691 0.139684313451599 0.436598329536826 0.792188651436993 0.300963081861958 0.342181667357943 0.548546352166758 0.409896062069975 0.272232304900181
"right" 0.5504381037969 0.339750849377123 0.484897464390342 0.605844618674269 0.39579636959192 0.582813770669558 0.0672766415500538 0.322297099326106 0.858332625138098 0.327590390681873 0.151356386075212 0.0938086303939962 0.133456523970845 0.211218023938043 0.477286286542231 0.39593506664907 0.670690811535882 0.807395272642172 0.586889485725654 0.869120654396728 0.694034258712345 0.181589607487079 0.436598329536826 0.442151805453206 0.62199036918138 0.694732476150975 0.164563905650027 0.600204948031035 1.86932849364791
"with" 0.404403504830375 0.471876179690449 0.515203555914739 0.6296032311713 0.477685273645421 0.365952832746002 0.551668460710441 0.752026565094247 0.382425427041727 0.497452074739141 0.349283967865875 0.393996247654784 0.369571912534647 0.58671673316123 0.639222705190488 0.51471558664379 0.581265369997764 0.386145565176691 0.507311250373023 0.255623721881391 0.413467217956291 0.433021371699958 0.5125284738041 0.368459837877671 0.441412520064205 0.653255910410618 0.603400987383434 0.497730932513541 0.235934664246824
"it^s" 0.59537182655583 0.509626274065685 0.494999494898475 0.487051556189119 0.423092670943087 0.745459474112226 0.188374596340151 0.371129993163395 0.467408855273222 0.691579713661733 0.430783560367912 0.525328330206379 0.492762550046197 0.551513729171556 0.613653796982869 0.607100435528573 0.223563603845294 0.795693891879242 0.387943897344076 0.306748466257669 0.443000590667454 0.181589607487079 0.341685649202733 0.51584377302874 0.280898876404494 0.331812525922854 0.365697568111172 0.585565802957107 0.508166969147005
"i^m" 0.999775331386205 0.490751226878067 0.5657137084554 0.772154906153481 0.423092670943087 0.637029005150447 0.17491926803014 0.625061041117297 0.611880683266763 0.485319097306479 0.244498777506112 0.159474671669794 0.297710707319577 0.398967378549636 0.54547004176255 0.791870133298139 0 0.456353849754271 0.417785735601313 0.460122699386503 0.443000590667454 0.460958234390278 0.455580865603645 0.313190862196021 0.461476725521669 0.331812525922854 0.25598829767782 0.351339481774264 0.816696914700545
"out" 0.325769490002247 0.547376368440921 0.444489342357814 0.427655024946543 0.272963013511669 0.365952832746002 0.201829924650161 0.556694989745092 0.424917141157474 0.218393593787916 0.267784375363837 0.281425891181989 0.225849502104507 0.258155362590941 0.306826898491434 0.39593506664907 0.648334451151353 0.971214603323192 0.606784044563812 0.494205862304022 0.841701122268163 0.419052940354798 0.246772968868641 0.497420781134856 0.802568218298555 0.49771878888428 0.603400987383434 0.409896062069975 1.17967332123412
"there" 0.258368905863851 0.358625896564741 0.47479543388221 0.296982656212877 0.39579636959192 0.542152344808891 0.511302475780409 0.341830256861022 0.586385654797315 0.618781849065761 0.41914076143905 0.515947467166979 0.503028436505492 0.222952358601267 0.477286286542231 0.369539395539132 0.514196288844176 0.503159372805991 0.507311250373023 0.426039536468984 0.413467217956291 0.419052940354798 0.341685649202733 0.460574797347089 0.421348314606742 0.362919950228121 0.457121960138965 0.541648367735324 0.671506352087114
"will" 0.359469782071445 0.377500943752359 0.444489342357814 0.142551674982181 0.31390746553842 0.271076172404446 1.07642626480086 0.459029202070515 0.254950284694485 0.412521232710507 0.849924321806962 1.16322701688555 1.02658864592958 0.457639051865759 0.451717378334612 0.197967533324535 0.134138162307176 0.351041422887901 0.119367353028947 0.136332651670075 0.206733608978145 0.600642547841877 0.550493545937737 0.184229918938836 0.140449438202247 0.062214848610535 0.804534649844579 0.263504611330698 0.0725952813067151
"him" 0.449337227589306 0.245375613439034 0.434387311849682 0.451413637443573 0.409444520267504 0.406614258606668 0.538213132400431 0.781326301396621 0.127475142347242 0.351856345547197 0.430783560367912 0.553470919324578 0.554357868801971 0.43417038253931 0.443194408932072 0.356341559984163 0.849541694612117 0.421249707465481 0.646573162240127 0.27266530334015 0.191966922622563 0.181589607487079 0.151860288534548 0.239498894620486 0.401284109149278 0.49771878888428 0.329127811300055 0.146391450739277 0.29038112522686
"was" 0.393170074140643 0.434126085315213 0.2828568542277 0.356379187455453 0.31390746553842 0.379506641366224 0.430570505920344 0.371129993163395 0.509900569388969 0.533851007037127 0.442426359296775 0.515947467166979 0.379837798993943 0.516310725181882 0.485809255944771 0.580704764418635 0.514196288844176 0.0819096653405102 0.815676912364468 0.323790047716428 0.428233904311872 0.321273920938679 0.398633257403189 0.350036845983788 0.321027287319422 0.466611364579013 0.292558054488938 0.248865466256771 0.0907441016333938
"know" 0.572904965176365 0.547376368440921 0.313162945752096 0.546448087431694 0.191074109458168 0.29818378964489 0.269106566200215 0.380896571930853 0.458910512450072 0.545983984469789 0.349283967865875 0.24390243902439 0.277178934400986 0.352030039896738 0.767067246228586 0.382737231094101 0.581265369997764 0.280833138310321 0.35810205908684 0.528289025221541 0.457767277023036 0.321273920938679 0.265755504935459 0.25792188651437 0.381219903691814 0.601410203235172 0.201133662461145 0.424535207143903 0.29038112522686
"but" 0.527971242417434 0.339750849377123 0.404081220325285 0.344499881206938 0.518629725672171 0.243968555164001 0.417115177610334 0.47856235960543 0.382425427041727 0.618781849065761 0.51228315286995 0.450281425891182 0.441433117749718 0.457639051865759 0.596607858177789 0.409132902204039 0.335345405767941 0.245728996021531 0.397891176763155 0.238582140422631 0.118133490844654 0.293337058248359 0.607441154138193 0.294767870302137 0.240770465489567 0.352550808793032 0.365697568111172 0.395256916996047 0.0907441016333938
"got" 0.269602336553583 0.320875802189505 0.343469037276493 0.582086006177239 0.341203766889586 0.501490918948224 0.0672766415500538 0.224631311651528 0.212458570578737 0.351856345547197 0.116427989288625 0.0562851782363977 0.0615953187557746 0.0938746773057968 0.0852296940253984 0.329945888874225 0.603621730382294 0.959513222560262 0.905202427136178 0.783912747102931 0.575900767867691 0.433021371699958 0.113895216400911 0.571112748710391 0.7223113964687 0.819162173372045 0.237703419272262 0.483091787439614 1.05263157894737
"one" 0.483037519658504 0.320875802189505 0.353571067784625 0.285103349964362 0.436740821618671 0.393060449986446 0.322927879440258 0.185564996581697 0.280445313163933 0.509585052171803 0.628711142158575 0.356472795497186 0.379837798993943 0.574982398498005 0.272735020881275 0.250758875544411 0.514196288844176 0.280833138310321 0.427733015020392 0.306748466257669 0.280567040756054 0.433021371699958 0.379650721336371 0.25792188651437 0.220706260032103 0.487349647449191 0.310842932894496 0.263504611330698 0.852994555353902
"they" 0.224668613794653 0.566251415628539 0.2828568542277 0.320741268709907 0.218370410809335 0.121984277582001 0.726587728740581 0.371129993163395 0.16996685646299 0.169861684057268 0.395855163581325 0.947467166979362 0.441433117749718 0.211218023938043 0.357964714906673 0.409132902204039 0.402414486921529 0.22232623449567 0.407838456182234 0.852079072937969 0.354400472533963 0.377147646319318 0.417615793470008 0.552689756816507 0.200642054574639 0.290335960182497 0.603400987383434 0.263504611330698 0.163339382940109
"sir" 0.0561671534486632 0.0566251415628539 0.363673098292757 0.0237586124970302 0.75064828715709 0.0677690431011114 0.107642626480086 0.00976657876745776 0.509900569388969 0.109196796893958 0.023285597857725 0.00938086303939963 0.0205317729185915 0.129077681295471 0.0681837552203188 0.356341559984163 0 0.374444184413761 0.646573162240127 0.613496932515337 1.38806851742469 1.14541137030312 0.13287775246773 0.386882829771555 0.501605136436597 1.43094151804231 0.091424392027793 0.907626994583516 0.762250453720508
"now" 0.404403504830375 0.453001132502831 0.383877159309021 0.356379187455453 0.232018561484919 0.637029005150447 0.242195909580194 0.302763941791191 0.543893940681567 0.412521232710507 0.221213179648387 0.403377110694184 0.503028436505492 0.269889697254166 0.443194408932072 0.369539395539132 0.536552649228706 0.444652468991341 0.248681985476972 0.136332651670075 0.236266981689309 0.265400195558039 0.493545937737282 0.423728813559322 0.200642054574639 0.134798838656159 0.329127811300055 0.43917435221783 0.381125226860254
"can" 0.258368905863851 0.245375613439034 0.484897464390342 0.296982656212877 0.31390746553842 0.460829493087558 0.255651237890204 0.419962887000684 0.365428741395428 0.315457413249211 0.349283967865875 0.24390243902439 0.33877425315676 0.375498709223187 0.519901133554931 0.475122079978883 0.245919964229823 0.432951088228411 0.248681985476972 0.306748466257669 0.206733608978145 0.209526470177399 0.303720577069096 0.239498894620486 0.401284109149278 0.279966818747408 0.365697568111172 0.365978626848192 0.14519056261343
"back" 0.21343518310492 0.320875802189505 0.232346701687039 0.308861962461392 0.163777808107001 0.352399024125779 0.201829924650161 0.185564996581697 0.66287074020566 0.157728706624606 0.197927581790662 0.309568480300188 0.328508366697464 0.187749354611594 0.349441745504134 0.211165368879504 0.558909009613235 0.444652468991341 0.517258529792102 0.596455351056578 0.3248670998228 0.209526470177399 0.341685649202733 0.239498894620486 0.62199036918138 0.279966818747408 0.237703419272262 0.19030888596106 0.43557168784029
"just" 0.303302628622781 0.207625519063798 0.313162945752096 0.510810168686149 0.368500068240753 0.447275684467335 0.107642626480086 0.185564996581697 0.186963542109289 0.303324435816549 0.13971358714635 0.140712945590994 0.246381275023098 0.176015019948369 0.53694707236001 0.699485284413356 0.469483568075117 0.292534519073251 0.407838456182234 0.528289025221541 0.413467217956291 0.293337058248359 0.208807896735004 0.405305821665438 0.160513643659711 0.37328909166321 0.091424392027793 0.219587176108915 0.471869328493648
"at" 0.247135475174118 0.358625896564741 0.252550762703303 0.451413637443573 0.382148218916337 0.257522363784223 0.390204520990312 0.185564996581697 0.348432055749129 0.266925503518563 0.1862847828618 0.281425891181989 0.246381275023098 0.176015019948369 0.247166112673656 0.356341559984163 0.290632684998882 0.456353849754271 0.368049338505919 0.357873210633947 0.339633786178382 0.209526470177399 0.322703113135915 0.386882829771555 0.441412520064205 0.238490253007051 0.585116108977875 0.409896062069975 0.417422867513612
"if" 0.5504381037969 0.377500943752359 0.454591372865946 0.498930862437634 0.368500068240753 0.243968555164001 0.322927879440258 0.410196308233226 0.0509900569388969 0.363989322979859 0.32599837000815 0.300187617260788 0.184785956267324 0.352030039896738 0.460240347737152 0.356341559984163 0.178850883076235 0.18722209220688 0.348154779667761 0.27266530334015 0.1624335499114 0.321273920938679 0.284738041002278 0.239498894620486 0.140449438202247 0.311074243052675 0.383982446516731 0.336700336700337 0.0907441016333938
"so" 0.471804088968771 0.169875424688562 0.212142640670775 0.332620574958422 0.409444520267504 0.17619951206289 0.430570505920344 0.380896571930853 0.339933712925979 0.230526571220578 0.267784375363837 0.290806754221388 0.369571912534647 0.410701713212861 0.485809255944771 0.303550217764287 0.245919964229823 0.18722209220688 0.218840147219735 0.238582140422631 0.369167158889545 0.293337058248359 0.284738041002278 0.276344878408254 0.220706260032103 0.445873081708834 0.310842932894496 0.161030595813205 0.0544464609800363
"you^re" 0.629072118625028 0.320875802189505 0.343469037276493 0.570206699928724 0.259314862836086 0.47438330170778 0.121097954790097 0.312530520558648 0.314438684456531 0.363989322979859 0.128070788217487 0.121951219512195 0.123190637511549 0.316827035907064 0.494332225347311 0.158374026659628 0.178850883076235 0.362742803650831 0.328260220829603 0.204498977505112 0.236266981689309 0.307305489593519 0.379650721336371 0.165806927044952 0.280898876404494 0.311074243052675 0.0365697568111172 0.219587176108915 0.381125226860254
"us" 0.21343518310492 0.339750849377123 0.363673098292757 0.0356379187455453 0.368500068240753 0.189753320683112 0.228740581270183 0.166031839046782 0.288943655987082 0.109196796893958 0.32599837000815 0.48780487804878 0.400369571912535 0.387233043886412 0.289780959686355 0.158374026659628 0.335345405767941 0.22232623449567 0.278523823734209 0.408997955010225 0.295333727111636 0.223494901522559 0.208807896735004 0.405305821665438 0.300963081861958 0.290335960182497 0.402267324922289 0.263504611330698 0.235934664246824
"them" 0.157268029656257 0.245375613439034 0.353571067784625 0.130672368733666 0.191074109458168 0.0677690431011114 0.430570505920344 0.332063678093564 0.212458570578737 0.145595729191944 0.395855163581325 0.534709193245779 0.277178934400986 0.246421027927717 0.187505326855877 0.26395671109938 0.201207243460765 0.421249707465481 0.248681985476972 0.664621676891616 0.502067336089781 0.209526470177399 0.303720577069096 0.110537951363301 0.140449438202247 0.176275404396516 0.109709270433352 0.365978626848192 0.127041742286751
"about" 0.179734891035722 0.453001132502831 0.393979189817153 0.427655024946543 0.150129657431418 0.17619951206289 0.0807319698600646 0.302763941791191 0.220956913401887 0.327590390681873 0.174641983932937 0.159474671669794 0.0513294322964788 0.199483689274818 0.400579561919373 0.580704764418635 0.245919964229823 0.21062485373274 0.338207500248682 0.255623721881391 0.191966922622563 0.237463332867719 0.398633257403189 0.313190862196021 0.341091492776886 0.394027374533389 0.347412689705613 0.263504611330698 0.0725952813067151
"like" 0.38193664345091 0.264250660626652 0.313162945752096 0.320741268709907 0.191074109458168 0.257522363784223 0.215285252960172 0.400429729465768 0.356930398572278 0.327590390681873 0.128070788217487 0.159474671669794 0.0923929781336618 0.164280685285144 0.375010653711753 0.554309093308697 0.201207243460765 0.17552071144395 0.238734706057893 0.255623721881391 0.221500295333727 0.391116077664478 0.303720577069096 0.239498894620486 0.280898876404494 0.259228535877229 0.237703419272262 0.204948031034988 0.0907441016333938
"see" 0.112334306897326 0.226500566251416 0.343469037276493 0.261344737467332 0.218370410809335 0.379506641366224 0.309472551130248 0.234397890418986 0.365428741395428 0.521718029604465 0.349283967865875 0.215759849906191 0.318242480238169 0.164280685285144 0.213074235063496 0.224363204434473 0.178850883076235 0.304235899836181 0.238734706057893 0.27266530334015 0.457767277023036 0.237463332867719 0.189825360668185 0.221075902726603 0.160513643659711 0.207382828701783 0.12799414883891 0.175669740887132 0.272232304900181
"from" 0.224668613794653 0.245375613439034 0.191938579654511 0.225706818721787 0.272963013511669 0.29818378964489 0.188374596340151 0.185564996581697 0.178465199286139 0.157728706624606 0.244498777506112 0.384615384615385 0.33877425315676 0.211218023938043 0.255689082076195 0.329945888874225 0.380058126537 0.19892347296981 0.288471103153288 0.136332651670075 0.457767277023036 0.293337058248359 0.246772968868641 0.221075902726603 0.200642054574639 0.342181667357943 0.292558054488938 0.336700336700337 0.326678765880218
"going" 0.190968321725455 0.358625896564741 0.545509647439135 0.688999762413875 0.0955370547290842 0.0542152344808891 0.0672766415500538 0.410196308233226 0.484405540919521 0.279058480951225 0.162999185004075 0.159474671669794 0.195051842726619 0.129077681295471 0.178982357453337 0.527913422198759 0.0447127207690588 0.573367657383571 0.109420073609868 0.170415814587594 0.147666863555818 0.181589607487079 0.189825360668185 0.147383935151069 0.0601926163723917 0.145167980091248 0.310842932894496 0.219587176108915 0.362976406533575
"his" 0.258368905863851 0.113250283125708 0.171734518638246 0.154430981230696 0.300259314862836 0.121984277582001 0.417115177610334 0.361363414395937 0.144471827993541 0.218393593787916 0.3725695657236 0.431519699812383 0.41063545837183 0.328561370570289 0.52842410295747 0.184769697769566 0.156494522691706 0.245728996021531 0.308365661991445 0.170415814587594 0.251033668044891 0.181589607487079 0.246772968868641 0.184229918938836 0.180577849117175 0.197013687266694 0.146279027244469 0.161030595813205 0.0907441016333938
"that^s" 0.337002920691979 0.207625519063798 0.151530457621982 0.344499881206938 0.31390746553842 0.271076172404446 0.0672766415500538 0.341830256861022 0.32293702727968 0.363989322979859 0.023285597857725 0.112570356472795 0.102658864592958 0.387233043886412 0.298303929088895 0.316748053319256 0.268276324614353 0.245728996021531 0.26857654431513 0.357873210633947 0.339633786178382 0.11174745076128 0.227790432801822 0.294767870302137 0.180577849117175 0.342181667357943 0.420552203327848 0.322061191626409 0.181488203266788
"we^re" 0.280835767243316 0.0943752359380898 0.2828568542277 0.0950344499881207 0.204722260133752 0.257522363784223 0.0403659849300323 0.136732102744409 0.297441998810232 0.169861684057268 0.069856793573175 0.150093808630394 0.102658864592958 0.187749354611594 0.298303929088895 0.158374026659628 0.402414486921529 0.456353849754271 0.238734706057893 0.255623721881391 0.3248670998228 0.335242352283839 0.13287775246773 0.368459837877671 0.36115569823435 0.269597677312319 0.0182848784055586 0.38061777192212 1.1978221415608
"good" 0.134801168276792 0.320875802189505 0.171734518638246 0.332620574958422 0.204722260133752 0.216860937923557 0.228740581270183 0.332063678093564 0.356930398572278 0.351856345547197 0.128070788217487 0.234521575984991 0.0923929781336618 0.316827035907064 0.144890479843177 0.461924244423914 0.0894254415381176 0.304235899836181 0.26857654431513 0.323790047716428 0.295333727111636 0.265400195558039 0.265755504935459 0.147383935151069 0.200642054574639 0.134798838656159 0.109709270433352 0.19030888596106 0.617059891107078
"down" 0.146034598966524 0.264250660626652 0.202040610162643 0.130672368733666 0.0955370547290842 0.216860937923557 0.0941872981700753 0.0585994726047466 0.348432055749129 0.0970638194612958 0.13971358714635 0.140712945590994 0.215583615645211 0.058671673316123 0.272735020881275 0.237561039989442 0.268276324614353 0.702082845775801 0.288471103153288 0.204498977505112 0.369167158889545 0.307305489593519 0.417615793470008 0.276344878408254 0.441412520064205 0.311074243052675 0.201133662461145 0.351339481774264 0.508166969147005
"take" 0.16850146034599 0.320875802189505 0.272754823719568 0.237586124970302 0.136481506755835 0.149091894822445 0.17491926803014 0.361363414395937 0.178465199286139 0.157728706624606 0.267784375363837 0.24390243902439 0.256647161482394 0.199483689274818 0.204551265660956 0.118780519994721 0.156494522691706 0.292534519073251 0.397891176763155 0.340831629175187 0.398700531600709 0.237463332867719 0.189825360668185 0.184229918938836 0.280898876404494 0.342181667357943 0.420552203327848 0.204948031034988 0.163339382940109
"as" 0.224668613794653 0.302000755001887 0.252550762703303 0.142551674982181 0.136481506755835 0.094876660341556 0.430570505920344 0.205098154116613 0.195461884932438 0.339723368114535 0.384212364652462 0.206378986866792 0.33877425315676 0.316827035907064 0.196028296258416 0.369539395539132 0.223563603845294 0.1170138076293 0.159156470705262 0.426039536468984 0.280567040756054 0.11174745076128 0.284738041002278 0.202652910832719 0.260834670947031 0.134798838656159 0.182848784055586 0.336700336700337 0.108892921960073
"think" 0.280835767243316 0.132125330313326 0.363673098292757 0.285103349964362 0.245666712160502 0.243968555164001 0.322927879440258 0.205098154116613 0.101980113877794 0.266925503518563 0.221213179648387 0.103189493433396 0.174520069808028 0.164280685285144 0.247166112673656 0.409132902204039 0.201207243460765 0.234027615258601 0.208892867800657 0.255623721881391 0.472533963378618 0.265400195558039 0.265755504935459 0.128960943257185 0.180577849117175 0.279966818747408 0.201133662461145 0.248865466256771 0.127041742286751
"yes" 0.123567737587059 0.339750849377123 0.0505101525406607 0.0475172249940603 0.532277876347755 0.230414746543779 0.363293864370291 0.0781326301396621 0.339933712925979 0.169861684057268 0.128070788217487 0.337711069418386 0.205317729185915 0.140812015958695 0.144890479843177 0.224363204434473 0.0894254415381176 0.10531242686637 0.228787426638814 0.0681663258350375 0.398700531600709 0.0558737253806398 0.588458618071374 0.147383935151069 0.220706260032103 0.435503940273745 0.182848784055586 0.468452642365686 0.399274047186933
"how" 0.247135475174118 0.226500566251416 0.151530457621982 0.320741268709907 0.204722260133752 0.135538086202223 0.215285252960172 0.273464205488817 0.16146851363984 0.351856345547197 0.069856793573175 0.103189493433396 0.0821270916743661 0.199483689274818 0.502855194749851 0.329945888874225 0.312989045383412 0.14041656915516 0.208892867800657 0.170415814587594 0.251033668044891 0.139684313451599 0.284738041002278 0.313190862196021 0.240770465489567 0.394027374533389 0.109709270433352 0.102474015517494 0.217785843920145
"well" 0.179734891035722 0.547376368440921 0.222244671178907 0.296982656212877 0.177425958782585 0.325291406885335 0.188374596340151 0.117198945209493 0.399422112688026 0.315457413249211 0.104785190359762 0.075046904315197 0.123190637511549 0.164280685285144 0.230120173868576 0.171571862214597 0.245919964229823 0.22232623449567 0.0994727941907888 0.255623721881391 0.251033668044891 0.11174745076128 0.322703113135915 0.239498894620486 0.180577849117175 0.279966818747408 0.109709270433352 0.336700336700337 0.0725952813067151
"he^s" 0.292069197933049 0.151000377500944 0.202040610162643 0.296982656212877 0.232018561484919 0.338845215505557 0.188374596340151 0.468795780837972 0.0339933712925979 0.363989322979859 0.209570380719525 0.168855534709193 0.153988296889436 0.187749354611594 0.204551265660956 0.0527913422198759 0.312989045383412 0.22232623449567 0.278523823734209 0.187457396046353 0.147666863555818 0.153652744796759 0.0949126803340926 0.0736919675755343 0.100321027287319 0.300705101617586 0.201133662461145 0.161030595813205 0.163339382940109
"yeah" 0.438103796899573 0.151000377500944 0.0202040610162643 0.356379187455453 0.0409444520267504 0.365952832746002 0.0134553283100108 0.166031839046782 0.0764850854083454 0.0485319097306479 0 0.00938086303939963 0 0.0234686693264492 0.238643143271116 0.0527913422198759 0.380058126537 0.315937280599111 0.457574853277629 0.477164280845262 0.605434140578854 0.0279368626903199 0.0949126803340926 0.51584377302874 0.220706260032103 0.362919950228121 0.0365697568111172 0.102474015517494 0.88929219600726
"our" 0.190968321725455 0.207625519063798 0.232346701687039 0.0475172249940603 0.204722260133752 0.0542152344808891 0.0807319698600646 0.214864732884071 0.110478456700943 0.109196796893958 0.23285597857725 0.347091932457786 0.225849502104507 0.187749354611594 0.255689082076195 0.211165368879504 0.0447127207690588 0.10531242686637 0.248681985476972 0.102249488752556 0.147666863555818 0.223494901522559 0.170842824601367 0.386882829771555 0.160513643659711 0.321443384487764 0.292558054488938 0.336700336700337 0.508166969147005
"want" 0.21343518310492 0.264250660626652 0.191938579654511 0.249465431218817 0.191074109458168 0.135538086202223 0.269106566200215 0.556694989745092 0.178465199286139 0.169861684057268 0.0931423914309 0.121951219512195 0.0821270916743661 0.140812015958695 0.178982357453337 0.237561039989442 0.312989045383412 0.22232623449567 0.159156470705262 0.119291070211316 0.132900177200236 0.377147646319318 0.360668185269552 0.202652910832719 0.180577849117175 0.134798838656159 0.310842932894496 0.0731957253696384 0.163339382940109
"where" 0.235902044484386 0.453001132502831 0.272754823719568 0.296982656212877 0.150129657431418 0.271076172404446 0.0941872981700753 0.195331575349155 0.118976799524093 0.145595729191944 0.151356386075212 0.290806754221388 0.215583615645211 0.234686693264492 0.178982357453337 0.105582684439752 0.178850883076235 0.14041656915516 0.238734706057893 0.170415814587594 0.251033668044891 0.0558737253806398 0.227790432801822 0.147383935151069 0.160513643659711 0.228121111571962 0.292558054488938 0.19030888596106 0.14519056261343
"time" 0.348236351381712 0.320875802189505 0.242448732195171 0.522689474934664 0.136481506755835 0.203307129303334 0.242195909580194 0.244164469186444 0.16146851363984 0.109196796893958 0.1862847828618 0.234521575984991 0.277178934400986 0.176015019948369 0.204551265660956 0.237561039989442 0.268276324614353 0.17552071144395 0.129314632448025 0.136332651670075 0.132900177200236 0.125715882106439 0.151860288534548 0.0921149594694178 0.0802568218298555 0.0933222729158026 0.146279027244469 0.161030595813205 0.14519056261343
"let^s" 0.0786340148281285 0.0755001887504719 0.121224366097586 0.154430981230696 0.0955370547290842 0.271076172404446 0 0.0976657876745776 0.16146851363984 0.12132977432662 0.0116427989288625 0.0656660412757974 0.0615953187557746 0.0117343346632246 0.0852296940253984 0.0923848488847829 0.178850883076235 0.538263515094781 0.228787426638814 0.477164280845262 0.590667454223272 0.139684313451599 0.0759301442672741 0.589535740604274 1.28410914927769 0.145167980091248 0.182848784055586 0.19030888596106 0.43557168784029
"over" 0.0674005841383959 0.113250283125708 0.0909182745731892 0.190068899976241 0.0682407533779173 0.17619951206289 0.0538213132400431 0.166031839046782 0.195461884932438 0.0849308420286338 0.162999185004075 0.121951219512195 0.123190637511549 0.0821403426425722 0.0426148470126992 0.250758875544411 0.335345405767941 0.549964895857711 0.149209191286183 0.187457396046353 0.103366804489073 0.446989803045118 0.341685649202733 0.276344878408254 0.240770465489567 0.207382828701783 0.091424392027793 0.307422046552481 0.961887477313975
"oh" 0.348236351381712 0.377500943752359 0.151530457621982 0.0118793062485151 0.450388972294254 1.11141230685823 0.148008611410118 0.0195331575349155 0.382425427041727 0.145595729191944 0.13971358714635 0.103189493433396 0.143722410430141 0.0117343346632246 0.0937526634279383 0.0527913422198759 0.178850883076235 0.10531242686637 0 0.0681663258350375 0.413467217956291 0.0139684313451599 0.113895216400911 0.423728813559322 0.220706260032103 0.176275404396516 0 0.146391450739277 0.417422867513612
"when" 0.112334306897326 0.169875424688562 0.161632488130114 0.249465431218817 0.204722260133752 0.108430468961778 0.215285252960172 0.244164469186444 0.144471827993541 0.12132977432662 0.174641983932937 0.168855534709193 0.195051842726619 0.164280685285144 0.298303929088895 0.250758875544411 0.290632684998882 0.17552071144395 0.149209191286183 0.119291070211316 0.206733608978145 0.0977790194161196 0.208807896735004 0.239498894620486 0.300963081861958 0.217751970136873 0.091424392027793 0.117113160591421 0.181488203266788
"an" 0.16850146034599 0.132125330313326 0.202040610162643 0.154430981230696 0.204722260133752 0.162645703442667 0.161463939720129 0.224631311651528 0.237953599048186 0.145595729191944 0.209570380719525 0.234521575984991 0.102658864592958 0.222952358601267 0.315349867893974 0.171571862214597 0.312989045383412 0.10531242686637 0.169103750124341 0.119291070211316 0.103366804489073 0.181589607487079 0.189825360668185 0.110537951363301 0.160513643659711 0.176275404396516 0.365697568111172 0.0878348704435661 0.127041742286751
"move" 0.0112334306897326 0.0755001887504719 0.0707142135569249 0.0118793062485151 0.0272963013511669 0.203307129303334 0.0672766415500538 0.0781326301396621 0.127475142347242 0.0970638194612958 0.0349283967865875 0.0656660412757974 0.123190637511549 0.0704060079793476 0.0511378164152391 0.013197835554969 0.201207243460765 0.585069038146501 0.387943897344076 0.255623721881391 0.531600708800945 0.237463332867719 0.0569476082004556 0.405305821665438 0.98314606741573 0.176275404396516 0.146279027244469 0.204948031034988 0.725952813067151
"can^t" 0.179734891035722 0.113250283125708 0.262652793211435 0.190068899976241 0.0955370547290842 0.352399024125779 0.0269106566200215 0.224631311651528 0.16996685646299 0.157728706624606 0.04657119571545 0.131332082551595 0.184785956267324 0.15254635062192 0.315349867893974 0.197967533324535 0.134138162307176 0.269131757547391 0.159156470705262 0.119291070211316 0.118133490844654 0.293337058248359 0.189825360668185 0.239498894620486 0.120385232744783 0.155537121526338 0.25598829767782 0.219587176108915 0.14519056261343
"did" 0.235902044484386 0.28312570781427 0.161632488130114 0.178189593727726 0.163777808107001 0.162645703442667 0.17491926803014 0.214864732884071 0.135973485170392 0.133462751759282 0.197927581790662 0.196998123827392 0.195051842726619 0.234686693264492 0.298303929088895 0.356341559984163 0.134138162307176 0.1170138076293 0.188998308962499 0.170415814587594 0.191966922622563 0.139684313451599 0.379650721336371 0.0921149594694178 0.0601926163723917 0.0829531314807134 0.0365697568111172 0.219587176108915 0.0725952813067151
"need" 0.21343518310492 0.151000377500944 0.0808162440650571 0.154430981230696 0.0409444520267504 0.121984277582001 0.148008611410118 0.117198945209493 0.195461884932438 0.0727978645959718 0.069856793573175 0.103189493433396 0.153988296889436 0.176015019948369 0.434671439529532 0.0791870133298139 0.0447127207690588 0.538263515094781 0.228787426638814 0.102249488752556 0.265800354400473 0.0419052940354798 0.265755504935459 0.221075902726603 0.341091492776886 0.12442969722107 0.201133662461145 0.0585565802957107 0.526315789473684
"man" 0.146034598966524 0.18875047187618 0.101020305081321 0.178189593727726 0.191074109458168 0.121984277582001 0.322927879440258 0.253931047953902 0.16996685646299 0.024265954865324 0.0349283967865875 0.075046904315197 0.143722410430141 0.445904717202535 0.136367510440638 0.0659891777748449 0.245919964229823 0.21062485373274 0.109420073609868 0.102249488752556 0.132900177200236 0.11174745076128 0.113895216400911 0.497420781134856 0.321027287319422 0.145167980091248 0.12799414883891 0.204948031034988 0.562613430127042
"who" 0.146034598966524 0.132125330313326 0.14142842711385 0.190068899976241 0.573222328374505 0.17619951206289 0.282561894510226 0.156265260279324 0.0934817710546443 0.291191458383887 0.2794271742927 0.159474671669794 0.236115388563802 0.269889697254166 0.102275632830478 0.0527913422198759 0.201207243460765 0.0819096653405102 0.198945588381578 0.119291070211316 0.177200236266982 0.223494901522559 0.0759301442672741 0.128960943257185 0.140449438202247 0.12442969722107 0.219418540866703 0.0585565802957107 0.0907441016333938
"been" 0.190968321725455 0.0755001887504719 0.222244671178907 0.201948206224756 0.0955370547290842 0.162645703442667 0.363293864370291 0.166031839046782 0.16996685646299 0.12132977432662 0.23285597857725 0.178236397748593 0.123190637511549 0.129077681295471 0.0852296940253984 0.237561039989442 0.380058126537 0.0936110461034402 0.328260220829603 0.170415814587594 0.1624335499114 0.11174745076128 0.151860288534548 0.276344878408254 0.160513643659711 0.134798838656159 0.091424392027793 0.234226321182843 0.0725952813067151
"hey" 0.202201752415188 0.0943752359380898 0.0909182745731892 0.106913756236636 0 0.840336134453782 0 0.214864732884071 0.144471827993541 0.024265954865324 0.0116427989288625 0.0187617260787993 0.0205317729185915 0.0117343346632246 0.102275632830478 0 0.223563603845294 0.12871518839223 0.17905102954342 0.357873210633947 0.531600708800945 0.0838105880709596 0.0569476082004556 0.718496683861459 0.401284109149278 0.0933222729158026 0.0548546352166758 0.175669740887132 0.834845735027223
"some" 0.134801168276792 0.169875424688562 0.191938579654511 0.0712758374910905 0.0818889040535007 0.135538086202223 0.121097954790097 0.17579841781424 0.144471827993541 0.0849308420286338 0.23285597857725 0.112570356472795 0.0923929781336618 0.0821403426425722 0.119321571635558 0.277154546654349 0.290632684998882 0.19892347296981 0.238734706057893 0.238582140422631 0.265800354400473 0.265400195558039 0.151860288534548 0.294767870302137 0.381219903691814 0.342181667357943 0.0548546352166758 0.161030595813205 0.0907441016333938
"okay" 0.359469782071445 0.0943752359380898 0.121224366097586 0.261344737467332 0 0.379506641366224 0 0.0683660513722043 0.195461884932438 0.0970638194612958 0 0 0 0.0117343346632246 0.161936418648257 0.26395671109938 0.178850883076235 0.444652468991341 0.407838456182234 0.221540558963872 0.6497341996456 0.139684313451599 0.113895216400911 0.202652910832719 0.120385232744783 0 0 0.131752305665349 0.526315789473684
"why" 0.21343518310492 0.18875047187618 0.0808162440650571 0.285103349964362 0.0818889040535007 0.135538086202223 0.188374596340151 0.205098154116613 0.127475142347242 0.18199466148993 0.0931423914309 0.121951219512195 0.195051842726619 0.129077681295471 0.349441745504134 0.184769697769566 0.178850883076235 0.15211794991809 0.139261911867104 0.153374233128834 0.132900177200236 0.125715882106439 0.626423690205011 0.0736919675755343 0.0601926163723917 0.12442969722107 0.182848784055586 0.131752305665349 0.127041742286751
"look" 0.112334306897326 0.339750849377123 0.181836549146378 0.392017106200998 0.191074109458168 0.284629981024668 0.0807319698600646 0.126965523976951 0.229455256225036 0.18199466148993 0.116427989288625 0.234521575984991 0.164254183348732 0.0938746773057968 0.170459388050797 0.0791870133298139 0.201207243460765 0.1170138076293 0.119367353028947 0.204498977505112 0.103366804489073 0.0838105880709596 0.189825360668185 0.239498894620486 0.220706260032103 0.165906262961427 0.146279027244469 0.146391450739277 0.0362976406533575
"way" 0.202201752415188 0.132125330313326 0.131326396605718 0.142551674982181 0.0272963013511669 0.29818378964489 0.0807319698600646 0.0878992089071198 0.229455256225036 0.157728706624606 0.162999185004075 0.300187617260788 0.195051842726619 0.0821403426425722 0.281257990283815 0.13197835554969 0.178850883076235 0.17552071144395 0.0795782353526311 0.153374233128834 0.191966922622563 0.0698421567257997 0.417615793470008 0.0736919675755343 0.160513643659711 0.197013687266694 0.0731395136222344 0.146391450739277 0.127041742286751
"i^ll" 0.146034598966524 0.132125330313326 0.202040610162643 0.403896412449513 0.109185205404668 0.135538086202223 0.0807319698600646 0.439496044535599 0.212458570578737 0.0727978645959718 0.04657119571545 0.0562851782363977 0.0821270916743661 0.129077681295471 0.127844541038098 0.277154546654349 0 0.21062485373274 0.159156470705262 0.153374233128834 0.206733608978145 0.153652744796759 0.170842824601367 0.0921149594694178 0.0802568218298555 0.217751970136873 0.0731395136222344 0.0585565802957107 0.326678765880218
"has" 0.123567737587059 0.18875047187618 0.222244671178907 0.118793062485151 0.163777808107001 0.162645703442667 0.269106566200215 0.146498681511866 0.0764850854083454 0.169861684057268 0.349283967865875 0.375234521575985 0.33877425315676 0.140812015958695 0.161936418648257 0.158374026659628 0.0894254415381176 0.0351041422887901 0.0596836765144733 0.187457396046353 0.0590667454223272 0.167621176141919 0.0569476082004556 0.0552689756816507 0.0200642054574639 0.0829531314807134 0.219418540866703 0.19030888596106 0.0907441016333938
"then" 0.235902044484386 0.226500566251416 0.0707142135569249 0.106913756236636 0.245666712160502 0.108430468961778 0.269106566200215 0.195331575349155 0.135973485170392 0.303324435816549 0.13971358714635 0.196998123827392 0.123190637511549 0.117343346632246 0.119321571635558 0.158374026659628 0.201207243460765 0.15211794991809 0.0895255147717099 0.0511247443762781 0.147666863555818 0.0977790194161196 0.417615793470008 0.0736919675755343 0.140449438202247 0.155537121526338 0.219418540866703 0.0878348704435661 0.0181488203266788
"were" 0.101100876207594 0.245375613439034 0.161632488130114 0.0950344499881207 0.177425958782585 0.108430468961778 0.201829924650161 0.126965523976951 0.0934817710546443 0.194127638922592 0.174641983932937 0.206378986866792 0.174520069808028 0.15254635062192 0.221597204466036 0.171571862214597 0.290632684998882 0.0585069038146501 0.248681985476972 0.27266530334015 0.103366804489073 0.0698421567257997 0.151860288534548 0.128960943257185 0.0601926163723917 0.186644545831605 0.182848784055586 0.0731957253696384 0.0544464609800363
"would" 0.146034598966524 0.207625519063798 0.131326396605718 0.130672368733666 0.0955370547290842 0.108430468961778 0.309472551130248 0.234397890418986 0.16146851363984 0.206260616355254 0.23285597857725 0.25328330206379 0.307976593778873 0.15254635062192 0.144890479843177 0.145176191104659 0.134138162307176 0.0351041422887901 0.188998308962499 0.0511247443762781 0.118133490844654 0.0698421567257997 0.284738041002278 0.0921149594694178 0.0601926163723917 0.0829531314807134 0.182848784055586 0.0146391450739277 0
"or" 0.190968321725455 0.132125330313326 0.202040610162643 0.130672368733666 0.136481506755835 0.094876660341556 0.201829924650161 0.146498681511866 0.144471827993541 0.169861684057268 0.128070788217487 0.131332082551595 0.0923929781336618 0.15254635062192 0.102275632830478 0.158374026659628 0.178850883076235 0.14041656915516 0.169103750124341 0.238582140422631 0.206733608978145 0.181589607487079 0.0949126803340926 0.147383935151069 0.220706260032103 0.165906262961427 0.12799414883891 0.146391450739277 0.14519056261343
"more" 0.235902044484386 0.113250283125708 0.262652793211435 0.0475172249940603 0.163777808107001 0.0813228517213337 0.242195909580194 0.185564996581697 0.152970170816691 0.145595729191944 0.128070788217487 0.178236397748593 0.225849502104507 0.15254635062192 0.187505326855877 0.118780519994721 0.0894254415381176 0.0936110461034402 0.119367353028947 0.153374233128834 0.118133490844654 0.0698421567257997 0.170842824601367 0.110537951363301 0.0601926163723917 0.176275404396516 0.091424392027793 0.146391450739277 0.181488203266788
"by" 0.123567737587059 0.0755001887504719 0.262652793211435 0.0593965312425754 0.245666712160502 0.0677690431011114 0.107642626480086 0.107432366442035 0.0679867425851959 0.0849308420286338 0.302712772150425 0.168855534709193 0.164254183348732 0.305092701243839 0.127844541038098 0.118780519994721 0.156494522691706 0.0585069038146501 0.139261911867104 0.0511247443762781 0.118133490844654 0.0698421567257997 0.13287775246773 0.25792188651437 0.220706260032103 0.134798838656159 0.0548546352166758 0.292782901478554 0.29038112522686
"what^s" 0.224668613794653 0.132125330313326 0.121224366097586 0.130672368733666 0.0818889040535007 0.17619951206289 0.0269106566200215 0.312530520558648 0.127475142347242 0.133462751759282 0.0814995925020375 0.0656660412757974 0.0923929781336618 0.140812015958695 0.170459388050797 0.0923848488847829 0.178850883076235 0.1170138076293 0.198945588381578 0.102249488752556 0.265800354400473 0.139684313451599 0.0379650721336371 0.0368459837877671 0.180577849117175 0.197013687266694 0.201133662461145 0.19030888596106 0.181488203266788
"had" 0.179734891035722 0.169875424688562 0.171734518638246 0.166310287479211 0.122833356080251 0.0677690431011114 0.148008611410118 0.166031839046782 0.186963542109289 0.157728706624606 0.197927581790662 0.112570356472795 0.112924751052253 0.105609011969021 0.153413449245717 0.290352382209318 0.0894254415381176 0.0351041422887901 0.218840147219735 0.153374233128834 0.221500295333727 0.0419052940354798 0.151860288534548 0.184229918938836 0.0601926163723917 0.062214848610535 0.146279027244469 0.175669740887132 0.0544464609800363
"let" 0.190968321725455 0.132125330313326 0.111122335589453 0.201948206224756 0.109185205404668 0.121984277582001 0.161463939720129 0.234397890418986 0.16146851363984 0.0970638194612958 0.197927581790662 0.187617260787992 0.143722410430141 0.0821403426425722 0.161936418648257 0.158374026659628 0.156494522691706 0.10531242686637 0.0696309559335522 0.102249488752556 0.1624335499114 0.11174745076128 0.0189825360668185 0.0921149594694178 0.0802568218298555 0.12442969722107 0.146279027244469 0.161030595813205 0.217785843920145
"could" 0.224668613794653 0.0566251415628539 0.191938579654511 0.106913756236636 0.218370410809335 0.162645703442667 0.161463939720129 0.126965523976951 0.0849834282314949 0.145595729191944 0.151356386075212 0.121951219512195 0.153988296889436 0.0821403426425722 0.144890479843177 0.211165368879504 0.447127207690588 0.0468055230517201 0.159156470705262 0.153374233128834 0.147666863555818 0.0838105880709596 0.151860288534548 0.165806927044952 0.100321027287319 0.165906262961427 0.0365697568111172 0.0731957253696384 0.0181488203266788
"give" 0.123567737587059 0.169875424688562 0.0505101525406607 0.118793062485151 0.0545926027023338 0.121984277582001 0.255651237890204 0.234397890418986 0.144471827993541 0.12132977432662 0.151356386075212 0.121951219512195 0.143722410430141 0.117343346632246 0.0596607858177789 0.197967533324535 0.111781801922647 0.1170138076293 0.129314632448025 0.0681663258350375 0.118133490844654 0.167621176141919 0.13287775246773 0.165806927044952 0.100321027287319 0.155537121526338 0.237703419272262 0.175669740887132 0.217785843920145
"make" 0.0898674455178612 0.0377500943752359 0.151530457621982 0.118793062485151 0.204722260133752 0.0406614258606668 0.0941872981700753 0.312530520558648 0.118976799524093 0.169861684057268 0.069856793573175 0.159474671669794 0.0923929781336618 0.129077681295471 0.110798602233018 0.145176191104659 0.111781801922647 0.12871518839223 0.129314632448025 0.204498977505112 0.177200236266982 0.125715882106439 0.13287775246773 0.221075902726603 0.160513643659711 0.12442969722107 0.12799414883891 0.161030595813205 0.0907441016333938
"two" 0.0786340148281285 0.0377500943752359 0.14142842711385 0.0950344499881207 0.0818889040535007 0.0542152344808891 0.121097954790097 0.0683660513722043 0.101980113877794 0.109196796893958 0.04657119571545 0.140712945590994 0.0513294322964788 0.140812015958695 0.0852296940253984 0.0659891777748449 0.111781801922647 0.245728996021531 0.129314632448025 0.170415814587594 0.206733608978145 0.167621176141919 0.0949126803340926 0.0552689756816507 0.100321027287319 0.238490253007051 0.091424392027793 0.19030888596106 0.961887477313975
"tell" 0.179734891035722 0.151000377500944 0.111122335589453 0.178189593727726 0.191074109458168 0.162645703442667 0.148008611410118 0.273464205488817 0.118976799524093 0.145595729191944 0.116427989288625 0.0844277673545966 0.153988296889436 0.0938746773057968 0.161936418648257 0.171571862214597 0.0447127207690588 0.17552071144395 0.0795782353526311 0.0511247443762781 0.206733608978145 0.0838105880709596 0.0759301442672741 0.0736919675755343 0.0802568218298555 0.217751970136873 0.091424392027793 0.0731957253696384 0.0725952813067151
"her" 0.101100876207594 0.0755001887504719 0.212142640670775 0.332620574958422 0.259314862836086 0.0271076172404446 0.148008611410118 0.244164469186444 0.314438684456531 0.0485319097306479 0.0349283967865875 0.112570356472795 0.133456523970845 0.211218023938043 0.272735020881275 0.0791870133298139 0.0223563603845294 0.0234027615258601 0.00994727941907888 0 0 0.167621176141919 0.151860288534548 0.128960943257185 0.0601926163723917 0.176275404396516 0.164563905650027 0.0585565802957107 0.0181488203266788
"off" 0.157268029656257 0.113250283125708 0.161632488130114 0.130672368733666 0.204722260133752 0.0813228517213337 0.0269106566200215 0.107432366442035 0.0764850854083454 0.169861684057268 0.162999185004075 0.0656660412757974 0.0923929781336618 0.140812015958695 0.0596607858177789 0.0659891777748449 0.178850883076235 0.12871518839223 0.198945588381578 0.102249488752556 0.118133490844654 0.265400195558039 0.0949126803340926 0.128960943257185 0.160513643659711 0.176275404396516 0.091424392027793 0.38061777192212 0.181488203266788
"too" 0.21343518310492 0.132125330313326 0.222244671178907 0.142551674982181 0.0409444520267504 0.108430468961778 0.148008611410118 0.185564996581697 0.0849834282314949 0.12132977432662 0.1862847828618 0.24390243902439 0.102658864592958 0.140812015958695 0.0767067246228586 0.13197835554969 0.0447127207690588 0.16381933068102 0.0795782353526311 0.119291070211316 0.0886001181334908 0.237463332867719 0.170842824601367 0.0736919675755343 0.180577849117175 0.0518457071754459 0.164563905650027 0.131752305665349 0.0725952813067151
"gonna" 0.314536059312514 0.0377500943752359 0.0303060915243964 0 0.0409444520267504 0.257522363784223 0 0.00976657876745776 0 0.0727978645959718 0.0116427989288625 0.00938086303939963 0.0102658864592958 0.0469373386528984 0.426148470126992 0 0.35770176615247 0 0.377996617924998 0.27266530334015 0.3248670998228 0.0139684313451599 0.0189825360668185 0.184229918938836 0.321027287319422 0.197013687266694 0 0.117113160591421 0.671506352087114
"only" 0.179734891035722 0.207625519063798 0.232346701687039 0.0593965312425754 0.0955370547290842 0.094876660341556 0.201829924650161 0.0781326301396621 0.152970170816691 0.206260616355254 0.151356386075212 0.159474671669794 0.153988296889436 0.129077681295471 0.161936418648257 0.105582684439752 0.201207243460765 0.0468055230517201 0.0497363970953944 0.136332651670075 0.118133490844654 0.181589607487079 0.0759301442672741 0.0368459837877671 0.0802568218298555 0.114060555785981 0.237703419272262 0.117113160591421 0.0544464609800363
"keep" 0.0337002920691979 0.0755001887504719 0.0303060915243964 0.106913756236636 0.0818889040535007 0.0271076172404446 0.0134553283100108 0.0683660513722043 0.280445313163933 0.109196796893958 0.116427989288625 0.150093808630394 0.0615953187557746 0.105609011969021 0.110798602233018 0.145176191104659 0.0447127207690588 0.15211794991809 0.188998308962499 0.306748466257669 0.280567040756054 0.0977790194161196 0.0759301442672741 0.294767870302137 0.441412520064205 0.165906262961427 0.146279027244469 0.0731957253696384 0.14519056261343
"never" 0.157268029656257 0.0943752359380898 0.111122335589453 0.237586124970302 0.0682407533779173 0.108430468961778 0.0941872981700753 0.224631311651528 0.144471827993541 0.218393593787916 0.197927581790662 0.0938086303939962 0.195051842726619 0.15254635062192 0.196028296258416 0.171571862214597 0 0.0585069038146501 0.0994727941907888 0.102249488752556 0.073833431777909 0.0838105880709596 0.151860288534548 0.0736919675755343 0.100321027287319 0.0829531314807134 0.12799414883891 0.102474015517494 0
"say" 0.179734891035722 0.0943752359380898 0.0707142135569249 0.190068899976241 0.259314862836086 0.162645703442667 0.0941872981700753 0.156265260279324 0.0764850854083454 0.0970638194612958 0.0931423914309 0.178236397748593 0.133456523970845 0.117343346632246 0.0767067246228586 0.145176191104659 0.0894254415381176 0.18722209220688 0.109420073609868 0.119291070211316 0.0886001181334908 0.139684313451599 0.170842824601367 0.0736919675755343 0.120385232744783 0.176275404396516 0.0548546352166758 0.131752305665349 0.108892921960073
"must" 0.0449337227589306 0.0943752359380898 0.232346701687039 0.0593965312425754 0.286611164187253 0.0677690431011114 0.188374596340151 0.0878992089071198 0.0849834282314949 0.157728706624606 0.337641168937012 0.365853658536585 0.318242480238169 0.187749354611594 0.0596607858177789 0.0527913422198759 0.0223563603845294 0.0468055230517201 0.0298418382572366 0.0170415814587594 0.103366804489073 0.153652744796759 0.0759301442672741 0.110537951363301 0 0.062214848610535 0.0182848784055586 0.175669740887132 0
"there^s" 0.134801168276792 0.113250283125708 0.161632488130114 0.118793062485151 0.109185205404668 0.189753320683112 0.0403659849300323 0.0976657876745776 0.263448627517634 0.145595729191944 0.0931423914309 0.150093808630394 0.112924751052253 0.187749354611594 0.110798602233018 0.105582684439752 0.134138162307176 0.10531242686637 0.0795782353526311 0.0852079072937969 0.147666863555818 0.153652744796759 0.113895216400911 0.0184229918938836 0.120385232744783 0.145167980091248 0 0.102474015517494 0.199637023593466
"she" 0.101100876207594 0.0566251415628539 0.181836549146378 0.225706818721787 0.150129657431418 0.0271076172404446 0.0403659849300323 0.166031839046782 0.382425427041727 0.18199466148993 0.0582139946443125 0.0844277673545966 0.112924751052253 0.176015019948369 0.315349867893974 0.0791870133298139 0 0 0.0795782353526311 0.0170415814587594 0.0295333727111636 0.125715882106439 0.170842824601367 0.0552689756816507 0.0200642054574639 0.155537121526338 0.201133662461145 0.043917435221783 0
"men" 0 0.132125330313326 0.0202040610162643 0 0.0409444520267504 0.0406614258606668 0.215285252960172 0.0976657876745776 0.0594883997620464 0.012132977432662 0.162999185004075 0.328330206378987 0.287444820860281 0.187749354611594 0.0255689082076195 0 0.0223563603845294 0.17552071144395 0.248681985476972 0.187457396046353 0.1624335499114 0.0419052940354798 0.0189825360668185 0.128960943257185 0.0401284109149278 0.145167980091248 0.347412689705613 0.365978626848192 0.0181488203266788
"mr" 0.101100876207594 0.0943752359380898 0 0.0475172249940603 0 0.0813228517213337 0 0.0488328938372888 0.441913826803773 0.206260616355254 0.116427989288625 0.206378986866792 0.277178934400986 0.293358366580615 0.357964714906673 0.461924244423914 0 0.0234027615258601 0 0.0170415814587594 0 0.0139684313451599 0 0.0184229918938836 0 0.0311074243052675 0 0.0146391450739277 0
"fire" 0.0449337227589306 0.0566251415628539 0.0808162440650571 0.0237586124970302 0.0272963013511669 0 0 0 0.0424917141157474 0.0363989322979859 0.0582139946443125 0.075046904315197 0.0821270916743661 0.0938746773057968 0 0.026395671109938 0.0447127207690588 0.21062485373274 0.288471103153288 0.187457396046353 0.413467217956291 0.307305489593519 0.0379650721336371 0.331613854089904 0.501605136436597 0.176275404396516 0.219418540866703 0.161030595813205 0.254083484573503
"into" 0.0561671534486632 0.0377500943752359 0.161632488130114 0.154430981230696 0.204722260133752 0.0813228517213337 0.0403659849300323 0.0683660513722043 0.110478456700943 0.133462751759282 0.244498777506112 0.178236397748593 0.164254183348732 0.117343346632246 0.221597204466036 0.105582684439752 0.111781801922647 0.0585069038146501 0.0795782353526311 0.204498977505112 0.0443000590667454 0.0419052940354798 0.0379650721336371 0.128960943257185 0.120385232744783 0.12442969722107 0.0365697568111172 0.0731957253696384 0.108892921960073
"they^re" 0.0898674455178612 0.245375613439034 0.202040610162643 0.0593965312425754 0.0682407533779173 0.162645703442667 0.0403659849300323 0.0878992089071198 0.110478456700943 0.0970638194612958 0.04657119571545 0.0938086303939962 0.0615953187557746 0.129077681295471 0.119321571635558 0.0659891777748449 0.134138162307176 0.21062485373274 0.149209191286183 0.187457396046353 0.1624335499114 0.0838105880709596 0.0759301442672741 0.184229918938836 0.0802568218298555 0.12442969722107 0 0.234226321182843 0.14519056261343
"any" 0.0674005841383959 0.0755001887504719 0.212142640670775 0.0831551437396056 0.0545926027023338 0.0677690431011114 0.0538213132400431 0.0878992089071198 0.152970170816691 0.12132977432662 0.0814995925020375 0.0375234521575985 0.0718612052150703 0.140812015958695 0.110798602233018 0.158374026659628 0.245919964229823 0.0351041422887901 0.169103750124341 0.221540558963872 0.251033668044891 0.139684313451599 0.0759301442672741 0.165806927044952 0.180577849117175 0.114060555785981 0.0182848784055586 0.161030595813205 0.127041742286751
"something" 0.134801168276792 0.18875047187618 0.171734518638246 0.166310287479211 0.0409444520267504 0.094876660341556 0.0403659849300323 0.117198945209493 0.0934817710546443 0.254792526085901 0.116427989288625 0.131332082551595 0.0821270916743661 0.058671673316123 0.247166112673656 0.158374026659628 0.111781801922647 0.10531242686637 0.119367353028947 0.0511247443762781 0.0443000590667454 0.0698421567257997 0.170842824601367 0.0736919675755343 0.0601926163723917 0.0933222729158026 0.109709270433352 0.117113160591421 0.0362976406533575
"i^ve" 0.0898674455178612 0.113250283125708 0.242448732195171 0.154430981230696 0.109185205404668 0.121984277582001 0.0941872981700753 0.107432366442035 0.144471827993541 0.206260616355254 0.116427989288625 0.0562851782363977 0.0615953187557746 0.15254635062192 0.102275632830478 0.13197835554969 0 0.0585069038146501 0.129314632448025 0.0340831629175187 0.0886001181334908 0.153652744796759 0.0949126803340926 0.0184229918938836 0.160513643659711 0.176275404396516 0.0182848784055586 0.204948031034988 0.0544464609800363
"find" 0.123567737587059 0.245375613439034 0.0909182745731892 0.0712758374910905 0.136481506755835 0.149091894822445 0.0672766415500538 0.0781326301396621 0.101980113877794 0.12132977432662 0.128070788217487 0.131332082551595 0.112924751052253 0.105609011969021 0.161936418648257 0.039593506664907 0.178850883076235 0.0585069038146501 0.198945588381578 0.119291070211316 0.1624335499114 0.0419052940354798 0.0759301442672741 0.0552689756816507 0.140449438202247 0.134798838656159 0.0365697568111172 0.0731957253696384 0.0907441016333938
"very" 0.0786340148281285 0.28312570781427 0.0909182745731892 0.118793062485151 0.245666712160502 0.0542152344808891 0.17491926803014 0.146498681511866 0.118976799524093 0.157728706624606 0.162999185004075 0.140712945590994 0.195051842726619 0.105609011969021 0.136367510440638 0.316748053319256 0.0670690811535882 0.01170138076293 0.0198945588381578 0.0852079072937969 0.0147666863555818 0.0558737253806398 0.113895216400911 0 0.0200642054574639 0.0518457071754459 0.0731395136222344 0.0878348704435661 0.0181488203266788
"hold" 0.0561671534486632 0.0377500943752359 0.131326396605718 0.0237586124970302 0.0409444520267504 0.0677690431011114 0.161463939720129 0.039066315069831 0.220956913401887 0.012132977432662 0.116427989288625 0.168855534709193 0.133456523970845 0.058671673316123 0.0340918776101594 0.039593506664907 0.0223563603845294 0.280833138310321 0.208892867800657 0.0852079072937969 0.073833431777909 0.0698421567257997 0.0189825360668185 0.202652910832719 0.240770465489567 0.114060555785981 0.0182848784055586 0.161030595813205 0.14519056261343
"little" 0.112334306897326 0.0566251415628539 0.14142842711385 0.130672368733666 0.0272963013511669 0.162645703442667 0.107642626480086 0.0976657876745776 0.144471827993541 0.109196796893958 0.13971358714635 0.178236397748593 0.0718612052150703 0.0352030039896738 0.0767067246228586 0.224363204434473 0.201207243460765 0.0702082845775802 0.119367353028947 0.0852079072937969 0.0590667454223272 0.125715882106439 0.170842824601367 0.0736919675755343 0.180577849117175 0.0829531314807134 0.0365697568111172 0 0
"should" 0.21343518310492 0.0377500943752359 0.121224366097586 0.0475172249940603 0.0272963013511669 0.0813228517213337 0.0941872981700753 0.136732102744409 0.0594883997620464 0.0849308420286338 0.209570380719525 0.131332082551595 0.123190637511549 0.117343346632246 0.178982357453337 0.145176191104659 0.0447127207690588 0.0936110461034402 0.109420073609868 0.0681663258350375 0.103366804489073 0.11174745076128 0.151860288534548 0.0184229918938836 0.0401284109149278 0.103691414350892 0.146279027244469 0.0146391450739277 0.0181488203266788
"stay" 0.0786340148281285 0.0755001887504719 0.111122335589453 0.0237586124970302 0.0955370547290842 0.0542152344808891 0.148008611410118 0.0878992089071198 0.135973485170392 0.0363989322979859 0.116427989288625 0.0562851782363977 0.0513294322964788 0.0352030039896738 0.0596607858177789 0.224363204434473 0.0670690811535882 0.1170138076293 0.328260220829603 0.0852079072937969 0.147666863555818 0.0279368626903199 0.0949126803340926 0.110537951363301 0.140449438202247 0.165906262961427 0.201133662461145 0.0292782901478554 0.0725952813067151
"first" 0.0449337227589306 0.0943752359380898 0.0606121830487928 0.166310287479211 0.0545926027023338 0.108430468961778 0.0269106566200215 0.126965523976951 0.0679867425851959 0.18199466148993 0.0582139946443125 0.0281425891181989 0.0718612052150703 0.0938746773057968 0.110798602233018 0.13197835554969 0.0670690811535882 0.10531242686637 0.17905102954342 0.187457396046353 0.236266981689309 0.11174745076128 0.0379650721336371 0.0921149594694178 0.220706260032103 0.062214848610535 0.12799414883891 0.146391450739277 0.0725952813067151
"wait" 0.123567737587059 0.0943752359380898 0.14142842711385 0.154430981230696 0.0409444520267504 0.284629981024668 0.0941872981700753 0.17579841781424 0.297441998810232 0.109196796893958 0.04657119571545 0.0844277673545966 0.0102658864592958 0.0352030039896738 0.0511378164152391 0.0659891777748449 0.380058126537 0.1170138076293 0.0497363970953944 0.136332651670075 0.0886001181334908 0.0558737253806398 0.0379650721336371 0.110537951363301 0 0.0207382828701783 0.0731395136222344 0.0731957253696384 0
"am" 0.157268029656257 0.169875424688562 0.0808162440650571 0.106913756236636 0.327555616214003 0.135538086202223 0.148008611410118 0.0585994726047466 0.101980113877794 0.0970638194612958 0.13971358714635 0.121951219512195 0.0513294322964788 0.0821403426425722 0.0937526634279383 0.0527913422198759 0.0223563603845294 0.0234027615258601 0.0198945588381578 0.0340831629175187 0.0443000590667454 0.237463332867719 0.170842824601367 0.0736919675755343 0.0601926163723917 0.0518457071754459 0.182848784055586 0.117113160591421 0.0181488203266788
"these" 0.0674005841383959 0.132125330313326 0.151530457621982 0.0475172249940603 0.122833356080251 0.0677690431011114 0.0538213132400431 0.0585994726047466 0.144471827993541 0.0849308420286338 0.116427989288625 0.140712945590994 0.0615953187557746 0.129077681295471 0.0937526634279383 0.039593506664907 0.134138162307176 0.12871518839223 0.109420073609868 0.170415814587594 0.0443000590667454 0.139684313451599 0.0759301442672741 0.128960943257185 0.0802568218298555 0.114060555785981 0.109709270433352 0.0731957253696384 0.0544464609800363
"didn^t" 0.146034598966524 0.018875047187618 0.121224366097586 0.142551674982181 0.122833356080251 0.0406614258606668 0.0672766415500538 0.126965523976951 0.0849834282314949 0.12132977432662 0.0582139946443125 0.0469043151969981 0.041063545837183 0.15254635062192 0.110798602233018 0.171571862214597 0.0223563603845294 0.0819096653405102 0.169103750124341 0.221540558963872 0.177200236266982 0.0698421567257997 0.170842824601367 0.0184229918938836 0.0200642054574639 0.0414765657403567 0.0548546352166758 0.117113160591421 0.0725952813067151
"help" 0.0674005841383959 0.132125330313326 0.171734518638246 0.0831551437396056 0.0682407533779173 0.17619951206289 0.0807319698600646 0.107432366442035 0.246451941871335 0.0849308420286338 0.0582139946443125 0.0562851782363977 0.102658864592958 0.0234686693264492 0.0511378164152391 0.013197835554969 0.0894254415381176 0.10531242686637 0.228787426638814 0.102249488752556 0.073833431777909 0.0558737253806398 0.13287775246773 0.0368459837877671 0.160513643659711 0.062214848610535 0.12799414883891 0.0292782901478554 0.0544464609800363
"kill" 0.16850146034599 0.0566251415628539 0.0202040610162643 0 0.0682407533779173 0.0135538086202223 1.02260495156082 0.117198945209493 0.00849834282314949 0.0970638194612958 0.0349283967865875 0.131332082551595 0.133456523970845 0.0704060079793476 0.0596607858177789 0.013197835554969 0.111781801922647 0.0234027615258601 0.0298418382572366 0.0170415814587594 0 0.307305489593519 0.0569476082004556 0.0736919675755343 0.0401284109149278 0.0311074243052675 0.091424392027793 0 0.0362976406533575
"please" 0.123567737587059 0.113250283125708 0.0202040610162643 0.166310287479211 0.204722260133752 0.162645703442667 0.121097954790097 0.126965523976951 0.399422112688026 0.133462751759282 0.04657119571545 0.0562851782363977 0.0102658864592958 0.0938746773057968 0.0937526634279383 0.118780519994721 0.0223563603845294 0 0.00994727941907888 0.0170415814587594 0.0295333727111636 0 0.13287775246773 0.0368459837877671 0.0601926163723917 0.062214848610535 0.0731395136222344 0.0878348704435661 0.0907441016333938
"again" 0.112334306897326 0.113250283125708 0.0505101525406607 0.106913756236636 0.122833356080251 0.0542152344808891 0.282561894510226 0.107432366442035 0.0679867425851959 0.157728706624606 0.0814995925020375 0.0375234521575985 0.133456523970845 0.0821403426425722 0.0767067246228586 0.0527913422198759 0.0223563603845294 0.16381933068102 0.0795782353526311 0.0511247443762781 0.0886001181334908 0.0558737253806398 0.0569476082004556 0.0552689756816507 0.0401284109149278 0.0725839900456242 0.182848784055586 0.146391450739277 0.0725952813067151
"doing" 0.112334306897326 0.0943752359380898 0.0303060915243964 0.118793062485151 0.0545926027023338 0.0813228517213337 0.0134553283100108 0.0292997363023733 0.144471827993541 0.0606648871633099 0.04657119571545 0.0562851782363977 0.0615953187557746 0.140812015958695 0.170459388050797 0.158374026659628 0.0894254415381176 0.10531242686637 0.188998308962499 0.153374233128834 0.206733608978145 0.0279368626903199 0.0949126803340926 0.0552689756816507 0.0601926163723917 0.0829531314807134 0.0731395136222344 0.043917435221783 0.127041742286751
"away" 0.0337002920691979 0.0755001887504719 0.0909182745731892 0.0237586124970302 0.327555616214003 0.121984277582001 0.0403659849300323 0.0781326301396621 0.152970170816691 0.0606648871633099 0.04657119571545 0.0938086303939962 0.153988296889436 0.105609011969021 0.119321571635558 0.224363204434473 0.156494522691706 0.0702082845775802 0.0397891176763155 0.136332651670075 0.0295333727111636 0.125715882106439 0.0379650721336371 0 0.0802568218298555 0.0311074243052675 0.109709270433352 0.0292782901478554 0.0907441016333938
"before" 0.0674005841383959 0.0943752359380898 0.181836549146378 0.0475172249940603 0 0.121984277582001 0.107642626480086 0.0585994726047466 0.0254950284694485 0.157728706624606 0.069856793573175 0.103189493433396 0.123190637511549 0.105609011969021 0.161936418648257 0.13197835554969 0.0894254415381176 0.10531242686637 0.0994727941907888 0.0681663258350375 0.0590667454223272 0.0698421567257997 0.0759301442672741 0.0736919675755343 0.120385232744783 0.0518457071754459 0.0731395136222344 0.161030595813205 0.0544464609800363
"still" 0.134801168276792 0.132125330313326 0.0606121830487928 0.0593965312425754 0 0.0677690431011114 0.188374596340151 0.0683660513722043 0.0594883997620464 0.0727978645959718 0.13971358714635 0.121951219512195 0.0923929781336618 0.0821403426425722 0.136367510440638 0.0527913422198759 0.0894254415381176 0.12871518839223 0.109420073609868 0.102249488752556 0.0886001181334908 0.0698421567257997 0 0.0736919675755343 0.0601926163723917 0.103691414350892 0.182848784055586 0.043917435221783 0.14519056261343
"those" 0.0674005841383959 0 0.151530457621982 0.0712758374910905 0.0682407533779173 0.0542152344808891 0.0538213132400431 0.039066315069831 0.0679867425851959 0.0849308420286338 0.04657119571545 0.103189493433396 0.102658864592958 0.0938746773057968 0.0767067246228586 0.026395671109938 0.178850883076235 0.0585069038146501 0.129314632448025 0.0681663258350375 0.147666863555818 0.0558737253806398 0.0189825360668185 0.25792188651437 0.140449438202247 0.155537121526338 0 0.219587176108915 0.0362976406533575
"long" 0.0786340148281285 0.0566251415628539 0.111122335589453 0.0356379187455453 0.0136481506755835 0.0406614258606668 0.107642626480086 0.0781326301396621 0.0594883997620464 0.024265954865324 0.209570380719525 0.26266416510319 0.123190637511549 0.129077681295471 0.0511378164152391 0.13197835554969 0.178850883076235 0.0936110461034402 0.0497363970953944 0.0511247443762781 0.0147666863555818 0.0838105880709596 0.0189825360668185 0.110537951363301 0 0.0518457071754459 0.0182848784055586 0.161030595813205 0.0362976406533575
"nothing" 0.101100876207594 0.169875424688562 0.0505101525406607 0.0712758374910905 0.0955370547290842 0.0271076172404446 0.0941872981700753 0.107432366442035 0.101980113877794 0.0849308420286338 0.0931423914309 0.103189493433396 0.133456523970845 0.0821403426425722 0.0937526634279383 0.158374026659628 0.156494522691706 0.15211794991809 0.109420073609868 0.0170415814587594 0.0590667454223272 0.0139684313451599 0.0569476082004556 0.0552689756816507 0.0200642054574639 0.0414765657403567 0.109709270433352 0.0585565802957107 0
"left" 0.0449337227589306 0.018875047187618 0.0404081220325285 0.0356379187455453 0.0136481506755835 0.108430468961778 0.0538213132400431 0.0195331575349155 0.0934817710546443 0.0727978645959718 0.0814995925020375 0.075046904315197 0.123190637511549 0.0938746773057968 0.0426148470126992 0.039593506664907 0.0894254415381176 0.0936110461034402 0.0298418382572366 0.187457396046353 0.191966922622563 0.11174745076128 0.13287775246773 0.147383935151069 0.120385232744783 0.217751970136873 0.0731395136222344 0.0878348704435661 0.14519056261343
"sure" 0.101100876207594 0.0943752359380898 0.14142842711385 0.0831551437396056 0.163777808107001 0.17619951206289 0 0.0976657876745776 0.0849834282314949 0.0727978645959718 0.04657119571545 0.00938086303939963 0.0102658864592958 0.0704060079793476 0.0596607858177789 0.171571862214597 0.0894254415381176 0.0936110461034402 0.0994727941907888 0.0852079072937969 0.118133490844654 0.0558737253806398 0.0569476082004556 0.0736919675755343 0.120385232744783 0.062214848610535 0.091424392027793 0.146391450739277 0.0181488203266788
"captain" 0.0898674455178612 0.018875047187618 0.0303060915243964 0 0 0 0 0.0488328938372888 0.0509900569388969 0.024265954865324 0.0116427989288625 0.0375234521575985 0.0205317729185915 0.363764374559962 0 0 0 0.12871518839223 0.109420073609868 0.187457396046353 0.0147666863555818 0.0139684313451599 0.208807896735004 0.0921149594694178 0.0601926163723917 0.570302778929905 0.25598829767782 0.0146391450739277 0.0725952813067151
"guys" 0.101100876207594 0.0377500943752359 0.0202040610162643 0.130672368733666 0 0.29818378964489 0 0.039066315069831 0.0509900569388969 0 0 0 0 0 0.00852296940253985 0 0.178850883076235 0.15211794991809 0.169103750124341 0.170415814587594 0.147666863555818 0.0419052940354798 0.0189825360668185 0.294767870302137 0.180577849117175 0.165906262961427 0.0182848784055586 0.117113160591421 0.399274047186933
"stop" 0.224668613794653 0.0566251415628539 0.0303060915243964 0.0712758374910905 0.218370410809335 0.149091894822445 0.0538213132400431 0.039066315069831 0.118976799524093 0.12132977432662 0.04657119571545 0.0469043151969981 0.041063545837183 0.0704060079793476 0.0426148470126992 0.0791870133298139 0.0447127207690588 0.0819096653405102 0.0596836765144733 0.0170415814587594 0.0443000590667454 0.0279368626903199 0.13287775246773 0.0368459837877671 0.120385232744783 0.0725839900456242 0.146279027244469 0.204948031034988 0.0907441016333938
"their" 0.0112334306897326 0.0566251415628539 0.14142842711385 0.0475172249940603 0.0272963013511669 0.0271076172404446 0.161463939720129 0.0488328938372888 0.016996685646299 0.0485319097306479 0.04657119571545 0.272045028142589 0.112924751052253 0.0352030039896738 0.0852296940253984 0.0659891777748449 0.134138162307176 0.0585069038146501 0.0895255147717099 0.170415814587594 0.1624335499114 0.0419052940354798 0.0379650721336371 0.221075902726603 0.0200642054574639 0.062214848610535 0.164563905650027 0.0292782901478554 0.0725952813067151
"we^ll" 0.0561671534486632 0.0377500943752359 0.131326396605718 0.0356379187455453 0.0545926027023338 0.0813228517213337 0.0134553283100108 0.107432366442035 0.101980113877794 0.0606648871633099 0.0116427989288625 0.0281425891181989 0.0307976593778873 0.0704060079793476 0.0937526634279383 0.039593506664907 0.156494522691706 0.234027615258601 0.0198945588381578 0.0852079072937969 0.0886001181334908 0.153652744796759 0.113895216400911 0.0921149594694178 0.0401284109149278 0.114060555785981 0.219418540866703 0.146391450739277 0.0907441016333938
"dead" 0.0786340148281285 0.0943752359380898 0.0707142135569249 0 0.150129657431418 0.0135538086202223 0.107642626480086 0.107432366442035 0.0339933712925979 0.0606648871633099 0.04657119571545 0.206378986866792 0.236115388563802 0.0938746773057968 0.0255689082076195 0.013197835554969 0.0894254415381176 0.0936110461034402 0.0596836765144733 0.0852079072937969 0.073833431777909 0.11174745076128 0.0759301442672741 0 0.0401284109149278 0.103691414350892 0.146279027244469 0.117113160591421 0
"thing" 0.112334306897326 0.0943752359380898 0.121224366097586 0.130672368733666 0.0409444520267504 0.094876660341556 0.0269106566200215 0.039066315069831 0.0679867425851959 0.12132977432662 0.04657119571545 0.075046904315197 0.0513294322964788 0.0352030039896738 0.0340918776101594 0.13197835554969 0.312989045383412 0.0702082845775802 0.109420073609868 0.0681663258350375 0.073833431777909 0.0838105880709596 0.0759301442672741 0.110537951363301 0.0802568218298555 0.0933222729158026 0.0731395136222344 0.0878348704435661 0.0544464609800363
"day" 0.0449337227589306 0.0377500943752359 0.0303060915243964 0.0712758374910905 0.0272963013511669 0.0135538086202223 0.188374596340151 0.166031839046782 0.0254950284694485 0.145595729191944 0.0931423914309 0.0938086303939962 0.123190637511549 0.211218023938043 0.0170459388050797 0.0527913422198759 0.0670690811535882 0.0234027615258601 0.0994727941907888 0.119291070211316 0.0295333727111636 0.167621176141919 0.0569476082004556 0.110537951363301 0.0401284109149278 0.0725839900456242 0.0548546352166758 0.175669740887132 0
"sorry" 0.146034598966524 0.169875424688562 0.0303060915243964 0.0950344499881207 0.136481506755835 0.094876660341556 0.0269106566200215 0.0683660513722043 0.135973485170392 0.12132977432662 0.069856793573175 0.0562851782363977 0.102658864592958 0.105609011969021 0.136367510440638 0.039593506664907 0.0447127207690588 0.0468055230517201 0.0596836765144733 0.0852079072937969 0.132900177200236 0.0139684313451599 0.0759301442672741 0.0552689756816507 0.0401284109149278 0.103691414350892 0.0182848784055586 0.0731957253696384 0
"thank" 0.0674005841383959 0.132125330313326 0.0404081220325285 0.0950344499881207 0.0955370547290842 0.162645703442667 0.0538213132400431 0.0878992089071198 0.016996685646299 0.0485319097306479 0.04657119571545 0.0281425891181989 0.0205317729185915 0.0821403426425722 0.0937526634279383 0.13197835554969 0 0.01170138076293 0.109420073609868 0.119291070211316 0.191966922622563 0.0279368626903199 0.113895216400911 0.110537951363301 0.200642054574639 0.114060555785981 0.0365697568111172 0.19030888596106 0.0725952813067151
"old" 0.0337002920691979 0.0566251415628539 0.222244671178907 0.106913756236636 0.122833356080251 0.0542152344808891 0.121097954790097 0.107432366442035 0.0594883997620464 0.0485319097306479 0.162999185004075 0.168855534709193 0.112924751052253 0.0704060079793476 0.0852296940253984 0.0527913422198759 0.0670690811535882 0 0.0696309559335522 0.0681663258350375 0.0147666863555818 0.0419052940354798 0.0379650721336371 0.0736919675755343 0.0802568218298555 0.0414765657403567 0.0365697568111172 0.102474015517494 0
"three" 0.0112334306897326 0.0943752359380898 0.0707142135569249 0.0118793062485151 0.245666712160502 0.0677690431011114 0.0672766415500538 0.0488328938372888 0.016996685646299 0.0727978645959718 0.04657119571545 0.0375234521575985 0.0205317729185915 0.117343346632246 0.0852296940253984 0.039593506664907 0.0447127207690588 0.14041656915516 0.0397891176763155 0.0852079072937969 0.147666863555818 0.11174745076128 0.208807896735004 0.0552689756816507 0.0601926163723917 0.0933222729158026 0.0731395136222344 0.117113160591421 0.308529945553539
"coming" 0.101100876207594 0.0566251415628539 0.14142842711385 0.0831551437396056 0.0409444520267504 0.108430468961778 0.0403659849300323 0.0683660513722043 0.0339933712925979 0.024265954865324 0.069856793573175 0.0562851782363977 0.0821270916743661 0.0234686693264492 0.0767067246228586 0.0923848488847829 0.0223563603845294 0.22232623449567 0.0596836765144733 0.102249488752556 0.0443000590667454 0.0419052940354798 0.0189825360668185 0.110537951363301 0.180577849117175 0.0829531314807134 0.091424392027793 0.0878348704435661 0.217785843920145
"said" 0.0898674455178612 0.0755001887504719 0.0707142135569249 0.0356379187455453 0.136481506755835 0.0135538086202223 0.107642626480086 0.117198945209493 0.0679867425851959 0.12132977432662 0.04657119571545 0.075046904315197 0 0.164280685285144 0.127844541038098 0.0923848488847829 0.0894254415381176 0.0585069038146501 0.109420073609868 0.102249488752556 0.103366804489073 0.0977790194161196 0.0569476082004556 0.0736919675755343 0.0401284109149278 0.0725839900456242 0.0365697568111172 0.0878348704435661 0
"god" 0.190968321725455 0.169875424688562 0.0101020305081321 0.142551674982181 0.136481506755835 0 0.0134553283100108 0.039066315069831 0.16996685646299 0.024265954865324 0 0 0 0.0234686693264492 0.0255689082076195 0.0791870133298139 0.111781801922647 0.01170138076293 0.129314632448025 0.0681663258350375 0.118133490844654 0.11174745076128 0.0189825360668185 0.165806927044952 0.200642054574639 0.207382828701783 0.0548546352166758 0.0878348704435661 0.127041742286751
"put" 0.0786340148281285 0.0755001887504719 0.0606121830487928 0.0831551437396056 0.0545926027023338 0.0135538086202223 0 0.0878992089071198 0.16996685646299 0.0849308420286338 0.04657119571545 0.0375234521575985 0.0205317729185915 0.0352030039896738 0.0596607858177789 0.0659891777748449 0.268276324614353 0.0819096653405102 0.0696309559335522 0.0511247443762781 0.0886001181334908 0.0558737253806398 0.13287775246773 0.0552689756816507 0.0401284109149278 0.238490253007051 0.091424392027793 0.131752305665349 0.0725952813067151
"frodo" 0 0 0 0 0 0 0 0 0 0 1.01292350681104 0.328330206378987 0.585155528179858 0 0 0 0 0 0 0 0 0 0 0 0 0 0 0 0
"home" 0.0898674455178612 0.0377500943752359 0.0505101525406607 0.0950344499881207 0.0272963013511669 0.108430468961778 0.188374596340151 0.039066315069831 0.0339933712925979 0.0363989322979859 0.0931423914309 0.075046904315197 0.0615953187557746 0 0.110798602233018 0.0527913422198759 0 0.0819096653405102 0.0596836765144733 0.0681663258350375 0.0590667454223272 0.0419052940354798 0.0949126803340926 0.110537951363301 0.100321027287319 0.228121111571962 0.310842932894496 0.0292782901478554 0
"much" 0.123567737587059 0.18875047187618 0.131326396605718 0.0712758374910905 0.136481506755835 0.0813228517213337 0.107642626480086 0.0585994726047466 0.0509900569388969 0 0.13971358714635 0.075046904315197 0.102658864592958 0.0704060079793476 0.0767067246228586 0.0923848488847829 0.0894254415381176 0.0585069038146501 0.0696309559335522 0.102249488752556 0.0443000590667454 0.125715882106439 0.0189825360668185 0.0552689756816507 0.0401284109149278 0.0518457071754459 0.0182848784055586 0.043917435221783 0.0181488203266788
"through" 0.0786340148281285 0.0755001887504719 0.101020305081321 0.0593965312425754 0.109185205404668 0.0271076172404446 0.0134553283100108 0.0292997363023733 0.0934817710546443 0.0485319097306479 0.0814995925020375 0.0844277673545966 0.0923929781336618 0 0.0681837552203188 0.0527913422198759 0.178850883076235 0.0936110461034402 0.119367353028947 0.102249488752556 0.147666863555818 0.0698421567257997 0.0759301442672741 0.128960943257185 0.0601926163723917 0.062214848610535 0.091424392027793 0.0878348704435661 0.0544464609800363
"father" 0.0561671534486632 0.0377500943752359 0.121224366097586 0.0593965312425754 0.136481506755835 0 0.538213132400431 0.273464205488817 0.00849834282314949 0.0727978645959718 0.0582139946443125 0.0656660412757974 0.0718612052150703 0.140812015958695 0.127844541038098 0 0 0 0.0198945588381578 0 0.0147666863555818 0 0.0569476082004556 0.0736919675755343 0.0601926163723917 0.0311074243052675 0.0365697568111172 0.0146391450739277 0
"people" 0.0449337227589306 0.113250283125708 0 0.0237586124970302 0.0545926027023338 0.0135538086202223 0.309472551130248 0.146498681511866 0.0764850854083454 0.0849308420286338 0.116427989288625 0.159474671669794 0.0513294322964788 0.0117343346632246 0.0511378164152391 0.13197835554969 0 0.0585069038146501 0.0596836765144733 0.0681663258350375 0.0443000590667454 0.167621176141919 0.113895216400911 0 0.0802568218298555 0.0207382828701783 0.109709270433352 0.043917435221783 0.0544464609800363
"shit" 0.0224668613794653 0.018875047187618 0 0.0475172249940603 0.0272963013511669 0 0 0 0.0849834282314949 0 0 0 0 0 0 0 0.0894254415381176 0.17552071144395 0.169103750124341 0.119291070211316 0.251033668044891 0.558737253806397 0.0569476082004556 0.313190862196021 0.240770465489567 0.0829531314807134 0.146279027244469 0 0.127041742286751
"leave" 0.0337002920691979 0.0943752359380898 0.0303060915243964 0.0712758374910905 0.150129657431418 0.0813228517213337 0.121097954790097 0.117198945209493 0.0509900569388969 0.0849308420286338 0.104785190359762 0.150093808630394 0.102658864592958 0.058671673316123 0.0511378164152391 0.105582684439752 0 0.0702082845775802 0 0.0340831629175187 0.0443000590667454 0.0838105880709596 0.151860288534548 0.0552689756816507 0 0.0725839900456242 0.219418540866703 0.0146391450739277 0
"really" 0.202201752415188 0.132125330313326 0.0909182745731892 0.118793062485151 0.0409444520267504 0.0677690431011114 0.0538213132400431 0.0195331575349155 0.0594883997620464 0.145595729191944 0.04657119571545 0.0469043151969981 0.0102658864592958 0.117343346632246 0.0511378164152391 0.211165368879504 0.0670690811535882 0.0936110461034402 0.119367353028947 0 0.0590667454223272 0.0698421567257997 0.0759301442672741 0.0921149594694178 0 0.0311074243052675 0.0365697568111172 0.0585565802957107 0
"anything" 0.0337002920691979 0.0755001887504719 0.0909182745731892 0.118793062485151 0.0409444520267504 0.0135538086202223 0.0269106566200215 0.156265260279324 0.110478456700943 0.0727978645959718 0.0582139946443125 0.0375234521575985 0.0307976593778873 0.0938746773057968 0.0426148470126992 0.197967533324535 0.156494522691706 0.0234027615258601 0.0596836765144733 0.136332651670075 0.0147666863555818 0.0558737253806398 0.113895216400911 0.0552689756816507 0.0401284109149278 0.062214848610535 0.0365697568111172 0.161030595813205 0.0181488203266788
"even" 0.134801168276792 0.0566251415628539 0.0808162440650571 0.0593965312425754 0.0409444520267504 0.0542152344808891 0.0403659849300323 0.126965523976951 0.0849834282314949 0.0606648871633099 0.0814995925020375 0.0844277673545966 0.0923929781336618 0.0469373386528984 0.110798602233018 0.013197835554969 0 0.0468055230517201 0.109420073609868 0.0340831629175187 0.0590667454223272 0.0977790194161196 0.0189825360668185 0.0184229918938836 0.0601926163723917 0.0933222729158026 0.12799414883891 0.102474015517494 0.0181488203266788
"mean" 0.0674005841383959 0.169875424688562 0.0404081220325285 0.0950344499881207 0.0955370547290842 0.162645703442667 0 0.0292997363023733 0.0509900569388969 0.12132977432662 0.069856793573175 0.0469043151969981 0.0615953187557746 0.0469373386528984 0.0937526634279383 0.0923848488847829 0.134138162307176 0.01170138076293 0.0298418382572366 0.0340831629175187 0.073833431777909 0.0558737253806398 0.0189825360668185 0.110537951363301 0.0601926163723917 0.103691414350892 0.0182848784055586 0.263504611330698 0.0181488203266788
"name" 0.0449337227589306 0.0377500943752359 0.0303060915243964 0.0831551437396056 0.232018561484919 0.0271076172404446 0.17491926803014 0.0781326301396621 0.0509900569388969 0.133462751759282 0.0349283967865875 0.112570356472795 0.0205317729185915 0.211218023938043 0.0340918776101594 0.039593506664907 0.0223563603845294 0.0234027615258601 0.0596836765144733 0.0511247443762781 0.118133490844654 0.153652744796759 0.0379650721336371 0.0184229918938836 0.0200642054574639 0.0518457071754459 0.109709270433352 0.0292782901478554 0
"hit" 0.0112334306897326 0.0377500943752359 0.0808162440650571 0.130672368733666 0 0.0135538086202223 0 0.0976657876745776 0.0594883997620464 0 0 0.0281425891181989 0.0205317729185915 0 0.00852296940253985 0 0 0.19892347296981 0.258629264896051 0.187457396046353 0.177200236266982 0.11174745076128 0.0379650721336371 0.110537951363301 0.200642054574639 0.114060555785981 0.0548546352166758 0.117113160591421 0.0362976406533575
"than" 0.112334306897326 0.0566251415628539 0.161632488130114 0.0356379187455453 0.0545926027023338 0.0677690431011114 0.148008611410118 0.0781326301396621 0.0424917141157474 0.0849308420286338 0.116427989288625 0.103189493433396 0.0923929781336618 0.0704060079793476 0.136367510440638 0.039593506664907 0.0447127207690588 0.0585069038146501 0.0198945588381578 0.0340831629175187 0.0147666863555818 0.0698421567257997 0 0.0368459837877671 0.0401284109149278 0.062214848610535 0.0731395136222344 0.0585565802957107 0
"life" 0.202201752415188 0.0755001887504719 0.0606121830487928 0.201948206224756 0.0545926027023338 0.0271076172404446 0.148008611410118 0.0683660513722043 0.0509900569388969 0.0606648871633099 0.13971358714635 0.103189493433396 0.0923929781336618 0.0821403426425722 0.0340918776101594 0.0527913422198759 0.0223563603845294 0.0234027615258601 0.0397891176763155 0 0.0147666863555818 0.0698421567257997 0.0569476082004556 0.0368459837877671 0.0401284109149278 0.0518457071754459 0.0548546352166758 0.0731957253696384 0.0181488203266788
"last" 0.0786340148281285 0.0566251415628539 0.0808162440650571 0.0356379187455453 0.0818889040535007 0.0406614258606668 0.0807319698600646 0.0292997363023733 0.0764850854083454 0.0606648871633099 0.0582139946443125 0.131332082551595 0.143722410430141 0.15254635062192 0.0767067246228586 0.039593506664907 0.111781801922647 0.0819096653405102 0.0298418382572366 0.0511247443762781 0.0295333727111636 0.0558737253806398 0.0189825360668185 0.0736919675755343 0.0401284109149278 0.062214848610535 0.109709270433352 0.0292782901478554 0.0725952813067151
"fuck" 0 0 0 0 0 0 0 0 0 0 0 0 0 0 0 0.0659891777748449 0.0670690811535882 0.21062485373274 0.0298418382572366 0.0511247443762781 0.0590667454223272 0.321273920938679 0.13287775246773 0.331613854089904 0.280898876404494 0.062214848610535 0.383982446516731 0 0.617059891107078
"because" 0.179734891035722 0.0377500943752359 0.0101020305081321 0.0356379187455453 0.0409444520267504 0.094876660341556 0.121097954790097 0.146498681511866 0.016996685646299 0.0363989322979859 0.0116427989288625 0.112570356472795 0.0513294322964788 0.0704060079793476 0.144890479843177 0.0659891777748449 0 0.0702082845775802 0.0795782353526311 0.0511247443762781 0.0295333727111636 0.139684313451599 0.0759301442672741 0.0736919675755343 0.0200642054574639 0 0.164563905650027 0.0146391450739277 0.0544464609800363
"other" 0.0898674455178612 0.0943752359380898 0.0505101525406607 0.0712758374910905 0.0682407533779173 0.0542152344808891 0.0269106566200215 0.146498681511866 0.0934817710546443 0.0485319097306479 0.116427989288625 0.0656660412757974 0.0307976593778873 0.0117343346632246 0.0426148470126992 0.105582684439752 0.0894254415381176 0.0351041422887901 0.0596836765144733 0.119291070211316 0.0590667454223272 0.0698421567257997 0.0569476082004556 0.0736919675755343 0.100321027287319 0.0414765657403567 0.0365697568111172 0.117113160591421 0.0544464609800363
"son" 0.0112334306897326 0.0377500943752359 0.0202040610162643 0.0593965312425754 0.0682407533779173 0.0135538086202223 0.255651237890204 0.0781326301396621 0.0934817710546443 0.012132977432662 0.0582139946443125 0.121951219512195 0.112924751052253 0.0234686693264492 0.0170459388050797 0.0923848488847829 0.0447127207690588 0.0585069038146501 0.0397891176763155 0.0340831629175187 0.073833431777909 0.0698421567257997 0 0.147383935151069 0.0601926163723917 0.165906262961427 0.12799414883891 0.0731957253696384 0
"better" 0.112334306897326 0.0566251415628539 0.101020305081321 0.0831551437396056 0.109185205404668 0.108430468961778 0.0269106566200215 0.0878992089071198 0.0594883997620464 0.12132977432662 0.023285597857725 0.0375234521575985 0.041063545837183 0.0469373386528984 0.0767067246228586 0.0659891777748449 0.0894254415381176 0.0702082845775802 0.0696309559335522 0.0511247443762781 0 0.0419052940354798 0.0569476082004556 0.0368459837877671 0.140449438202247 0.0518457071754459 0.12799414883891 0.0585565802957107 0.0362976406533575
"great" 0.0786340148281285 0.0755001887504719 0.0606121830487928 0.178189593727726 0.0682407533779173 0.162645703442667 0.121097954790097 0.0292997363023733 0.0339933712925979 0.133462751759282 0.174641983932937 0.0844277673545966 0.0923929781336618 0 0.0340918776101594 0.105582684439752 0.0894254415381176 0.0234027615258601 0.0497363970953944 0.0511247443762781 0.0147666863555818 0.0279368626903199 0.0379650721336371 0.0368459837877671 0.0200642054574639 0.062214848610535 0.0365697568111172 0.0292782901478554 0.0181488203266788
"ever" 0.101100876207594 0.0755001887504719 0.0202040610162643 0.166310287479211 0.0409444520267504 0.0542152344808891 0.121097954790097 0.0878992089071198 0.0679867425851959 0.0363989322979859 0.0814995925020375 0.112570356472795 0.0615953187557746 0.0704060079793476 0.0340918776101594 0.250758875544411 0 0.0351041422887901 0.0696309559335522 0.0340831629175187 0.0443000590667454 0.0279368626903199 0.0189825360668185 0.0552689756816507 0.0802568218298555 0.0311074243052675 0 0.0878348704435661 0
"maximus" 0 0 0 0 0 0 2.04520990312164 0 0 0 0 0 0 0 0 0 0 0 0 0 0 0 0 0 0 0 0 0 0
"around" 0.0337002920691979 0.0566251415628539 0.101020305081321 0.106913756236636 0.0272963013511669 0.0677690431011114 0.0134553283100108 0.0683660513722043 0.0679867425851959 0.0727978645959718 0.0349283967865875 0.0469043151969981 0.0205317729185915 0.0234686693264492 0.0340918776101594 0.105582684439752 0.134138162307176 0.15211794991809 0.119367353028947 0.0681663258350375 0.118133490844654 0.0558737253806398 0.0569476082004556 0.0552689756816507 0.0601926163723917 0.103691414350892 0.0182848784055586 0.0292782901478554 0.0362976406533575
"understand" 0.101100876207594 0.0566251415628539 0.0606121830487928 0.0712758374910905 0.0272963013511669 0.0135538086202223 0.0672766415500538 0.0781326301396621 0.0934817710546443 0.0970638194612958 0.04657119571545 0.0844277673545966 0.0513294322964788 0 0.0852296940253984 0.0659891777748449 0.0670690811535882 0.17552071144395 0.0397891176763155 0.0511247443762781 0 0.0977790194161196 0.0569476082004556 0.0184229918938836 0.0401284109149278 0.0725839900456242 0.0731395136222344 0.0292782901478554 0.0725952813067151
"after" 0.0449337227589306 0.113250283125708 0.0404081220325285 0.0475172249940603 0.0272963013511669 0 0.107642626480086 0.126965523976951 0.00849834282314949 0.0970638194612958 0.0814995925020375 0.0281425891181989 0.0513294322964788 0.176015019948369 0.119321571635558 0.039593506664907 0.0447127207690588 0.0585069038146501 0.0795782353526311 0.0170415814587594 0 0.0838105880709596 0.113895216400911 0.0368459837877671 0.0200642054574639 0.062214848610535 0.146279027244469 0.0292782901478554 0.0181488203266788
"gotta" 0.146034598966524 0 0.0101020305081321 0 0 0.121984277582001 0 0 0 0.0485319097306479 0 0 0 0 0.0511378164152391 0 0.178850883076235 0 0.338207500248682 0.0681663258350375 0.147666863555818 0.0279368626903199 0 0.239498894620486 0.300963081861958 0.062214848610535 0 0.0585565802957107 0.29038112522686
"you^ll" 0.0898674455178612 0.018875047187618 0.0808162440650571 0.0712758374910905 0.0409444520267504 0.0135538086202223 0.134553283100108 0.0781326301396621 0.0849834282314949 0.133462751759282 0.04657119571545 0.0562851782363977 0.0718612052150703 0.117343346632246 0.0340918776101594 0.0527913422198759 0.0223563603845294 0.0585069038146501 0.0397891176763155 0.102249488752556 0.0443000590667454 0.0698421567257997 0.0569476082004556 0.0368459837877671 0.0401284109149278 0.0207382828701783 0.091424392027793 0.0585565802957107 0.0362976406533575
"hell" 0.0786340148281285 0.0566251415628539 0.0202040610162643 0.0831551437396056 0.0136481506755835 0 0.0134553283100108 0.039066315069831 0.0509900569388969 0.012132977432662 0 0 0 0.0469373386528984 0.0681837552203188 0 0.201207243460765 0.0585069038146501 0.218840147219735 0.102249488752556 0.221500295333727 0.0558737253806398 0.0759301442672741 0.110537951363301 0.160513643659711 0.114060555785981 0 0.117113160591421 0.0362976406533575
"l" 0 0 0 0 0 0 0.0941872981700753 0.00976657876745776 0.0849834282314949 0 0.0116427989288625 0 0 0 0 0.158374026659628 2.03442879499218 0.01170138076293 0 0 0 0.0139684313451599 0 0.0184229918938836 0.160513643659711 0.114060555785981 0 0 0
"thought" 0.134801168276792 0.132125330313326 0.0808162440650571 0.0356379187455453 0.0545926027023338 0.0813228517213337 0.0538213132400431 0.0781326301396621 0.0339933712925979 0.0606648871633099 0.104785190359762 0.0375234521575985 0.041063545837183 0.0938746773057968 0.0596607858177789 0.105582684439752 0.0894254415381176 0.0468055230517201 0.0795782353526311 0.0852079072937969 0.103366804489073 0.0279368626903199 0 0.0921149594694178 0.0401284109149278 0.0103691414350892 0.0182848784055586 0.0292782901478554 0.0181488203266788
"we^ve" 0.0337002920691979 0.0943752359380898 0.14142842711385 0.0475172249940603 0.0545926027023338 0.0813228517213337 0.0403659849300323 0.0585994726047466 0.0424917141157474 0.0606648871633099 0.0582139946443125 0.0656660412757974 0.0307976593778873 0.058671673316123 0.0511378164152391 0.0659891777748449 0.0447127207690588 0.0702082845775802 0.0895255147717099 0.102249488752556 0.103366804489073 0.0279368626903199 0.0759301442672741 0.0552689756816507 0.140449438202247 0.0103691414350892 0 0.117113160591421 0.0362976406533575
"won^t" 0.0337002920691979 0 0.0404081220325285 0.0237586124970302 0.0272963013511669 0.0135538086202223 0.0672766415500538 0.0585994726047466 0.0764850854083454 0.0727978645959718 0.04657119571545 0.0562851782363977 0.0615953187557746 0.0938746773057968 0.119321571635558 0.105582684439752 0.0894254415381176 0.10531242686637 0.0298418382572366 0.0511247443762781 0 0.0558737253806398 0 0.0368459837877671 0.0601926163723917 0.0725839900456242 0.347412689705613 0.0585565802957107 0.0181488203266788
"place" 0.0898674455178612 0.302000755001887 0.0202040610162643 0.0356379187455453 0.0682407533779173 0.094876660341556 0.0403659849300323 0.0488328938372888 0.0339933712925979 0.0849308420286338 0.069856793573175 0.0562851782363977 0.0615953187557746 0.058671673316123 0.0852296940253984 0.171571862214597 0.0894254415381176 0.10531242686637 0.00994727941907888 0.0340831629175187 0.0147666863555818 0.0419052940354798 0.0189825360668185 0.0184229918938836 0.0401284109149278 0.0207382828701783 0.091424392027793 0.0731957253696384 0
"easy" 0.0112334306897326 0.018875047187618 0.0404081220325285 0.0237586124970302 0.0136481506755835 0 0 0.0195331575349155 0.0679867425851959 0.024265954865324 0 0 0 0.0117343346632246 0.00852296940253985 0.013197835554969 0.201207243460765 0.1170138076293 0.288471103153288 0.238582140422631 0.413467217956291 0.0698421567257997 0 0.0184229918938836 0.100321027287319 0.155537121526338 0 0.0146391450739277 0
"things" 0.0561671534486632 0 0.0404081220325285 0.0237586124970302 0.0136481506755835 0.135538086202223 0.0538213132400431 0.146498681511866 0.0424917141157474 0.0970638194612958 0.128070788217487 0.0469043151969981 0.041063545837183 0.0234686693264492 0.0767067246228586 0.250758875544411 0.245919964229823 0.0819096653405102 0.0696309559335522 0 0.0295333727111636 0 0.0379650721336371 0.0552689756816507 0 0.0414765657403567 0.0182848784055586 0 0
"you^ve" 0.0561671534486632 0.0755001887504719 0.101020305081321 0.130672368733666 0.0545926027023338 0.149091894822445 0.0403659849300323 0.0488328938372888 0.016996685646299 0.157728706624606 0.069856793573175 0.0469043151969981 0.0615953187557746 0.15254635062192 0.0681837552203188 0.0527913422198759 0.0447127207690588 0.0234027615258601 0.0298418382572366 0.0170415814587594 0.0147666863555818 0.0558737253806398 0.0949126803340926 0.0552689756816507 0.0601926163723917 0.0103691414350892 0 0.0585565802957107 0.0362976406533575
"bad" 0.0449337227589306 0.0943752359380898 0.101020305081321 0.0118793062485151 0.0818889040535007 0.0271076172404446 0 0.146498681511866 0.0254950284694485 0.145595729191944 0 0.0281425891181989 0.0205317729185915 0.0938746773057968 0.0426148470126992 0.0791870133298139 0 0.0936110461034402 0.129314632448025 0.0511247443762781 0.0443000590667454 0.0838105880709596 0.0569476082004556 0.0921149594694178 0.0200642054574639 0.0518457071754459 0.0365697568111172 0.0878348704435661 0.0544464609800363
"company" 0 0 0.0101020305081321 0.0118793062485151 0 0.0135538086202223 0.0134553283100108 0 0.00849834282314949 0 0.0116427989288625 0.00938086303939963 0.0307976593778873 0.058671673316123 0.0340918776101594 0 0 0 0.35810205908684 0.153374233128834 0.369167158889545 0.0139684313451599 0.0379650721336371 0.110537951363301 0.220706260032103 0.176275404396516 0.0365697568111172 0.131752305665349 0.0362976406533575
"ship" 0.112334306897326 0.018875047187618 0.323264976260228 0.0118793062485151 0 0.094876660341556 0 0 0.280445313163933 0 0 0.00938086303939963 0.0307976593778873 0.481107721192208 0 0.013197835554969 0.0223563603845294 0 0.00994727941907888 0 0 0.0139684313451599 0 0.0552689756816507 0 0.0103691414350892 0.0182848784055586 0.0146391450739277 0
"enough" 0.0337002920691979 0 0.14142842711385 0.0356379187455453 0.0409444520267504 0.094876660341556 0.0941872981700753 0.0488328938372888 0.0764850854083454 0.0606648871633099 0.0582139946443125 0.0375234521575985 0.0513294322964788 0.058671673316123 0.136367510440638 0.013197835554969 0.0894254415381176 0.0234027615258601 0.0397891176763155 0.0170415814587594 0.0443000590667454 0.0558737253806398 0.0379650721336371 0.0552689756816507 0.0601926163723917 0.062214848610535 0.146279027244469 0.043917435221783 0.0362976406533575
"head" 0.0786340148281285 0 0.0202040610162643 0.0950344499881207 0.0818889040535007 0.17619951206289 0.0538213132400431 0.0488328938372888 0.0509900569388969 0.0727978645959718 0.023285597857725 0.0375234521575985 0.0615953187557746 0.0352030039896738 0.0767067246228586 0.0527913422198759 0.0223563603845294 0.0819096653405102 0.0497363970953944 0.0170415814587594 0.0590667454223272 0.139684313451599 0.0569476082004556 0.0921149594694178 0.0601926163723917 0.0725839900456242 0.0365697568111172 0.0146391450739277 0.0544464609800363
"jack" 0 0 0 0.0118793062485151 0 0 0 0.00976657876745776 0.603382340443613 0 0 0 0 0.539779394508331 0 0.171571862214597 0 0 0 0 0 0 0 0.0184229918938836 0 0 0 0 0.0725952813067151
"moving" 0.0224668613794653 0 0.0303060915243964 0 0 0.0813228517213337 0 0 0.0339933712925979 0.024265954865324 0.0349283967865875 0.0375234521575985 0.041063545837183 0 0.00852296940253985 0.026395671109938 0 0.10531242686637 0.159156470705262 0.255623721881391 0.118133490844654 0.0139684313451599 0 0.239498894620486 0.300963081861958 0.0933222729158026 0 0.102474015517494 0.199637023593466
"listen" 0.0337002920691979 0.0377500943752359 0.0808162440650571 0.142551674982181 0.0545926027023338 0.0813228517213337 0.0403659849300323 0.0781326301396621 0.0934817710546443 0.0485319097306479 0 0.0187617260787993 0.041063545837183 0 0.102275632830478 0.026395671109938 0.0223563603845294 0.0702082845775802 0.0397891176763155 0.0340831629175187 0.0443000590667454 0.153652744796759 0.0949126803340926 0.0368459837877671 0.0802568218298555 0.062214848610535 0.0548546352166758 0.0585565802957107 0.0362976406533575
"does" 0.0786340148281285 0.132125330313326 0.0101020305081321 0.0593965312425754 0.122833356080251 0.0677690431011114 0.0538213132400431 0.039066315069831 0.0254950284694485 0.109196796893958 0.069856793573175 0.131332082551595 0.123190637511549 0.0821403426425722 0.0426148470126992 0.0791870133298139 0 0.0234027615258601 0.0397891176763155 0.0170415814587594 0.0590667454223272 0.0558737253806398 0.0569476082004556 0 0 0.0829531314807134 0 0.0292782901478554 0.0181488203266788
"doc" 0.0224668613794653 0 0 0.368258493703968 0 0 0 0 0 0 0 0 0 0 0 0.197967533324535 0.380058126537 0.0585069038146501 0.44762757385855 0.0511247443762781 0.0147666863555818 0.0419052940354798 0 0.0368459837877671 0.0200642054574639 0.0311074243052675 0 0.0585565802957107 0
"fucking" 0 0 0 0 0 0 0 0 0.00849834282314949 0 0 0 0 0 0 0.039593506664907 0.0223563603845294 0.16381933068102 0.0696309559335522 0.0511247443762781 0.0590667454223272 0.419052940354798 0.13287775246773 0.0921149594694178 0.240770465489567 0.062214848610535 0.25598829767782 0 0.43557168784029
"may" 0.0674005841383959 0.0755001887504719 0.0808162440650571 0.0118793062485151 0.136481506755835 0 0.0672766415500538 0.039066315069831 0.0849834282314949 0.024265954865324 0.0814995925020375 0.0562851782363977 0.123190637511549 0.0821403426425722 0.0681837552203188 0.0659891777748449 0.0894254415381176 0.0468055230517201 0 0.0340831629175187 0.0295333727111636 0.0558737253806398 0.0379650721336371 0.0368459837877671 0.0200642054574639 0.062214848610535 0.109709270433352 0.0292782901478554 0.0181488203266788
"ready" 0.0224668613794653 0.0755001887504719 0.0505101525406607 0.0593965312425754 0.0409444520267504 0.0542152344808891 0.148008611410118 0.00976657876745776 0.0424917141157474 0.024265954865324 0.0116427989288625 0.0562851782363977 0.0615953187557746 0.058671673316123 0.0511378164152391 0.026395671109938 0 0.10531242686637 0.0696309559335522 0.0681663258350375 0.0590667454223272 0.0838105880709596 0.0379650721336371 0.0921149594694178 0.0802568218298555 0.0311074243052675 0.0182848784055586 0.131752305665349 0.163339382940109
"die" 0.134801168276792 0 0.0202040610162643 0 0.0272963013511669 0.0271076172404446 0.296017222820237 0.00976657876745776 0.0424917141157474 0.0606648871633099 0.023285597857725 0.0844277673545966 0.0718612052150703 0.0821403426425722 0.0767067246228586 0 0 0.0468055230517201 0.0497363970953944 0 0.0295333727111636 0.125715882106439 0.0379650721336371 0.0184229918938836 0 0.0829531314807134 0.219418540866703 0.0292782901478554 0
"hear" 0.0674005841383959 0.0377500943752359 0.0606121830487928 0.0237586124970302 0.0545926027023338 0.0271076172404446 0.0538213132400431 0.039066315069831 0.101980113877794 0.024265954865324 0.04657119571545 0.0656660412757974 0.0205317729185915 0.0234686693264492 0.0170459388050797 0.0527913422198759 0.0670690811535882 0.10531242686637 0.0696309559335522 0.0340831629175187 0.0590667454223272 0.125715882106439 0.0569476082004556 0.110537951363301 0.0601926163723917 0.0207382828701783 0 0.175669740887132 0.0907441016333938
"side" 0.0561671534486632 0.0377500943752359 0.0909182745731892 0 0.0272963013511669 0 0 0.039066315069831 0.127475142347242 0.024265954865324 0.0349283967865875 0.0469043151969981 0.0615953187557746 0.0352030039896738 0.00852296940253985 0 0 0.0234027615258601 0.0198945588381578 0.119291070211316 0 0.139684313451599 0.113895216400911 0.0921149594694178 0.0401284109149278 0.103691414350892 0.0548546352166758 0.131752305665349 0.308529945553539
"call" 0.112334306897326 0.018875047187618 0.0404081220325285 0.0475172249940603 0.0682407533779173 0 0.0807319698600646 0.146498681511866 0.0509900569388969 0.024265954865324 0.0349283967865875 0.0844277673545966 0.0718612052150703 0.0469373386528984 0.0255689082076195 0.184769697769566 0 0.0468055230517201 0.0298418382572366 0.0511247443762781 0.0147666863555818 0.11174745076128 0.0379650721336371 0.0368459837877671 0.0200642054574639 0.0103691414350892 0.0365697568111172 0.0731957253696384 0.0544464609800363
"lieutenant" 0 0 0 0 0 0 0 0 0 0 0 0 0 0.0352030039896738 0 0 0 0.0234027615258601 0.298418382572366 0.27266530334015 0.369167158889545 0.0139684313451599 0.417615793470008 0 0.0601926163723917 0.0414765657403567 0.347412689705613 0.043917435221783 0
"war" 0.0112334306897326 0 0 0 0.0272963013511669 0 0.0403659849300323 0.0878992089071198 0 0 0 0.196998123827392 0.164254183348732 0 0.00852296940253985 0 0.0223563603845294 0.0702082845775802 0.0397891176763155 0.0170415814587594 0.0443000590667454 0.223494901522559 0.227790432801822 0.110537951363301 0.0802568218298555 0.114060555785981 0.091424392027793 0.0878348704435661 0
"love" 0.0786340148281285 0.018875047187618 0.0101020305081321 0.0950344499881207 0 0.0677690431011114 0.215285252960172 0.0878992089071198 0.0934817710546443 0.024265954865324 0.04657119571545 0.0187617260787993 0.112924751052253 0.0938746773057968 0.0255689082076195 0.105582684439752 0 0.0585069038146501 0.0198945588381578 0.0340831629175187 0 0.167621176141919 0.0379650721336371 0.0368459837877671 0.0200642054574639 0.0103691414350892 0.0731395136222344 0 0
"nice" 0.0337002920691979 0.0755001887504719 0.0101020305081321 0.0712758374910905 0.109185205404668 0.094876660341556 0 0.0683660513722043 0.0934817710546443 0.109196796893958 0.04657119571545 0.0938086303939962 0.0615953187557746 0.0469373386528984 0.00852296940253985 0.0923848488847829 0 0.0819096653405102 0.0298418382572366 0.0340831629175187 0.0886001181334908 0.0139684313451599 0.113895216400911 0.0552689756816507 0.0601926163723917 0.0207382828701783 0.0731395136222344 0.0146391450739277 0
"maybe" 0.101100876207594 0.0755001887504719 0.0101020305081321 0.0356379187455453 0.0136481506755835 0.0271076172404446 0.0269106566200215 0.0683660513722043 0.0254950284694485 0.0363989322979859 0.0116427989288625 0.0562851782363977 0.0102658864592958 0.0117343346632246 0.0511378164152391 0.13197835554969 0.178850883076235 0.01170138076293 0.129314632448025 0.0852079072937969 0.103366804489073 0.0279368626903199 0.13287775246773 0.0184229918938836 0.100321027287319 0.103691414350892 0.0182848784055586 0.0585565802957107 0.0181488203266788
"made" 0.0786340148281285 0.0755001887504719 0.0606121830487928 0.0712758374910905 0.0682407533779173 0.0271076172404446 0.0269106566200215 0.107432366442035 0.0254950284694485 0.0363989322979859 0.0582139946443125 0.0469043151969981 0.0718612052150703 0.0938746773057968 0.0340918776101594 0.0791870133298139 0.0670690811535882 0.0234027615258601 0.0696309559335522 0.0681663258350375 0.0295333727111636 0.0419052940354798 0.0569476082004556 0.0368459837877671 0.0401284109149278 0.0311074243052675 0.0365697568111172 0.0731957253696384 0.0362976406533575
"mind" 0.0674005841383959 0.0566251415628539 0.0707142135569249 0.166310287479211 0.0136481506755835 0.0271076172404446 0 0.0292997363023733 0.0339933712925979 0.0606648871633099 0.069856793573175 0.0562851782363977 0.0205317729185915 0.0352030039896738 0.281257990283815 0.118780519994721 0.0223563603845294 0.01170138076293 0.0198945588381578 0.0170415814587594 0.0590667454223272 0 0.0759301442672741 0.0368459837877671 0.0401284109149278 0 0.0182848784055586 0.0292782901478554 0
"new" 0.0786340148281285 0.0566251415628539 0.0808162440650571 0.0712758374910905 0.0409444520267504 0.0542152344808891 0.0538213132400431 0.17579841781424 0.0594883997620464 0.0606648871633099 0.023285597857725 0.0375234521575985 0 0 0.0340918776101594 0.039593506664907 0.0223563603845294 0.0234027615258601 0.0298418382572366 0.0852079072937969 0.0147666863555818 0.11174745076128 0.0379650721336371 0.110537951363301 0.0802568218298555 0.0311074243052675 0.0548546352166758 0.043917435221783 0.0725952813067151
"ring" 0.0112334306897326 0 0 0 0 0 0.0269106566200215 0 0 0.012132977432662 0.943066713237862 0.178236397748593 0.174520069808028 0 0 0 0.0223563603845294 0 0 0 0 0 0 0 0.0200642054574639 0 0 0 0
"always" 0.0449337227589306 0.0566251415628539 0.0404081220325285 0.0475172249940603 0.0409444520267504 0.0271076172404446 0.121097954790097 0.039066315069831 0.0339933712925979 0.0606648871633099 0.04657119571545 0.103189493433396 0.112924751052253 0.058671673316123 0.0681837552203188 0.0923848488847829 0.0223563603845294 0.0351041422887901 0.0298418382572366 0.0170415814587594 0 0.0139684313451599 0.0569476082004556 0 0.100321027287319 0.0311074243052675 0.182848784055586 0.0585565802957107 0
"every" 0.0561671534486632 0.0377500943752359 0.0404081220325285 0.0118793062485151 0.0272963013511669 0.0135538086202223 0.0941872981700753 0.0195331575349155 0.0509900569388969 0.0970638194612958 0 0.0562851782363977 0.041063545837183 0.117343346632246 0.0596607858177789 0.039593506664907 0.0447127207690588 0.0351041422887901 0.0596836765144733 0.0170415814587594 0.0147666863555818 0.0838105880709596 0.0189825360668185 0.0921149594694178 0.140449438202247 0.062214848610535 0.0182848784055586 0.161030595813205 0.0544464609800363
"years" 0.0786340148281285 0.207625519063798 0.0101020305081321 0.106913756236636 0 0.0271076172404446 0.188374596340151 0.0976657876745776 0.0424917141157474 0.0970638194612958 0.13971358714635 0.0375234521575985 0.0307976593778873 0.0704060079793476 0.0767067246228586 0.039593506664907 0.0894254415381176 0 0.0298418382572366 0.0170415814587594 0 0 0.0189825360668185 0.0184229918938836 0.0200642054574639 0.0311074243052675 0.0182848784055586 0.0292782901478554 0
"isn^t" 0.16850146034599 0.0377500943752359 0.0707142135569249 0.0593965312425754 0.0955370547290842 0.0542152344808891 0.0538213132400431 0.0195331575349155 0.0509900569388969 0.12132977432662 0.023285597857725 0.0375234521575985 0.0513294322964788 0.0352030039896738 0.0596607858177789 0.105582684439752 0.0447127207690588 0.0468055230517201 0.00994727941907888 0.0340831629175187 0.0147666863555818 0 0.0189825360668185 0.0184229918938836 0.0200642054574639 0.0518457071754459 0.091424392027793 0.0878348704435661 0
"night" 0.0224668613794653 0 0.0101020305081321 0.190068899976241 0.0136481506755835 0 0.0403659849300323 0.0195331575349155 0.0764850854083454 0.0485319097306479 0.04657119571545 0.103189493433396 0.0615953187557746 0.0234686693264492 0.0255689082076195 0.026395671109938 0.0223563603845294 0.0468055230517201 0.0895255147717099 0.0852079072937969 0.118133490844654 0.0558737253806398 0.0379650721336371 0.0736919675755343 0.0601926163723917 0.0518457071754459 0.0182848784055586 0.117113160591421 0
"fine" 0.0337002920691979 0.018875047187618 0.0303060915243964 0.0831551437396056 0.0545926027023338 0.0406614258606668 0 0.0195331575349155 0.0764850854083454 0.0849308420286338 0 0.0187617260787993 0.0102658864592958 0.140812015958695 0.0340918776101594 0.145176191104659 0.0447127207690588 0.0468055230517201 0.129314632448025 0.0340831629175187 0.0295333727111636 0.0139684313451599 0.0759301442672741 0.0552689756816507 0.0802568218298555 0.0829531314807134 0.0548546352166758 0.0292782901478554 0.0362976406533575
"run" 0.0224668613794653 0.018875047187618 0.0909182745731892 0.0950344499881207 0.0818889040535007 0.0406614258606668 0 0.0683660513722043 0.016996685646299 0.0363989322979859 0.128070788217487 0.0562851782363977 0.0615953187557746 0.0821403426425722 0.0340918776101594 0.0527913422198759 0 0.0702082845775802 0.0397891176763155 0.102249488752556 0.0590667454223272 0.0419052940354798 0.0379650721336371 0.0736919675755343 0.0200642054574639 0.0311074243052675 0.0548546352166758 0.0146391450739277 0.0544464609800363
"another" 0.0786340148281285 0.0377500943752359 0.0505101525406607 0.0237586124970302 0.0409444520267504 0.0813228517213337 0.0403659849300323 0.0488328938372888 0.0679867425851959 0.109196796893958 0.04657119571545 0.0469043151969981 0.0615953187557746 0.0234686693264492 0.0255689082076195 0.013197835554969 0 0.0936110461034402 0.0696309559335522 0.170415814587594 0.0147666863555818 0 0.0189825360668185 0.0368459837877671 0.100321027287319 0.0518457071754459 0 0.043917435221783 0.0907441016333938
"cover" 0 0 0.0404081220325285 0.0118793062485151 0.0136481506755835 0.0135538086202223 0 0.00976657876745776 0 0 0.04657119571545 0.0469043151969981 0.0307976593778873 0.0117343346632246 0.0170459388050797 0.013197835554969 0 0.257430376784461 0.288471103153288 0.0681663258350375 0.0886001181334908 0.0419052940354798 0 0.128960943257185 0.0200642054574639 0.114060555785981 0.109709270433352 0.0292782901478554 0.0544464609800363
"i^d" 0.0561671534486632 0 0.101020305081321 0.0356379187455453 0.0272963013511669 0.0542152344808891 0.0134553283100108 0.0292997363023733 0.0594883997620464 0.0727978645959718 0.0349283967865875 0.0281425891181989 0.041063545837183 0.0938746773057968 0.0255689082076195 0.13197835554969 0 0.0351041422887901 0.119367353028947 0.0340831629175187 0.073833431777909 0.0139684313451599 0.0189825360668185 0.0736919675755343 0.0401284109149278 0.114060555785981 0.0365697568111172 0.0292782901478554 0.0181488203266788
"seen" 0.0449337227589306 0 0.0606121830487928 0.0593965312425754 0.0818889040535007 0.0813228517213337 0.0941872981700753 0 0.0424917141157474 0.0727978645959718 0.0814995925020375 0.0656660412757974 0.0718612052150703 0.0938746773057968 0.0170459388050797 0.0659891777748449 0.0223563603845294 0.01170138076293 0.109420073609868 0.0681663258350375 0.0443000590667454 0.0558737253806398 0.0379650721336371 0.0368459837877671 0.0601926163723917 0.0103691414350892 0.0182848784055586 0.0292782901478554 0
"buzz" 0 0 0 0 0 1.55868799132556 0 0 0 0 0 0 0 0 0 0 0 0 0 0 0 0 0 0 0 0 0 0 0
"many" 0.0674005841383959 0.0755001887504719 0.0202040610162643 0 0.0545926027023338 0 0.134553283100108 0.039066315069831 0.0254950284694485 0.0849308420286338 0.0582139946443125 0.131332082551595 0.143722410430141 0.0234686693264492 0.0426148470126992 0.013197835554969 0.0223563603845294 0.0468055230517201 0.0397891176763155 0.102249488752556 0.0295333727111636 0.0419052940354798 0.0189825360668185 0.0184229918938836 0.0601926163723917 0.0518457071754459 0.0182848784055586 0.0292782901478554 0.0181488203266788
"remember" 0.0337002920691979 0 0.0303060915243964 0.0712758374910905 0.0136481506755835 0.0406614258606668 0.0807319698600646 0.0195331575349155 0.0509900569388969 0.0849308420286338 0.0814995925020375 0.0469043151969981 0.041063545837183 0.058671673316123 0.187505326855877 0.13197835554969 0 0.0234027615258601 0.0397891176763155 0.0511247443762781 0.0443000590667454 0.0419052940354798 0 0 0.0401284109149278 0.0103691414350892 0.0182848784055586 0.0878348704435661 0
"shall" 0 0.0755001887504719 0.0202040610162643 0.0118793062485151 0.327555616214003 0 0.255651237890204 0.0195331575349155 0.0764850854083454 0.012132977432662 0.0931423914309 0.0844277673545966 0.225849502104507 0.0704060079793476 0.0170459388050797 0.013197835554969 0 0.01170138076293 0.00994727941907888 0 0.0147666863555818 0 0 0 0 0 0.0182848784055586 0.0146391450739277 0
"told" 0.123567737587059 0.0755001887504719 0.0606121830487928 0.106913756236636 0.0136481506755835 0.0271076172404446 0.0403659849300323 0.0585994726047466 0.0424917141157474 0.12132977432662 0.0116427989288625 0.0562851782363977 0.041063545837183 0.0704060079793476 0.0596607858177789 0.0527913422198759 0.0223563603845294 0 0.0497363970953944 0.0340831629175187 0.0443000590667454 0.0279368626903199 0.0949126803340926 0.0184229918938836 0.0200642054574639 0.0311074243052675 0.0182848784055586 0.0731957253696384 0
"lot" 0.0786340148281285 0.0566251415628539 0.101020305081321 0.0712758374910905 0.0818889040535007 0.0135538086202223 0.0134553283100108 0.0585994726047466 0.0424917141157474 0.024265954865324 0 0.0187617260787993 0 0.0704060079793476 0.0511378164152391 0.0923848488847829 0.0894254415381176 0.0468055230517201 0.0994727941907888 0.119291070211316 0.0295333727111636 0.0279368626903199 0.0379650721336371 0.0368459837877671 0.0200642054574639 0.0414765657403567 0 0.0731957253696384 0.0362976406533575
"own" 0.0561671534486632 0.0377500943752359 0.0303060915243964 0.0237586124970302 0.0682407533779173 0 0.0941872981700753 0.0292997363023733 0.0424917141157474 0.0485319097306479 0.116427989288625 0.103189493433396 0.0718612052150703 0.058671673316123 0.119321571635558 0.013197835554969 0.156494522691706 0.01170138076293 0.0397891176763155 0.0170415814587594 0.0886001181334908 0.0279368626903199 0.0189825360668185 0.0184229918938836 0.0200642054574639 0.0103691414350892 0.0365697568111172 0.0146391450739277 0.0181488203266788
"which" 0.0898674455178612 0.169875424688562 0.0404081220325285 0.0712758374910905 0.122833356080251 0.0406614258606668 0.0672766415500538 0.0195331575349155 0.0679867425851959 0.0363989322979859 0.0582139946443125 0.0375234521575985 0.0205317729185915 0.0234686693264492 0.0767067246228586 0.0659891777748449 0.0670690811535882 0.0468055230517201 0.0397891176763155 0.0340831629175187 0.0147666863555818 0.0139684313451599 0.0189825360668185 0.0184229918938836 0.0200642054574639 0.0725839900456242 0 0.0292782901478554 0.0181488203266788
"hand" 0.0224668613794653 0.018875047187618 0.0303060915243964 0.0712758374910905 0.0955370547290842 0.0135538086202223 0.0269106566200215 0.039066315069831 0.16146851363984 0.012132977432662 0.069856793573175 0.0375234521575985 0.0513294322964788 0.0234686693264492 0.00852296940253985 0.026395671109938 0 0.0351041422887901 0.0795782353526311 0.0170415814587594 0.0295333727111636 0.0558737253806398 0.0379650721336371 0.110537951363301 0.0401284109149278 0.0518457071754459 0.0365697568111172 0.0292782901478554 0.14519056261343
"lost" 0.0898674455178612 0.0566251415628539 0.0606121830487928 0.0118793062485151 0.0409444520267504 0.0542152344808891 0.0134553283100108 0.0292997363023733 0.00849834282314949 0.0363989322979859 0.0931423914309 0.0562851782363977 0.0821270916743661 0.0469373386528984 0.0596607858177789 0 0.0223563603845294 0.0234027615258601 0.0298418382572366 0.0340831629175187 0.132900177200236 0.0139684313451599 0.0379650721336371 0.0736919675755343 0.0200642054574639 0.0725839900456242 0.0548546352166758 0.102474015517494 0.0544464609800363
"might" 0.157268029656257 0 0.0909182745731892 0.0237586124970302 0.0136481506755835 0.0271076172404446 0 0.0683660513722043 0.0424917141157474 0.0485319097306479 0.023285597857725 0.0375234521575985 0.0102658864592958 0.0234686693264492 0.0852296940253984 0.0659891777748449 0.0223563603845294 0.0702082845775802 0.0696309559335522 0.0511247443762781 0.0147666863555818 0.0558737253806398 0.0379650721336371 0.128960943257185 0.0802568218298555 0.0518457071754459 0 0.0292782901478554 0.0181488203266788
"bring" 0.0561671534486632 0.0377500943752359 0.0404081220325285 0.0356379187455453 0.0682407533779173 0.0271076172404446 0.0807319698600646 0.0585994726047466 0.0254950284694485 0.0363989322979859 0.0582139946443125 0.0656660412757974 0.0718612052150703 0.0938746773057968 0.0681837552203188 0.026395671109938 0.0670690811535882 0.0585069038146501 0.0298418382572366 0.0340831629175187 0.0295333727111636 0.0279368626903199 0.0189825360668185 0.0184229918938836 0.0401284109149278 0.062214848610535 0.0365697568111172 0.0292782901478554 0.0181488203266788
"line" 0.0224668613794653 0 0.0101020305081321 0.0356379187455453 0.0272963013511669 0 0.0403659849300323 0.0292997363023733 0.016996685646299 0 0.0116427989288625 0.00938086303939963 0.0923929781336618 0.0117343346632246 0.00852296940253985 0.013197835554969 0.0223563603845294 0.0351041422887901 0.298418382572366 0 0.118133490844654 0 0.0379650721336371 0.25792188651437 0.100321027287319 0.0518457071754459 0.12799414883891 0.043917435221783 0
"world" 0.0224668613794653 0.0377500943752359 0.0101020305081321 0.0356379187455453 0 0.0271076172404446 0.0807319698600646 0.00976657876745776 0.0594883997620464 0.012132977432662 0.151356386075212 0.140712945590994 0.0718612052150703 0.0352030039896738 0.178982357453337 0.013197835554969 0 0.01170138076293 0.00994727941907888 0 0.0147666863555818 0.167621176141919 0.0759301442672741 0.0368459837877671 0 0.0207382828701783 0 0 0
"real" 0.0561671534486632 0.018875047187618 0.0303060915243964 0.0475172249940603 0.0272963013511669 0.0271076172404446 0.0134553283100108 0.0195331575349155 0.0424917141157474 0.0485319097306479 0 0.0187617260787993 0 0.0821403426425722 0.230120173868576 0.0659891777748449 0.111781801922647 0.0234027615258601 0.0497363970953944 0.0852079072937969 0.0443000590667454 0.0838105880709596 0 0.0736919675755343 0 0.0311074243052675 0.0365697568111172 0.0146391450739277 0.0181488203266788
"shot" 0 0.018875047187618 0.0101020305081321 0.0118793062485151 0 0 0 0.0585994726047466 0 0 0.0116427989288625 0 0.0102658864592958 0.129077681295471 0.0426148470126992 0 0.0447127207690588 0.10531242686637 0.218840147219735 0.119291070211316 0.073833431777909 0.0838105880709596 0.13287775246773 0 0 0.0933222729158026 0.12799414883891 0.0292782901478554 0.0725952813067151
"trying" 0.0786340148281285 0.0755001887504719 0.0505101525406607 0.0356379187455453 0 0.0135538086202223 0 0.039066315069831 0.00849834282314949 0.0606648871633099 0.04657119571545 0.0469043151969981 0 0.0234686693264492 0.127844541038098 0.026395671109938 0.0670690811535882 0.0585069038146501 0.0596836765144733 0.0681663258350375 0.0147666863555818 0.139684313451599 0.0189825360668185 0.0736919675755343 0 0.0518457071754459 0.091424392027793 0.043917435221783 0.0362976406533575
"boy" 0.0337002920691979 0.0566251415628539 0.0707142135569249 0.142551674982181 0 0.162645703442667 0.0403659849300323 0.0585994726047466 0.016996685646299 0.145595729191944 0.0349283967865875 0.00938086303939963 0.0102658864592958 0.129077681295471 0 0.13197835554969 0.0223563603845294 0 0.00994727941907888 0.0340831629175187 0.0443000590667454 0.0139684313451599 0 0 0.0401284109149278 0.0311074243052675 0.091424392027793 0.0292782901478554 0
"open" 0.0786340148281285 0.018875047187618 0.0505101525406607 0.0118793062485151 0.0682407533779173 0.0813228517213337 0.0807319698600646 0.039066315069831 0.0764850854083454 0.012132977432662 0.0349283967865875 0.0187617260787993 0.0102658864592958 0.0234686693264492 0.0511378164152391 0.0791870133298139 0.178850883076235 0.0234027615258601 0.0397891176763155 0.0340831629175187 0.0147666863555818 0.0419052940354798 0.0189825360668185 0.0736919675755343 0.0401284109149278 0.062214848610535 0.0182848784055586 0.0878348704435661 0.0181488203266788
"sergeant" 0 0 0 0 0 0.0135538086202223 0 0 0 0 0 0 0 0 0 0 0 0.269131757547391 0.228787426638814 0.187457396046353 0.147666863555818 0.0419052940354798 0.0189825360668185 0.202652910832719 0.100321027287319 0.0725839900456242 0.0182848784055586 0.131752305665349 0.0181488203266788
"death" 0.0224668613794653 0.018875047187618 0.0606121830487928 0 0.136481506755835 0.0135538086202223 0.121097954790097 0 0.016996685646299 0.0485319097306479 0.116427989288625 0.103189493433396 0.236115388563802 0.0704060079793476 0.0170459388050797 0.013197835554969 0.0223563603845294 0.01170138076293 0.0298418382572366 0 0.0147666863555818 0.0419052940354798 0.0189825360668185 0.0184229918938836 0 0.0207382828701783 0.0731395136222344 0 0
"yet" 0.0898674455178612 0.0566251415628539 0.0404081220325285 0.0831551437396056 0.0409444520267504 0.0135538086202223 0.161463939720129 0.0292997363023733 0.00849834282314949 0.012132977432662 0.128070788217487 0.0562851782363977 0.041063545837183 0.0938746773057968 0.0170459388050797 0.039593506664907 0.0670690811535882 0.01170138076293 0.0397891176763155 0.0681663258350375 0.073833431777909 0 0 0.0368459837877671 0 0.0207382828701783 0.0365697568111172 0.0292782901478554 0.0544464609800363
"believe" 0 0.0755001887504719 0.0404081220325285 0.0831551437396056 0 0.0406614258606668 0.0538213132400431 0.0683660513722043 0.0254950284694485 0.0363989322979859 0.0116427989288625 0.0562851782363977 0.041063545837183 0.0469373386528984 0.0681837552203188 0.13197835554969 0.0447127207690588 0.0351041422887901 0.0298418382572366 0.0852079072937969 0.0443000590667454 0.0558737253806398 0.0379650721336371 0.0184229918938836 0.180577849117175 0 0.0548546352166758 0.0146391450739277 0
"best" 0.0786340148281285 0.018875047187618 0.0505101525406607 0.0118793062485151 0.0409444520267504 0.0542152344808891 0.0807319698600646 0.0292997363023733 0.0764850854083454 0.0849308420286338 0 0.0281425891181989 0.041063545837183 0.0352030039896738 0.0340918776101594 0.0527913422198759 0.0447127207690588 0.01170138076293 0.0497363970953944 0.0511247443762781 0.0147666863555818 0.0558737253806398 0.113895216400911 0.0552689756816507 0.0601926163723917 0.0414765657403567 0.0731395136222344 0.0585565802957107 0
"done" 0.0337002920691979 0.018875047187618 0.0606121830487928 0.0237586124970302 0.0272963013511669 0.0406614258606668 0.0807319698600646 0.039066315069831 0.0509900569388969 0.0970638194612958 0.0349283967865875 0.0281425891181989 0.0718612052150703 0.0352030039896738 0.0767067246228586 0.0527913422198759 0.0447127207690588 0.0468055230517201 0.0298418382572366 0.0681663258350375 0 0.0558737253806398 0.0189825360668185 0.0552689756816507 0.100321027287319 0.0414765657403567 0.0182848784055586 0.0146391450739277 0.0362976406533575
"gone" 0.0449337227589306 0.0566251415628539 0.0505101525406607 0.0118793062485151 0.0136481506755835 0.108430468961778 0.0403659849300323 0.0195331575349155 0.0594883997620464 0.133462751759282 0.0582139946443125 0.0938086303939962 0.0923929781336618 0.0704060079793476 0.00852296940253985 0.026395671109938 0.0894254415381176 0.0351041422887901 0 0.0511247443762781 0 0.0139684313451599 0.0569476082004556 0.0552689756816507 0.0200642054574639 0.0311074243052675 0.0182848784055586 0.043917435221783 0.0181488203266788
"stand" 0.0449337227589306 0.0566251415628539 0.0707142135569249 0.0237586124970302 0.0545926027023338 0.0135538086202223 0.0538213132400431 0.039066315069831 0.0254950284694485 0.0606648871633099 0 0.0562851782363977 0.0923929781336618 0.0234686693264492 0.00852296940253985 0 0.0223563603845294 0 0.00994727941907888 0.0170415814587594 0.0443000590667454 0.0279368626903199 0.0379650721336371 0.0736919675755343 0.140449438202247 0.0207382828701783 0.091424392027793 0.102474015517494 0.254083484573503
"ask" 0.0561671534486632 0.0377500943752359 0 0.0831551437396056 0.0545926027023338 0 0.0269106566200215 0.156265260279324 0 0.0485319097306479 0.069856793573175 0.0375234521575985 0.0102658864592958 0.0469373386528984 0.0426148470126992 0.0527913422198759 0.0223563603845294 0.0468055230517201 0.0795782353526311 0.0511247443762781 0.0147666863555818 0.0558737253806398 0.0379650721336371 0 0.0601926163723917 0.0518457071754459 0.0731395136222344 0.0585565802957107 0
"big" 0.0561671534486632 0.0566251415628539 0.0808162440650571 0.0593965312425754 0.0545926027023338 0.135538086202223 0 0.117198945209493 0.0679867425851959 0.012132977432662 0.023285597857725 0.0281425891181989 0 0.0117343346632246 0.0255689082076195 0.0791870133298139 0 0.01170138076293 0.0198945588381578 0.0170415814587594 0 0.0698421567257997 0.0569476082004556 0.0184229918938836 0.0401284109149278 0.0829531314807134 0.0365697568111172 0.0731957253696384 0.0362976406533575
"uh" 0.21343518310492 0.28312570781427 0.0505101525406607 0 0 0.284629981024668 0.0134553283100108 0 0.135973485170392 0 0 0 0 0 0 0 0 0 0 0 0 0.0279368626903199 0.0379650721336371 0.0184229918938836 0.0401284109149278 0.165906262961427 0 0 0.0181488203266788
"doesn^t" 0.0561671534486632 0.018875047187618 0.0606121830487928 0.0356379187455453 0.122833356080251 0.0406614258606668 0.0403659849300323 0.039066315069831 0.0339933712925979 0.0970638194612958 0.023285597857725 0.0187617260787993 0.0307976593778873 0.0352030039896738 0.102275632830478 0.026395671109938 0.0447127207690588 0.0702082845775802 0.0397891176763155 0.0170415814587594 0.0147666863555818 0 0.0189825360668185 0.0552689756816507 0.0200642054574639 0.062214848610535 0.0548546352166758 0.0292782901478554 0
"dream" 0.0337002920691979 0 0 0.0593965312425754 0 0.0271076172404446 0.0403659849300323 0 0.00849834282314949 0 0.0116427989288625 0.0469043151969981 0.0102658864592958 0.0234686693264492 0.579561919372709 0.039593506664907 0 0 0 0 0 0.0139684313451599 0.0189825360668185 0 0 0.0103691414350892 0.0548546352166758 0 0
"everything" 0.0337002920691979 0.113250283125708 0.0404081220325285 0.0712758374910905 0 0.0542152344808891 0.0538213132400431 0.0585994726047466 0.0594883997620464 0.024265954865324 0.04657119571545 0.00938086303939963 0.0307976593778873 0.0117343346632246 0.0596607858177789 0.039593506664907 0.0447127207690588 0.01170138076293 0.0497363970953944 0.0170415814587594 0.0147666863555818 0.0977790194161196 0.0379650721336371 0.0184229918938836 0.0200642054574639 0.0518457071754459 0.12799414883891 0.0585565802957107 0.0362976406533575
"five" 0.0112334306897326 0.0377500943752359 0.121224366097586 0 0.0818889040535007 0.0677690431011114 0.0403659849300323 0.0878992089071198 0.0339933712925979 0.024265954865324 0.023285597857725 0 0.0102658864592958 0 0.0596607858177789 0.039593506664907 0.0447127207690588 0.0468055230517201 0.00994727941907888 0.0340831629175187 0.0443000590667454 0.0139684313451599 0 0.0184229918938836 0 0.0414765657403567 0 0.0731957253696384 0.362976406533575
"found" 0.0224668613794653 0.0943752359380898 0.131326396605718 0.0831551437396056 0.0818889040535007 0.0542152344808891 0 0.039066315069831 0.0254950284694485 0.0849308420286338 0.0814995925020375 0.0469043151969981 0.041063545837183 0.058671673316123 0.0170459388050797 0.013197835554969 0.134138162307176 0 0.0198945588381578 0.0340831629175187 0.0590667454223272 0.0139684313451599 0.0569476082004556 0.0184229918938836 0.0401284109149278 0.0414765657403567 0 0 0
"watch" 0.0224668613794653 0.0566251415628539 0.0909182745731892 0.130672368733666 0.0136481506755835 0.0677690431011114 0.0672766415500538 0.0488328938372888 0.0424917141157474 0.024265954865324 0.023285597857725 0.0281425891181989 0.0205317729185915 0.0352030039896738 0.00852296940253985 0.026395671109938 0.156494522691706 0.0702082845775802 0.0596836765144733 0.0340831629175187 0.0443000590667454 0.0279368626903199 0 0.0368459837877671 0.0401284109149278 0.0311074243052675 0.0731395136222344 0 0.0362976406533575
"next" 0.0112334306897326 0.0377500943752359 0.0707142135569249 0.0831551437396056 0.0272963013511669 0.0813228517213337 0.0672766415500538 0.0292997363023733 0.0764850854083454 0.024265954865324 0.023285597857725 0.00938086303939963 0.0102658864592958 0.0352030039896738 0.0255689082076195 0.026395671109938 0.0223563603845294 0.01170138076293 0.00994727941907888 0.0340831629175187 0.0886001181334908 0.0698421567257997 0.0379650721336371 0.0921149594694178 0.0802568218298555 0.062214848610535 0.0731395136222344 0.0878348704435661 0
"fight" 0.0674005841383959 0 0.0505101525406607 0.0356379187455453 0.0545926027023338 0.0271076172404446 0.161463939720129 0.0195331575349155 0 0.012132977432662 0.0116427989288625 0.103189493433396 0.184785956267324 0.0352030039896738 0 0 0.0223563603845294 0.0702082845775802 0.0298418382572366 0.0511247443762781 0.0443000590667454 0 0 0.0921149594694178 0 0.0207382828701783 0.0731395136222344 0.0292782901478554 0.0181488203266788
"happened" 0.0449337227589306 0.0377500943752359 0.0707142135569249 0.0593965312425754 0 0.0271076172404446 0.0269106566200215 0.039066315069831 0.0509900569388969 0.0727978645959718 0.04657119571545 0.0562851782363977 0 0.0117343346632246 0.0596607858177789 0.158374026659628 0.0223563603845294 0.0351041422887901 0.0596836765144733 0.0511247443762781 0.0590667454223272 0 0.0569476082004556 0.0184229918938836 0 0.0207382828701783 0.0731395136222344 0.0146391450739277 0.0362976406533575
"room" 0.0224668613794653 0.113250283125708 0 0.0237586124970302 0.150129657431418 0.094876660341556 0 0.0292997363023733 0.118976799524093 0.024265954865324 0 0 0.0102658864592958 0 0.0596607858177789 0.290352382209318 0.178850883076235 0.0234027615258601 0.00994727941907888 0 0.0147666863555818 0.0139684313451599 0.0379650721336371 0 0 0.0103691414350892 0.0182848784055586 0 0.0725952813067151
"friend" 0.0674005841383959 0.132125330313326 0.0606121830487928 0.0118793062485151 0.0136481506755835 0.135538086202223 0.0941872981700753 0.126965523976951 0.00849834282314949 0.024265954865324 0.13971358714635 0.0938086303939962 0.0307976593778873 0.0117343346632246 0.00852296940253985 0.026395671109938 0.0447127207690588 0.0468055230517201 0 0 0 0.0139684313451599 0.0189825360668185 0.0184229918938836 0 0.0103691414350892 0.0365697568111172 0.0146391450739277 0
"heard" 0.0112334306897326 0.0377500943752359 0.0202040610162643 0.0237586124970302 0.0136481506755835 0.0135538086202223 0 0.039066315069831 0.00849834282314949 0.0849308420286338 0.069856793573175 0.0187617260787993 0.0205317729185915 0.105609011969021 0.0170459388050797 0.013197835554969 0 0.0351041422887901 0.0994727941907888 0.0340831629175187 0.073833431777909 0.0558737253806398 0.0379650721336371 0.128960943257185 0.120385232744783 0.0311074243052675 0.0182848784055586 0.131752305665349 0.0181488203266788
"hope" 0.0449337227589306 0.018875047187618 0.101020305081321 0.0593965312425754 0 0.0542152344808891 0.0403659849300323 0.0683660513722043 0.016996685646299 0.012132977432662 0.0931423914309 0.075046904315197 0.123190637511549 0.0234686693264492 0.0596607858177789 0.026395671109938 0 0 0.0198945588381578 0.0170415814587594 0.0443000590667454 0.0139684313451599 0 0.0736919675755343 0.0601926163723917 0.0414765657403567 0 0.0292782901478554 0
"until" 0.0112334306897326 0.0377500943752359 0.0505101525406607 0 0.0955370547290842 0 0.0807319698600646 0.0683660513722043 0.0424917141157474 0.024265954865324 0.0349283967865875 0.0469043151969981 0.041063545837183 0.0469373386528984 0.00852296940253985 0.0527913422198759 0.0447127207690588 0.0351041422887901 0.00994727941907888 0 0.0886001181334908 0.0977790194161196 0.0569476082004556 0.0184229918938836 0.0401284109149278 0.0414765657403567 0.0548546352166758 0.117113160591421 0
"yourself" 0 0 0.101020305081321 0.0356379187455453 0.0272963013511669 0.0406614258606668 0.0269106566200215 0.0292997363023733 0.00849834282314949 0.0849308420286338 0.069856793573175 0.0281425891181989 0.0102658864592958 0.0704060079793476 0.0767067246228586 0.0527913422198759 0 0.01170138076293 0.0497363970953944 0.0511247443762781 0.0590667454223272 0.0698421567257997 0 0.0736919675755343 0.0601926163723917 0.0311074243052675 0.0731395136222344 0.0292782901478554 0.0181488203266788
"minutes" 0.0112334306897326 0 0.0808162440650571 0.0475172249940603 0.0136481506755835 0.0135538086202223 0 0.00976657876745776 0.0594883997620464 0.024265954865324 0 0 0 0 0.0852296940253984 0.0923848488847829 0.0670690811535882 0.1170138076293 0.00994727941907888 0.0340831629175187 0.0147666863555818 0.0139684313451599 0.0189825360668185 0.0368459837877671 0 0.0207382828701783 0.0182848784055586 0.0585565802957107 0.43557168784029
"most" 0.0337002920691979 0.0377500943752359 0.0404081220325285 0.0237586124970302 0.0545926027023338 0 0.0403659849300323 0.039066315069831 0.0424917141157474 0.0849308420286338 0.0349283967865875 0.0375234521575985 0.0307976593778873 0.0469373386528984 0.0340918776101594 0.0659891777748449 0.0670690811535882 0.0234027615258601 0.0696309559335522 0.0681663258350375 0.0147666863555818 0.0139684313451599 0.0759301442672741 0.0552689756816507 0.0802568218298555 0.0311074243052675 0 0.0585565802957107 0.0181488203266788
"once" 0.0224668613794653 0.018875047187618 0.0303060915243964 0 0.0409444520267504 0.0271076172404446 0.134553283100108 0.00976657876745776 0.016996685646299 0.0727978645959718 0.0582139946443125 0.103189493433396 0.102658864592958 0.0352030039896738 0.0511378164152391 0.0527913422198759 0 0.0468055230517201 0.0596836765144733 0 0.0147666863555818 0.0279368626903199 0.0569476082004556 0 0.0200642054574639 0.0103691414350892 0 0.0585565802957107 0.0544464609800363
"work" 0.0337002920691979 0.0566251415628539 0.0606121830487928 0.0237586124970302 0.0272963013511669 0.0271076172404446 0.0403659849300323 0.039066315069831 0.0509900569388969 0.024265954865324 0.023285597857725 0.0187617260787993 0.0307976593778873 0.0938746773057968 0.110798602233018 0.0527913422198759 0.0223563603845294 0 0.0397891176763155 0.0340831629175187 0.0295333727111636 0.0419052940354798 0.113895216400911 0.0184229918938836 0.0200642054574639 0.0103691414350892 0.0182848784055586 0.0878348704435661 0.0181488203266788
"ain^t" 0.0112334306897326 0 0.0505101525406607 0.0237586124970302 0.0136481506755835 0.0813228517213337 0 0 0.00849834282314949 0.0606648871633099 0 0.00938086303939963 0.0102658864592958 0.0117343346632246 0 0.0923848488847829 0.201207243460765 0.0351041422887901 0.0994727941907888 0.0852079072937969 0.132900177200236 0.125715882106439 0 0.0368459837877671 0.120385232744783 0.0207382828701783 0 0.102474015517494 0
"master" 0.0337002920691979 0 0.111122335589453 0 0.0682407533779173 0.0135538086202223 0.0269106566200215 0 0.00849834282314949 0.012132977432662 0.0931423914309 0.328330206378987 0.153988296889436 0.0234686693264492 0.00852296940253985 0 0 0 0 0 0 0.0279368626903199 0 0 0.0200642054574639 0 0 0.0146391450739277 0.0725952813067151
"rose" 0 0 0 0 0 0 0 0 0.756352511260304 0 0 0 0 0 0 0 0 0 0.00994727941907888 0 0 0 0 0 0.0200642054574639 0.0207382828701783 0 0 0
"she^s" 0.0561671534486632 0.0377500943752359 0.101020305081321 0.0950344499881207 0.0818889040535007 0.0271076172404446 0.0134553283100108 0.039066315069831 0.118976799524093 0.012132977432662 0 0 0.0102658864592958 0.0821403426425722 0.0852296940253984 0.013197835554969 0 0.01170138076293 0.0298418382572366 0 0 0.0279368626903199 0 0.0368459837877671 0.0401284109149278 0.0414765657403567 0.0365697568111172 0.0585565802957107 0.0181488203266788
"try" 0.0224668613794653 0.018875047187618 0.0808162440650571 0.0118793062485151 0.0272963013511669 0.0135538086202223 0.0269106566200215 0.0585994726047466 0.016996685646299 0.0849308420286338 0.0116427989288625 0.0187617260787993 0 0.0352030039896738 0.0937526634279383 0.0527913422198759 0.0447127207690588 0 0.0596836765144733 0.0170415814587594 0.0590667454223272 0.0139684313451599 0.0189825360668185 0.0552689756816507 0.0200642054574639 0.0829531314807134 0.091424392027793 0.0731957253696384 0.0544464609800363
"use" 0.0337002920691979 0.0755001887504719 0.101020305081321 0.0118793062485151 0.0272963013511669 0.0406614258606668 0.0134553283100108 0.039066315069831 0.0254950284694485 0.0606648871633099 0.0814995925020375 0.0469043151969981 0.041063545837183 0.0352030039896738 0.0937526634279383 0.013197835554969 0.0223563603845294 0.01170138076293 0.0198945588381578 0.0511247443762781 0.0147666863555818 0 0.0569476082004556 0.0552689756816507 0.0200642054574639 0.062214848610535 0.0182848784055586 0.0585565802957107 0
"getting" 0.0561671534486632 0.018875047187618 0.0606121830487928 0 0.0409444520267504 0.0813228517213337 0 0.0488328938372888 0.0254950284694485 0.012132977432662 0.023285597857725 0.0187617260787993 0.0205317729185915 0.0234686693264492 0.0852296940253984 0.0527913422198759 0 0.10531242686637 0.0696309559335522 0.0340831629175187 0.0443000590667454 0.0419052940354798 0 0 0.0200642054574639 0.0103691414350892 0 0.102474015517494 0.127041742286751
"sam" 0.0449337227589306 0 0 0.0237586124970302 0 0 0 0 0 0 0.267784375363837 0.196998123827392 0.328508366697464 0 0 0 0 0 0 0 0 0.0139684313451599 0 0 0 0 0.0182848784055586 0 0.14519056261343
"talk" 0.0337002920691979 0.0377500943752359 0.0303060915243964 0.0356379187455453 0.0409444520267504 0.0542152344808891 0.0538213132400431 0.185564996581697 0.00849834282314949 0.012132977432662 0.0116427989288625 0.0281425891181989 0.0102658864592958 0.0234686693264492 0.0426148470126992 0.118780519994721 0.0447127207690588 0.0585069038146501 0.0497363970953944 0.0170415814587594 0 0.0558737253806398 0.0949126803340926 0 0 0.0311074243052675 0.0182848784055586 0.0146391450739277 0.0181488203266788
"end" 0.0449337227589306 0.0377500943752359 0.0505101525406607 0.0475172249940603 0.0136481506755835 0 0.107642626480086 0.0292997363023733 0.016996685646299 0.024265954865324 0.0814995925020375 0.0938086303939962 0.164254183348732 0.0234686693264492 0.0255689082076195 0.013197835554969 0.0223563603845294 0.01170138076293 0.0298418382572366 0.0511247443762781 0.0147666863555818 0.0139684313451599 0.0379650721336371 0 0.0200642054574639 0.0311074243052675 0.0182848784055586 0.043917435221783 0.0181488203266788
"four" 0.0112334306897326 0.018875047187618 0.0101020305081321 0.0356379187455453 0.0272963013511669 0.0542152344808891 0.0672766415500538 0.0195331575349155 0.0339933712925979 0.024265954865324 0.023285597857725 0 0.0102658864592958 0 0.00852296940253985 0.013197835554969 0.0447127207690588 0.12871518839223 0 0.102249488752556 0.0295333727111636 0.0838105880709596 0.0189825360668185 0.0368459837877671 0.0601926163723917 0.062214848610535 0 0.0731957253696384 0.308529945553539
"king" 0.0337002920691979 0 0 0 0.382148218916337 0 0 0 0.016996685646299 0.012132977432662 0.0582139946443125 0.25328330206379 0.225849502104507 0 0 0 0.0223563603845294 0 0 0 0 0 0 0 0.0200642054574639 0 0 0.0146391450739277 0
"lord" 0.0224668613794653 0 0.0606121830487928 0 0.136481506755835 0 0.0134553283100108 0.0195331575349155 0.00849834282314949 0 0.174641983932937 0.206378986866792 0.236115388563802 0.0117343346632246 0 0 0.0223563603845294 0 0.00994727941907888 0 0 0 0 0.0184229918938836 0 0.0414765657403567 0 0.0146391450739277 0
"shut" 0 0.0377500943752359 0.0808162440650571 0.0118793062485151 0.150129657431418 0.0406614258606668 0 0.0292997363023733 0.0509900569388969 0.012132977432662 0 0.00938086303939963 0.0615953187557746 0.0117343346632246 0.00852296940253985 0.0527913422198759 0.0447127207690588 0 0.0497363970953944 0.0511247443762781 0.0590667454223272 0.0139684313451599 0.0379650721336371 0 0.120385232744783 0.062214848610535 0.219418540866703 0.0146391450739277 0.0181488203266788
"together" 0.0337002920691979 0.018875047187618 0.0505101525406607 0.0237586124970302 0.0409444520267504 0 0.0941872981700753 0.0488328938372888 0.0679867425851959 0.0363989322979859 0 0.0375234521575985 0.0205317729185915 0.0117343346632246 0.170459388050797 0.013197835554969 0.0223563603845294 0.0234027615258601 0.0198945588381578 0.0340831629175187 0 0.0419052940354798 0.0569476082004556 0.0184229918938836 0.0200642054574639 0.0518457071754459 0.0731395136222344 0.0292782901478554 0
"clear" 0.0224668613794653 0.018875047187618 0.0303060915243964 0.0118793062485151 0.0545926027023338 0.094876660341556 0 0 0.016996685646299 0.024265954865324 0.023285597857725 0 0 0.058671673316123 0.0170459388050797 0.026395671109938 0.111781801922647 0.0585069038146501 0.0497363970953944 0.0170415814587594 0.0443000590667454 0.0419052940354798 0.0569476082004556 0.0736919675755343 0.0200642054574639 0.165906262961427 0.0365697568111172 0.102474015517494 0.0362976406533575
"hello" 0 0.0755001887504719 0.0202040610162643 0.0950344499881207 0.109185205404668 0.0406614258606668 0.0134553283100108 0.0585994726047466 0.16996685646299 0.0970638194612958 0.023285597857725 0.0187617260787993 0 0.0234686693264492 0.0170459388050797 0.0659891777748449 0 0.0234027615258601 0.0198945588381578 0 0.073833431777909 0.0279368626903199 0 0 0.0200642054574639 0 0 0.0585565802957107 0.0181488203266788
"blood" 0.0337002920691979 0 0 0 0.0136481506755835 0 0.0672766415500538 0.039066315069831 0 0.0970638194612958 0.04657119571545 0.0469043151969981 0.041063545837183 0.269889697254166 0.00852296940253985 0 0.201207243460765 0.0234027615258601 0.00994727941907888 0 0 0.0838105880709596 0.0189825360668185 0.0184229918938836 0.0200642054574639 0.0207382828701783 0.0365697568111172 0 0.108892921960073
"knew" 0.0337002920691979 0.132125330313326 0.0606121830487928 0.0237586124970302 0.0409444520267504 0.0271076172404446 0.134553283100108 0.039066315069831 0.00849834282314949 0.0849308420286338 0.0116427989288625 0.00938086303939963 0.0205317729185915 0.0938746773057968 0.0937526634279383 0.0527913422198759 0 0.01170138076293 0.0596836765144733 0.0170415814587594 0.073833431777909 0 0 0.0184229918938836 0 0.0103691414350892 0.0182848784055586 0.0146391450739277 0
"looking" 0.0561671534486632 0.0943752359380898 0.0606121830487928 0.0831551437396056 0.0409444520267504 0.0271076172404446 0 0 0.0339933712925979 0.0727978645959718 0.023285597857725 0.00938086303939963 0.0307976593778873 0.0352030039896738 0.0340918776101594 0.0527913422198759 0 0.01170138076293 0.0497363970953944 0.0681663258350375 0.0443000590667454 0.0419052940354798 0 0.0184229918938836 0.0401284109149278 0.0829531314807134 0 0.0146391450739277 0.108892921960073
"took" 0.0561671534486632 0.0377500943752359 0.0101020305081321 0.0118793062485151 0.0136481506755835 0 0.0134553283100108 0.039066315069831 0 0.024265954865324 0.0931423914309 0.0375234521575985 0.143722410430141 0.0352030039896738 0.00852296940253985 0 0 0 0.119367353028947 0 0.0590667454223272 0.0139684313451599 0.0569476082004556 0.0921149594694178 0.0401284109149278 0.0933222729158026 0.0365697568111172 0.043917435221783 0.0181488203266788
"wrong" 0.0786340148281285 0.0943752359380898 0.0505101525406607 0.0593965312425754 0.0409444520267504 0.0542152344808891 0 0.0488328938372888 0.0254950284694485 0.0970638194612958 0 0.0187617260787993 0.0102658864592958 0.058671673316123 0.0511378164152391 0.026395671109938 0.111781801922647 0.01170138076293 0.00994727941907888 0.0170415814587594 0.0295333727111636 0.0838105880709596 0 0.0368459837877671 0.0401284109149278 0 0 0.117113160591421 0
"feel" 0.0898674455178612 0 0.0404081220325285 0 0.0682407533779173 0.0135538086202223 0.0134553283100108 0.00976657876745776 0.0254950284694485 0.024265954865324 0.0814995925020375 0 0.041063545837183 0.0704060079793476 0.0937526634279383 0.026395671109938 0.0447127207690588 0.0468055230517201 0.0596836765144733 0.0340831629175187 0 0.0419052940354798 0.0949126803340926 0 0.0802568218298555 0.0518457071754459 0.0365697568111172 0 0
"goddamn" 0 0.0377500943752359 0 0.0356379187455453 0 0 0 0.0292997363023733 0.0339933712925979 0 0 0 0 0 0.0511378164152391 0.118780519994721 0.0223563603845294 0.0936110461034402 0.218840147219735 0 0.0886001181334908 0.139684313451599 0 0.0736919675755343 0.0802568218298555 0.0518457071754459 0.0182848784055586 0 0
"idea" 0.0112334306897326 0.0566251415628539 0.0303060915243964 0.0593965312425754 0.0545926027023338 0.0406614258606668 0 0.0292997363023733 0.0424917141157474 0.012132977432662 0.0116427989288625 0.00938086303939963 0.0102658864592958 0 0.272735020881275 0.0527913422198759 0.0223563603845294 0 0.0198945588381578 0.0170415814587594 0.0886001181334908 0 0.0759301442672741 0 0.0401284109149278 0.0311074243052675 0 0.0146391450739277 0.0181488203266788
"shoot" 0.0112334306897326 0.0377500943752359 0.0202040610162643 0.0356379187455453 0 0.0271076172404446 0 0.00976657876745776 0.00849834282314949 0 0 0.00938086303939963 0.0102658864592958 0.0469373386528984 0.0170459388050797 0 0.0670690811535882 0.0936110461034402 0.0397891176763155 0.0852079072937969 0 0.0977790194161196 0.208807896735004 0.0552689756816507 0 0.0829531314807134 0.219418540866703 0.043917435221783 0.0725952813067151
"word" 0.0561671534486632 0 0.0202040610162643 0.0356379187455453 0.0818889040535007 0.0406614258606668 0.0672766415500538 0.0292997363023733 0 0 0.0116427989288625 0.0375234521575985 0.0615953187557746 0.0704060079793476 0.00852296940253985 0.026395671109938 0.0223563603845294 0.10531242686637 0.0397891176763155 0.0340831629175187 0.0443000590667454 0.0558737253806398 0.0569476082004556 0 0.0802568218298555 0.0207382828701783 0.0548546352166758 0.0731957253696384 0.0181488203266788
"came" 0.0449337227589306 0.0377500943752359 0.0606121830487928 0.0475172249940603 0 0.0271076172404446 0.0134553283100108 0.039066315069831 0.0254950284694485 0 0.0814995925020375 0.00938086303939963 0.0205317729185915 0.058671673316123 0.0426148470126992 0.0659891777748449 0 0.01170138076293 0.0895255147717099 0.0340831629175187 0.073833431777909 0.0419052940354798 0.0189825360668185 0.0184229918938836 0.0200642054574639 0.062214848610535 0.0182848784055586 0.0731957253696384 0.0181488203266788
"soon" 0.0112334306897326 0.0377500943752359 0.0505101525406607 0 0.0272963013511669 0.0135538086202223 0.107642626480086 0.0488328938372888 0.0254950284694485 0.024265954865324 0.0582139946443125 0.0281425891181989 0.0718612052150703 0 0.0767067246228586 0.0923848488847829 0.0670690811535882 0.01170138076293 0.0298418382572366 0.0511247443762781 0.073833431777909 0 0.0569476082004556 0.0184229918938836 0.0200642054574639 0.0207382828701783 0.0548546352166758 0.0146391450739277 0.0181488203266788
"under" 0.0449337227589306 0.0566251415628539 0.0303060915243964 0.0712758374910905 0.0272963013511669 0.0406614258606668 0.0134553283100108 0.039066315069831 0.0594883997620464 0.024265954865324 0.0349283967865875 0.0375234521575985 0.041063545837183 0.0704060079793476 0.0596607858177789 0 0.0223563603845294 0.01170138076293 0.0298418382572366 0.0511247443762781 0.0443000590667454 0.0139684313451599 0.0379650721336371 0.0184229918938836 0.0200642054574639 0.0414765657403567 0.0182848784055586 0.0731957253696384 0.0362976406533575
"damn" 0.0674005841383959 0.018875047187618 0.0101020305081321 0.118793062485151 0 0 0 0 0.0849834282314949 0.012132977432662 0 0 0 0.0117343346632246 0.0170459388050797 0 0.223563603845294 0.0234027615258601 0.0497363970953944 0.0340831629175187 0.073833431777909 0.0139684313451599 0.0189825360668185 0.147383935151069 0.120385232744783 0.0311074243052675 0.0548546352166758 0.0878348704435661 0.0362976406533575
"matter" 0.0224668613794653 0.0566251415628539 0.0303060915243964 0.0237586124970302 0.0136481506755835 0.0271076172404446 0.0134553283100108 0.156265260279324 0.00849834282314949 0.0363989322979859 0.023285597857725 0 0.0307976593778873 0.0352030039896738 0.102275632830478 0.13197835554969 0 0.0702082845775802 0 0 0 0 0.0379650721336371 0.0368459837877671 0 0.0311074243052675 0.109709270433352 0.043917435221783 0
"pull" 0.0112334306897326 0 0.0404081220325285 0 0.0272963013511669 0.0542152344808891 0.0807319698600646 0.0195331575349155 0.135973485170392 0.012132977432662 0 0.0187617260787993 0.0615953187557746 0.0117343346632246 0.0255689082076195 0.026395671109938 0 0.0234027615258601 0.0397891176763155 0.119291070211316 0.0147666863555818 0.139684313451599 0 0.0368459837877671 0.0802568218298555 0.0311074243052675 0.0182848784055586 0.0146391450739277 0.0181488203266788
"who^s" 0.0337002920691979 0 0.0202040610162643 0.0475172249940603 0.0272963013511669 0.0677690431011114 0.0134553283100108 0.039066315069831 0.0254950284694485 0.0849308420286338 0 0.00938086303939963 0.0102658864592958 0.0234686693264492 0.0511378164152391 0.026395671109938 0.134138162307176 0.0351041422887901 0.0198945588381578 0.0511247443762781 0.0590667454223272 0.0419052940354798 0.0569476082004556 0 0 0.114060555785981 0.0548546352166758 0.043917435221783 0.0362976406533575
"-i" 0 0 0.232346701687039 0 0 0 0 0 0 0 0.209570380719525 0.0656660412757974 0 0 0 0 0 0.12871518839223 0 0.221540558963872 0 0.0419052940354798 0 0 0 0 0.0182848784055586 0.131752305665349 0
"already" 0.0449337227589306 0.0755001887504719 0.0202040610162643 0.0356379187455453 0.0409444520267504 0.0271076172404446 0.0403659849300323 0.039066315069831 0.0509900569388969 0.024265954865324 0.0582139946443125 0.0375234521575985 0.041063545837183 0.0469373386528984 0.0426148470126992 0.013197835554969 0.0223563603845294 0 0.0397891176763155 0.0170415814587594 0.0295333727111636 0 0 0 0.0200642054574639 0.0207382828701783 0.292558054488938 0.0292782901478554 0
"few" 0.0337002920691979 0 0.0606121830487928 0.0118793062485151 0 0.0271076172404446 0.0269106566200215 0 0.016996685646299 0.0849308420286338 0.0349283967865875 0.103189493433396 0.0307976593778873 0.0234686693264492 0.0170459388050797 0.158374026659628 0.0223563603845294 0.01170138076293 0.0696309559335522 0 0.0295333727111636 0.0419052940354798 0.0759301442672741 0.0184229918938836 0.0401284109149278 0 0.0365697568111172 0.0585565802957107 0.0362976406533575
"mother" 0.0898674455178612 0.018875047187618 0 0.106913756236636 0.0272963013511669 0.0542152344808891 0.0941872981700753 0.039066315069831 0.0679867425851959 0.0606648871633099 0 0.00938086303939963 0 0.0234686693264492 0.0255689082076195 0.026395671109938 0 0 0 0 0 0.0838105880709596 0.0569476082004556 0.0736919675755343 0 0.12442969722107 0.0548546352166758 0.0146391450739277 0
"jesus" 0.0112334306897326 0.018875047187618 0 0.0950344499881207 0.0409444520267504 0 0 0.0195331575349155 0.016996685646299 0 0 0 0 0 0.0511378164152391 0.013197835554969 0.0670690811535882 0.01170138076293 0.0994727941907888 0.102249488752556 0.221500295333727 0.0838105880709596 0 0.128960943257185 0.100321027287319 0.0725839900456242 0 0 0
"minute" 0 0.0377500943752359 0.0303060915243964 0.142551674982181 0.0272963013511669 0.121984277582001 0 0.0781326301396621 0.00849834282314949 0.0849308420286338 0 0.00938086303939963 0 0 0.0170459388050797 0.0659891777748449 0.290632684998882 0.0234027615258601 0.00994727941907888 0.0170415814587594 0.0147666863555818 0.0279368626903199 0 0 0 0.0103691414350892 0 0.102474015517494 0.0725952813067151
"turn" 0.0561671534486632 0.0566251415628539 0.0202040610162643 0.0356379187455453 0 0.0406614258606668 0.0134553283100108 0.00976657876745776 0.0764850854083454 0.0606648871633099 0.0349283967865875 0.0469043151969981 0.0513294322964788 0.0352030039896738 0.0426148470126992 0.013197835554969 0.0223563603845294 0.12871518839223 0 0.0170415814587594 0.0295333727111636 0 0.0759301442672741 0.0736919675755343 0 0.0311074243052675 0.0365697568111172 0.0292782901478554 0
"business" 0 0.0377500943752359 0.0303060915243964 0 0.0136481506755835 0 0.0134553283100108 0.400429729465768 0.016996685646299 0.0485319097306479 0.04657119571545 0.0469043151969981 0 0.0234686693264492 0.0170459388050797 0.026395671109938 0.0223563603845294 0.01170138076293 0 0.0340831629175187 0.0147666863555818 0.0279368626903199 0.0759301442672741 0 0 0.0311074243052675 0 0 0
"gandalf" 0 0 0 0 0 0 0 0 0 0 0.488997555012225 0.187617260787992 0.215583615645211 0 0 0 0 0 0 0 0 0 0 0 0 0 0 0 0
"hurry" 0 0.018875047187618 0.0707142135569249 0.0237586124970302 0.0545926027023338 0.0271076172404446 0.0134553283100108 0 0.0934817710546443 0.0849308420286338 0.04657119571545 0.0656660412757974 0.0923929781336618 0.0117343346632246 0.00852296940253985 0 0.0894254415381176 0.0234027615258601 0.0298418382572366 0.0170415814587594 0.0443000590667454 0.0139684313451599 0 0.0368459837877671 0.0601926163723917 0.0207382828701783 0 0.0585565802957107 0.0181488203266788
"kind" 0.0337002920691979 0.0755001887504719 0.0505101525406607 0.0831551437396056 0.0136481506755835 0.0406614258606668 0.0134553283100108 0.0195331575349155 0.0509900569388969 0.0485319097306479 0 0.00938086303939963 0.0205317729185915 0.0352030039896738 0.0426148470126992 0.0923848488847829 0.0670690811535882 0.0351041422887901 0.0497363970953944 0.0511247443762781 0.0295333727111636 0.0279368626903199 0.0379650721336371 0.0184229918938836 0.0401284109149278 0.0103691414350892 0.0365697568111172 0.0292782901478554 0
"knows" 0.0449337227589306 0.113250283125708 0.0101020305081321 0.0237586124970302 0.0136481506755835 0 0.0941872981700753 0.0488328938372888 0.0849834282314949 0.0970638194612958 0.04657119571545 0.0656660412757974 0.041063545837183 0 0.0426148470126992 0 0.111781801922647 0 0.0198945588381578 0.0170415814587594 0.0147666863555818 0.0279368626903199 0 0.0184229918938836 0.0401284109149278 0.0103691414350892 0.0182848784055586 0.0292782901478554 0
"private" 0 0.018875047187618 0.0101020305081321 0 0.0136481506755835 0 0 0.00976657876745776 0.00849834282314949 0 0 0 0 0 0.0170459388050797 0 0 0.01170138076293 0.0298418382572366 0.0511247443762781 0.118133490844654 0.530800391116078 0 0.0184229918938836 0.0601926163723917 0.165906262961427 0.0365697568111172 0 0
"without" 0.0224668613794653 0.018875047187618 0.0303060915243964 0.0712758374910905 0.0136481506755835 0.0406614258606668 0.0134553283100108 0.039066315069831 0.016996685646299 0.012132977432662 0.023285597857725 0.0469043151969981 0.0102658864592958 0.0821403426425722 0.0255689082076195 0.026395671109938 0.0223563603845294 0.0585069038146501 0 0.0170415814587594 0.0886001181334908 0.0977790194161196 0.0379650721336371 0.0552689756816507 0.0601926163723917 0.0414765657403567 0.0548546352166758 0.043917435221783 0
"follow" 0 0 0.0303060915243964 0.0118793062485151 0.0409444520267504 0 0.0134553283100108 0 0.00849834282314949 0.109196796893958 0.0814995925020375 0.0844277673545966 0.0615953187557746 0.0117343346632246 0.0596607858177789 0 0 0.01170138076293 0.0198945588381578 0.0511247443762781 0.073833431777909 0.0139684313451599 0.0189825360668185 0.0552689756816507 0.0401284109149278 0.0414765657403567 0.091424392027793 0.0585565802957107 0.0362976406533575
"killed" 0.0786340148281285 0.0377500943752359 0.0404081220325285 0.0356379187455453 0.0818889040535007 0.0135538086202223 0.0403659849300323 0.0488328938372888 0.00849834282314949 0.0485319097306479 0 0 0.0102658864592958 0.0234686693264492 0.0340918776101594 0.039593506664907 0 0.0234027615258601 0.0596836765144733 0.0681663258350375 0.103366804489073 0.0698421567257997 0.0189825360668185 0.0184229918938836 0.0200642054574639 0.0414765657403567 0.0548546352166758 0.0146391450739277 0
"stone" 0.516737811727702 0.0566251415628539 0 0 0.0272963013511669 0 0 0 0.00849834282314949 0.230526571220578 0.0116427989288625 0.0187617260787993 0.0205317729185915 0.0234686693264492 0 0 0 0 0 0 0 0 0 0.0184229918938836 0 0 0 0.0146391450739277 0.0181488203266788
"thanks" 0 0.018875047187618 0 0.0712758374910905 0.0136481506755835 0.0677690431011114 0 0.0195331575349155 0.016996685646299 0.0727978645959718 0 0 0 0.0352030039896738 0.0170459388050797 0.039593506664907 0.0223563603845294 0.0234027615258601 0.109420073609868 0.102249488752556 0.0147666863555818 0.0139684313451599 0.0379650721336371 0.184229918938836 0.140449438202247 0.0103691414350892 0.0548546352166758 0.0585565802957107 0.0181488203266788
"today" 0.0449337227589306 0 0.0101020305081321 0.0712758374910905 0.0545926027023338 0.0813228517213337 0.0672766415500538 0.039066315069831 0.0254950284694485 0.0485319097306479 0.0116427989288625 0.0281425891181989 0 0.0234686693264492 0 0.0923848488847829 0.0223563603845294 0.10531242686637 0.0198945588381578 0 0.0590667454223272 0.11174745076128 0 0 0.0401284109149278 0.0207382828701783 0.0365697568111172 0.0146391450739277 0
"cannot" 0.0449337227589306 0.018875047187618 0 0 0.0409444520267504 0.0135538086202223 0.0269106566200215 0.00976657876745776 0 0.024265954865324 0.244498777506112 0.140712945590994 0.123190637511549 0.0704060079793476 0 0.013197835554969 0.0223563603845294 0.0585069038146501 0.00994727941907888 0 0 0.0139684313451599 0.0189825360668185 0 0 0.0103691414350892 0 0.0146391450739277 0
"its" 0.101100876207594 0.0377500943752359 0.0404081220325285 0 0.0545926027023338 0.0406614258606668 0.0538213132400431 0 0.016996685646299 0.0849308420286338 0.151356386075212 0.121951219512195 0.0307976593778873 0.0117343346632246 0 0.026395671109938 0.0447127207690588 0.01170138076293 0.00994727941907888 0.0170415814587594 0 0 0.0189825360668185 0.0552689756816507 0.0200642054574639 0.0207382828701783 0 0 0.0181488203266788
"live" 0.0112334306897326 0 0 0.0237586124970302 0.0545926027023338 0 0.34983853606028 0 0.0424917141157474 0.0606648871633099 0.0582139946443125 0.0281425891181989 0.0307976593778873 0 0.0255689082076195 0.0659891777748449 0 0.0351041422887901 0.0198945588381578 0.0170415814587594 0 0.0279368626903199 0.0379650721336371 0.0184229918938836 0 0.0207382828701783 0.0182848784055586 0.043917435221783 0.0181488203266788
"bit" 0.0449337227589306 0.0377500943752359 0.0404081220325285 0 0.0818889040535007 0.0542152344808891 0.0134553283100108 0.0195331575349155 0.0339933712925979 0.145595729191944 0.0349283967865875 0.0281425891181989 0.0307976593778873 0.0704060079793476 0.0170459388050797 0.0527913422198759 0.0223563603845294 0.0468055230517201 0.0198945588381578 0.0511247443762781 0.0147666863555818 0 0.0189825360668185 0.0368459837877671 0 0.0207382828701783 0.0182848784055586 0.0146391450739277 0.0181488203266788
"else" 0.0112334306897326 0.018875047187618 0.0101020305081321 0.0475172249940603 0.0682407533779173 0.0271076172404446 0.0403659849300323 0.0585994726047466 0.0339933712925979 0.024265954865324 0.04657119571545 0 0.0307976593778873 0.0234686693264492 0.0596607858177789 0.039593506664907 0.111781801922647 0.01170138076293 0.0198945588381578 0.0170415814587594 0.073833431777909 0 0.0759301442672741 0 0.0601926163723917 0.0311074243052675 0.0182848784055586 0.0731957253696384 0.0181488203266788
"em" 0.0337002920691979 0.0755001887504719 0.0303060915243964 0.0118793062485151 0.0136481506755835 0.0677690431011114 0 0 0 0 0 0 0.0102658864592958 0.0938746773057968 0 0 0.223563603845294 0 0 0 0 0.0419052940354798 0.0189825360668185 0.221075902726603 0.140449438202247 0.197013687266694 0.0182848784055586 0 0
"safe" 0.0561671534486632 0.018875047187618 0.0404081220325285 0.0356379187455453 0 0.0135538086202223 0.0134553283100108 0.0488328938372888 0.0254950284694485 0.0606648871633099 0.0931423914309 0.075046904315197 0.0513294322964788 0.0352030039896738 0.0937526634279383 0 0 0.0351041422887901 0.00994727941907888 0 0.0295333727111636 0 0.0379650721336371 0 0.0200642054574639 0.062214848610535 0 0 0.0181488203266788
"says" 0 0.018875047187618 0.0707142135569249 0.0237586124970302 0.0409444520267504 0.0271076172404446 0.0134553283100108 0.0683660513722043 0.0339933712925979 0.024265954865324 0.0116427989288625 0.0562851782363977 0 0.0469373386528984 0.0170459388050797 0.013197835554969 0.0894254415381176 0.0351041422887901 0.00994727941907888 0.0852079072937969 0.0147666863555818 0.0419052940354798 0.0379650721336371 0.0552689756816507 0 0.114060555785981 0 0.0292782901478554 0.0181488203266788
"anybody" 0 0 0 0.118793062485151 0 0.0135538086202223 0 0.0292997363023733 0.0424917141157474 0.012132977432662 0 0 0 0 0 0.0923848488847829 0.380058126537 0.0351041422887901 0.0397891176763155 0.0340831629175187 0.073833431777909 0.0558737253806398 0.0189825360668185 0.0184229918938836 0.0200642054574639 0.0829531314807134 0.0365697568111172 0.0292782901478554 0.0181488203266788
"harry" 0.0112334306897326 0 0 0 0 0 0 0 0 0.825042465421014 0 0 0 0 0 0 0 0 0.0397891176763155 0 0.073833431777909 0 0 0 0 0 0 0 0
"show" 0.0224668613794653 0.0755001887504719 0 0.0593965312425754 0.0409444520267504 0.0677690431011114 0.0269106566200215 0.0585994726047466 0.016996685646299 0.012132977432662 0 0.0375234521575985 0.0307976593778873 0.0117343346632246 0.0340918776101594 0.013197835554969 0.0670690811535882 0 0.0397891176763155 0.0340831629175187 0.0295333727111636 0.0698421567257997 0.0189825360668185 0 0.0601926163723917 0.0414765657403567 0.0365697568111172 0.0585565802957107 0.0907441016333938
"fall" 0.0224668613794653 0.0377500943752359 0.0101020305081321 0.0475172249940603 0 0.0135538086202223 0.0134553283100108 0 0.0254950284694485 0.012132977432662 0.0582139946443125 0.112570356472795 0.102658864592958 0 0.00852296940253985 0 0 0 0.0895255147717099 0.136332651670075 0.0295333727111636 0.0139684313451599 0 0 0.0601926163723917 0.0518457071754459 0.0548546352166758 0.043917435221783 0
"general" 0.0112334306897326 0 0.0101020305081321 0 0.0136481506755835 0 0.363293864370291 0 0 0 0 0 0 0.0117343346632246 0 0.013197835554969 0.0223563603845294 0.1170138076293 0.0298418382572366 0.0511247443762781 0.0443000590667454 0.0698421567257997 0 0 0 0.0518457071754459 0.091424392027793 0.146391450739277 0
"close" 0.0561671534486632 0.0377500943752359 0.0707142135569249 0.0118793062485151 0 0.0135538086202223 0.0269106566200215 0.0195331575349155 0.0679867425851959 0.012132977432662 0.0814995925020375 0.0469043151969981 0.0205317729185915 0.0117343346632246 0 0.039593506664907 0.156494522691706 0.0234027615258601 0.0298418382572366 0.0170415814587594 0.0590667454223272 0.0139684313451599 0.0189825360668185 0 0 0.0414765657403567 0.0548546352166758 0.0292782901478554 0.0181488203266788
"same" 0.0449337227589306 0.0377500943752359 0.0404081220325285 0.0118793062485151 0.0545926027023338 0 0 0.00976657876745776 0.0509900569388969 0.0727978645959718 0.0349283967865875 0 0.0205317729185915 0.058671673316123 0.0170459388050797 0.013197835554969 0.0223563603845294 0.0351041422887901 0.0198945588381578 0.0681663258350375 0.0295333727111636 0.0279368626903199 0.113895216400911 0.0552689756816507 0.0401284109149278 0.0311074243052675 0.0365697568111172 0.0292782901478554 0.0544464609800363
"second" 0.0561671534486632 0 0.0202040610162643 0.0237586124970302 0.0545926027023338 0.0271076172404446 0.0269106566200215 0.00976657876745776 0.016996685646299 0.024265954865324 0.069856793573175 0 0.0102658864592958 0.0117343346632246 0.0255689082076195 0.039593506664907 0 0.01170138076293 0.0298418382572366 0.0852079072937969 0.0886001181334908 0.0139684313451599 0.0189825360668185 0.0368459837877671 0.200642054574639 0.0207382828701783 0.0731395136222344 0.0292782901478554 0.0544464609800363
"wants" 0.0449337227589306 0 0.0101020305081321 0.0356379187455453 0.0136481506755835 0.0135538086202223 0.0672766415500538 0.126965523976951 0 0.0363989322979859 0.0116427989288625 0.0656660412757974 0.041063545837183 0.0234686693264492 0.0170459388050797 0.013197835554969 0.156494522691706 0.01170138076293 0 0.0340831629175187 0.0590667454223272 0.0279368626903199 0.0189825360668185 0.0736919675755343 0.0401284109149278 0.0207382828701783 0.0182848784055586 0.0292782901478554 0
"alive" 0.0561671534486632 0.018875047187618 0.0303060915243964 0.0237586124970302 0.0136481506755835 0.0406614258606668 0.0941872981700753 0.039066315069831 0.0254950284694485 0.012132977432662 0.023285597857725 0.103189493433396 0.0513294322964788 0 0.0511378164152391 0.013197835554969 0.0223563603845294 0.0351041422887901 0.00994727941907888 0.0681663258350375 0.0147666863555818 0.0698421567257997 0 0 0.0200642054574639 0.0311074243052675 0.0182848784055586 0 0
"break" 0 0.018875047187618 0 0.0593965312425754 0 0.0406614258606668 0.0134553283100108 0.039066315069831 0 0 0 0.0281425891181989 0.0615953187557746 0 0.0596607858177789 0 0.0223563603845294 0.01170138076293 0 0.0681663258350375 0 0.0419052940354798 0.0189825360668185 0.0736919675755343 0.0802568218298555 0 0.0365697568111172 0.043917435221783 0.399274047186933
"course" 0.0112334306897326 0 0.0707142135569249 0.0831551437396056 0.0955370547290842 0.0406614258606668 0.0538213132400431 0 0 0.133462751759282 0.04657119571545 0.00938086303939963 0.0102658864592958 0.0469373386528984 0.0170459388050797 0.039593506664907 0 0.01170138076293 0.0198945588381578 0 0.0147666863555818 0 0.0569476082004556 0.0184229918938836 0.0601926163723917 0.0103691414350892 0.0548546352166758 0.0585565802957107 0.0181488203266788
"power" 0.101100876207594 0.0377500943752359 0.151530457621982 0.0237586124970302 0.0272963013511669 0.0271076172404446 0.0538213132400431 0.00976657876745776 0 0.012132977432662 0.23285597857725 0.0656660412757974 0.0513294322964788 0.0117343346632246 0.00852296940253985 0 0 0.01170138076293 0 0 0 0.0139684313451599 0 0 0 0 0 0.0146391450739277 0
"wanted" 0.0449337227589306 0.018875047187618 0.0202040610162643 0.0237586124970302 0 0.0677690431011114 0.0134553283100108 0.0683660513722043 0.0509900569388969 0.0363989322979859 0.023285597857725 0 0 0.0117343346632246 0.0596607858177789 0.026395671109938 0.0447127207690588 0.01170138076293 0.0397891176763155 0.0340831629175187 0.0147666863555818 0.0558737253806398 0.0569476082004556 0.0368459837877671 0.0200642054574639 0.0207382828701783 0.146279027244469 0.0146391450739277 0.0181488203266788
"water" 0 0.0943752359380898 0 0 0.0545926027023338 0.0271076172404446 0.0134553283100108 0.0195331575349155 0.0764850854083454 0.024265954865324 0.023285597857725 0.0562851782363977 0.041063545837183 0.0117343346632246 0.0170459388050797 0.026395671109938 0 0.0234027615258601 0.0198945588381578 0.0511247443762781 0.0147666863555818 0.0139684313451599 0.0379650721336371 0.0184229918938836 0.341091492776886 0.0207382828701783 0.0365697568111172 0 0
"hard" 0.0337002920691979 0.018875047187618 0.0202040610162643 0.0475172249940603 0 0.0271076172404446 0.0134553283100108 0 0.0934817710546443 0.012132977432662 0.0349283967865875 0.0562851782363977 0.0205317729185915 0.0469373386528984 0.0255689082076195 0.039593506664907 0.0223563603845294 0.01170138076293 0.00994727941907888 0 0.0443000590667454 0.125715882106439 0.0189825360668185 0.0184229918938836 0.100321027287319 0.0518457071754459 0 0.0146391450739277 0
"mine" 0.0337002920691979 0.0377500943752359 0.0202040610162643 0.0593965312425754 0.0409444520267504 0.0271076172404446 0.0269106566200215 0.0195331575349155 0.0339933712925979 0.024265954865324 0.116427989288625 0.0656660412757974 0.0615953187557746 0.0234686693264492 0.0170459388050797 0 0 0.0351041422887901 0 0 0.0295333727111636 0.0279368626903199 0 0.0184229918938836 0.0200642054574639 0.062214848610535 0.0548546352166758 0.0146391450739277 0.0181488203266788
"position" 0.0112334306897326 0.018875047187618 0.0404081220325285 0 0 0 0 0.0195331575349155 0.00849834282314949 0 0 0 0.0102658864592958 0 0.00852296940253985 0 0 0.10531242686637 0.0696309559335522 0.0681663258350375 0.0443000590667454 0.0139684313451599 0.0189825360668185 0.128960943257185 0 0.0311074243052675 0 0 0.508166969147005
"six" 0.0786340148281285 0.018875047187618 0.0303060915243964 0 0 0.0271076172404446 0.0134553283100108 0.0292997363023733 0.0424917141157474 0.012132977432662 0.023285597857725 0.00938086303939963 0.0205317729185915 0 0.0426148470126992 0 0.0894254415381176 0.0468055230517201 0.0696309559335522 0.0170415814587594 0.0590667454223272 0.0139684313451599 0.0189825360668185 0 0 0 0.0182848784055586 0 0.326678765880218
"while" 0.0449337227589306 0 0.0404081220325285 0.0593965312425754 0.0409444520267504 0.0135538086202223 0.0538213132400431 0.0195331575349155 0.0254950284694485 0.0485319097306479 0.0349283967865875 0.00938086303939963 0.0307976593778873 0.0117343346632246 0.0511378164152391 0.0659891777748449 0.0223563603845294 0.0234027615258601 0.0198945588381578 0.0170415814587594 0.0295333727111636 0.0419052940354798 0.0569476082004556 0.0552689756816507 0.0200642054574639 0.0103691414350892 0.0731395136222344 0.0146391450739277 0.0181488203266788
"alone" 0.0337002920691979 0.0377500943752359 0.0202040610162643 0.0593965312425754 0 0.0135538086202223 0.0538213132400431 0.00976657876745776 0.016996685646299 0.024265954865324 0.069856793573175 0.103189493433396 0.0615953187557746 0.0234686693264492 0.0681837552203188 0 0.0447127207690588 0 0.00994727941907888 0.0170415814587594 0.0443000590667454 0 0 0.0184229918938836 0.0200642054574639 0 0.12799414883891 0.0146391450739277 0.0181488203266788
"far" 0 0.018875047187618 0.0606121830487928 0.0356379187455453 0.0409444520267504 0.0135538086202223 0.0269106566200215 0.0292997363023733 0.016996685646299 0.0363989322979859 0.069856793573175 0.075046904315197 0.0513294322964788 0.0234686693264492 0.0255689082076195 0.039593506664907 0.0223563603845294 0.0468055230517201 0.0198945588381578 0 0.0590667454223272 0.0698421567257997 0.0569476082004556 0 0.0200642054574639 0.0103691414350892 0 0.0146391450739277 0
"huh" 0.0449337227589306 0.0566251415628539 0.0202040610162643 0.0118793062485151 0 0.135538086202223 0.0134553283100108 0 0.0339933712925979 0 0 0 0 0 0.0937526634279383 0.026395671109938 0.111781801922647 0.01170138076293 0.0497363970953944 0.0340831629175187 0.0295333727111636 0.0419052940354798 0 0.0368459837877671 0.0401284109149278 0.0933222729158026 0.0182848784055586 0.0292782901478554 0.0181488203266788
"set" 0 0 0.0505101525406607 0.0475172249940603 0.0136481506755835 0.0271076172404446 0.0134553283100108 0.0292997363023733 0.016996685646299 0.024265954865324 0.0349283967865875 0.0281425891181989 0.041063545837183 0.0234686693264492 0.0340918776101594 0.039593506664907 0.0223563603845294 0.0468055230517201 0.00994727941907888 0.0511247443762781 0.0295333727111636 0.0838105880709596 0 0.0921149594694178 0.100321027287319 0.0207382828701783 0 0.043917435221783 0.0362976406533575
"guess" 0.0224668613794653 0.0377500943752359 0.0202040610162643 0.0831551437396056 0 0 0 0.0195331575349155 0.016996685646299 0 0 0 0.0205317729185915 0.0117343346632246 0.0340918776101594 0.118780519994721 0.111781801922647 0.0234027615258601 0.0596836765144733 0.0340831629175187 0.0886001181334908 0 0.0189825360668185 0.0552689756816507 0.100321027287319 0.0725839900456242 0 0.0292782901478554 0
"miss" 0.0224668613794653 0 0 0.0593965312425754 0.0136481506755835 0.0135538086202223 0 0.00976657876745776 0.152970170816691 0.0606648871633099 0.023285597857725 0 0 0.222952358601267 0.0255689082076195 0.013197835554969 0 0 0.0397891176763155 0.0511247443762781 0.0147666863555818 0.0139684313451599 0.0189825360668185 0.0184229918938836 0.0601926163723917 0 0 0 0
"talking" 0.0224668613794653 0.0755001887504719 0.0909182745731892 0.0237586124970302 0 0.0406614258606668 0 0.039066315069831 0.016996685646299 0.012132977432662 0.0116427989288625 0.0281425891181989 0 0 0.0596607858177789 0.0791870133298139 0.0447127207690588 0.0234027615258601 0.0795782353526311 0.0340831629175187 0.0295333727111636 0 0.0569476082004556 0 0 0.0207382828701783 0.0731395136222344 0.0292782901478554 0.0181488203266788
"behind" 0.0112334306897326 0 0.0303060915243964 0.0237586124970302 0.0272963013511669 0.0406614258606668 0.0134553283100108 0.0292997363023733 0 0.012132977432662 0.04657119571545 0.0469043151969981 0.0615953187557746 0.0352030039896738 0.0170459388050797 0.0527913422198759 0 0.0702082845775802 0.00994727941907888 0.0681663258350375 0.073833431777909 0.0279368626903199 0.0189825360668185 0.0368459837877671 0.0401284109149278 0.0207382828701783 0.0182848784055586 0.043917435221783 0.0362976406533575
"brother" 0.0786340148281285 0 0 0.0593965312425754 0.0545926027023338 0 0.215285252960172 0.0976657876745776 0 0.0363989322979859 0.0116427989288625 0.0656660412757974 0.0102658864592958 0 0 0 0 0 0.0198945588381578 0 0.0295333727111636 0.0279368626903199 0 0.0184229918938836 0.0802568218298555 0.0311074243052675 0 0 0.0544464609800363
"care" 0 0.018875047187618 0.0303060915243964 0.0475172249940603 0 0.0271076172404446 0.0269106566200215 0.0976657876745776 0.0424917141157474 0.024265954865324 0.023285597857725 0.0187617260787993 0.0205317729185915 0.058671673316123 0.0340918776101594 0.0791870133298139 0 0 0.0298418382572366 0.0340831629175187 0.0147666863555818 0.0139684313451599 0.0569476082004556 0.0736919675755343 0 0.0207382828701783 0.0365697568111172 0.043917435221783 0
"everybody" 0.0224668613794653 0 0 0.0118793062485151 0 0.121984277582001 0 0.039066315069831 0.0424917141157474 0.012132977432662 0 0.00938086303939963 0 0 0 0.013197835554969 0.0894254415381176 0.0468055230517201 0.0298418382572366 0.0511247443762781 0.073833431777909 0.0419052940354798 0 0.0736919675755343 0.0401284109149278 0.0311074243052675 0.182848784055586 0.0731957253696384 0.0181488203266788
"light" 0 0.0377500943752359 0.0303060915243964 0 0 0.0677690431011114 0.0134553283100108 0.00976657876745776 0.0254950284694485 0.024265954865324 0.0931423914309 0.0562851782363977 0.102658864592958 0 0 0.026395671109938 0.0223563603845294 0.0468055230517201 0.0198945588381578 0.0511247443762781 0.147666863555818 0 0.0379650721336371 0 0 0.0311074243052675 0 0.043917435221783 0
"rest" 0.0449337227589306 0 0.0202040610162643 0.0475172249940603 0.0272963013511669 0 0.0538213132400431 0.039066315069831 0.00849834282314949 0 0.069856793573175 0.0281425891181989 0.0205317729185915 0.0117343346632246 0.0340918776101594 0.0527913422198759 0.0894254415381176 0.0468055230517201 0.0198945588381578 0.0170415814587594 0.0590667454223272 0.0279368626903199 0.0569476082004556 0 0.0401284109149278 0.0311074243052675 0.0182848784055586 0.0585565802957107 0
"boys" 0 0.0377500943752359 0.0303060915243964 0.0237586124970302 0.0136481506755835 0.0271076172404446 0 0.00976657876745776 0.0254950284694485 0.012132977432662 0 0.0281425891181989 0 0 0.00852296940253985 0 0 0.0468055230517201 0.0696309559335522 0.153374233128834 0.0886001181334908 0.0838105880709596 0 0.110537951363301 0.120385232744783 0 0.0182848784055586 0.0585565802957107 0.0362976406533575
"house" 0.0112334306897326 0.018875047187618 0 0.0593965312425754 0.0136481506755835 0.121984277582001 0.0403659849300323 0.0976657876745776 0.00849834282314949 0.133462751759282 0.023285597857725 0.00938086303939963 0.0513294322964788 0 0.0340918776101594 0.039593506664907 0 0 0.00994727941907888 0 0 0.0419052940354798 0 0 0 0.0207382828701783 0.0182848784055586 0.0292782901478554 0.0725952813067151
"welcome" 0.0224668613794653 0.018875047187618 0 0.0118793062485151 0.0409444520267504 0.0813228517213337 0.0134553283100108 0.00976657876745776 0.0424917141157474 0.109196796893958 0.0814995925020375 0.0375234521575985 0.0205317729185915 0.0704060079793476 0.0255689082076195 0 0 0 0 0.0340831629175187 0.0147666863555818 0.0279368626903199 0 0.0552689756816507 0.0601926163723917 0.0207382828701783 0.0365697568111172 0.0585565802957107 0
"whole" 0.0337002920691979 0.0566251415628539 0.0404081220325285 0 0 0.0271076172404446 0.0538213132400431 0.00976657876745776 0.0339933712925979 0.012132977432662 0.023285597857725 0 0.0205317729185915 0.0234686693264492 0.0426148470126992 0.0659891777748449 0.0894254415381176 0.0351041422887901 0.0198945588381578 0.0681663258350375 0.0443000590667454 0.0139684313451599 0.0379650721336371 0.0552689756816507 0.0200642054574639 0.0414765657403567 0.0365697568111172 0.0292782901478554 0.0181488203266788
"wouldn^t" 0.0337002920691979 0.018875047187618 0.0303060915243964 0.0593965312425754 0.0272963013511669 0 0.0538213132400431 0.0488328938372888 0.0339933712925979 0.012132977432662 0.0116427989288625 0.0187617260787993 0.0205317729185915 0.0234686693264492 0.0511378164152391 0.0923848488847829 0 0.0468055230517201 0.0596836765144733 0 0.0147666863555818 0 0.0189825360668185 0.0368459837877671 0 0.062214848610535 0 0.0292782901478554 0
"check" 0.0112334306897326 0.018875047187618 0.0202040610162643 0.0237586124970302 0 0.0135538086202223 0 0.0195331575349155 0.0254950284694485 0.024265954865324 0 0 0 0 0.0340918776101594 0.0659891777748449 0.0447127207690588 0.0585069038146501 0.0298418382572366 0.0170415814587594 0.0886001181334908 0.0279368626903199 0.0189825360668185 0.0184229918938836 0.0401284109149278 0.0725839900456242 0 0.0146391450739277 0.272232304900181
"gun" 0.0112334306897326 0 0 0 0 0 0 0.0781326301396621 0 0 0 0 0 0 0.0170459388050797 0 0.0670690811535882 0.0234027615258601 0.0198945588381578 0.0511247443762781 0.191966922622563 0.0279368626903199 0.208807896735004 0.0552689756816507 0.0200642054574639 0.0725839900456242 0.0731395136222344 0.043917435221783 0.0725952813067151
"hands" 0.0674005841383959 0.0566251415628539 0.0303060915243964 0.0356379187455453 0 0.0271076172404446 0 0 0.0594883997620464 0.012132977432662 0.023285597857725 0.0562851782363977 0.041063545837183 0.0821403426425722 0 0 0 0.0234027615258601 0.0397891176763155 0.0340831629175187 0.0295333727111636 0 0.0759301442672741 0.0184229918938836 0.0601926163723917 0.0414765657403567 0.0182848784055586 0 0.0362976406533575
"job" 0.0112334306897326 0 0.0101020305081321 0.0118793062485151 0 0.0271076172404446 0 0.039066315069831 0 0.0606648871633099 0.0116427989288625 0 0 0 0.127844541038098 0.0923848488847829 0.0223563603845294 0.0351041422887901 0.0397891176763155 0.0681663258350375 0.0590667454223272 0.0558737253806398 0 0.0552689756816507 0 0.0207382828701783 0 0.0731957253696384 0.0362976406533575
"since" 0.0337002920691979 0 0.0404081220325285 0.0831551437396056 0.0545926027023338 0.0135538086202223 0.0538213132400431 0.039066315069831 0.0339933712925979 0.0363989322979859 0.023285597857725 0.0187617260787993 0.0513294322964788 0.0234686693264492 0.00852296940253985 0.013197835554969 0.0223563603845294 0.01170138076293 0.0497363970953944 0.0170415814587594 0.0295333727111636 0 0 0.0184229918938836 0.0200642054574639 0.0311074243052675 0.0182848784055586 0.0878348704435661 0
"wake" 0.0337002920691979 0.018875047187618 0.0202040610162643 0 0 0 0.0269106566200215 0.00976657876745776 0 0.0606648871633099 0 0.0187617260787993 0.0718612052150703 0.0117343346632246 0.170459388050797 0.105582684439752 0.0447127207690588 0 0 0.0170415814587594 0.0295333727111636 0 0.0759301442672741 0.0184229918938836 0.0200642054574639 0.0103691414350892 0 0.0146391450739277 0.0725952813067151
"kid" 0.101100876207594 0 0.14142842711385 0.154430981230696 0 0.0406614258606668 0 0.0585994726047466 0.00849834282314949 0 0 0 0 0.0117343346632246 0 0.013197835554969 0 0 0.0397891176763155 0.0340831629175187 0.0443000590667454 0.0139684313451599 0 0 0.0200642054574639 0.062214848610535 0.0182848784055586 0 0.0362976406533575
"where^s" 0.0898674455178612 0.0377500943752359 0 0.0237586124970302 0.0136481506755835 0.0677690431011114 0.0269106566200215 0.0195331575349155 0.016996685646299 0.012132977432662 0.0116427989288625 0.00938086303939963 0.0102658864592958 0.0234686693264492 0.00852296940253985 0 0.111781801922647 0.01170138076293 0.109420073609868 0.0511247443762781 0.0443000590667454 0.0419052940354798 0.0189825360668185 0.0552689756816507 0 0.0414765657403567 0 0.043917435221783 0
"being" 0.0449337227589306 0.0566251415628539 0.0101020305081321 0.0237586124970302 0.0409444520267504 0.0271076172404446 0.0269106566200215 0.039066315069831 0.0849834282314949 0.0363989322979859 0.04657119571545 0.0187617260787993 0 0.0352030039896738 0.00852296940253985 0.026395671109938 0 0.0351041422887901 0.0696309559335522 0.0511247443762781 0 0.0279368626903199 0 0.0368459837877671 0 0.0207382828701783 0.0182848784055586 0.0146391450739277 0
"cut" 0 0.0566251415628539 0.0404081220325285 0.0356379187455453 0.122833356080251 0 0 0.0195331575349155 0.0509900569388969 0.012132977432662 0.023285597857725 0.0375234521575985 0.0102658864592958 0.0234686693264492 0.0255689082076195 0.013197835554969 0.223563603845294 0 0.0397891176763155 0.0340831629175187 0 0.0139684313451599 0 0 0 0.0414765657403567 0.0548546352166758 0.0146391450739277 0.0181488203266788
"days" 0 0.0377500943752359 0 0.0118793062485151 0 0.0271076172404446 0.0807319698600646 0.0195331575349155 0 0 0.0582139946443125 0.0844277673545966 0.0821270916743661 0.0469373386528984 0.0170459388050797 0.013197835554969 0.0447127207690588 0.0234027615258601 0.0696309559335522 0 0.0443000590667454 0.0558737253806398 0.0379650721336371 0 0 0.0207382828701783 0.0182848784055586 0.0292782901478554 0
"children" 0.0561671534486632 0.0377500943752359 0 0.0118793062485151 0 0.0135538086202223 0.0134553283100108 0.0683660513722043 0.118976799524093 0 0 0.0844277673545966 0.0205317729185915 0 0.102275632830478 0 0 0.0468055230517201 0 0 0 0.0419052940354798 0 0 0 0.0311074243052675 0.0365697568111172 0 0
"family" 0 0.0377500943752359 0 0.0118793062485151 0 0 0.0672766415500538 0.312530520558648 0 0.0606648871633099 0 0.00938086303939963 0 0.0117343346632246 0.00852296940253985 0.0659891777748449 0 0 0 0.0170415814587594 0.0147666863555818 0 0.113895216400911 0.0184229918938836 0 0.0207382828701783 0.0182848784055586 0 0.0181488203266788
"friends" 0 0.151000377500944 0.0404081220325285 0 0 0.121984277582001 0.0269106566200215 0.039066315069831 0 0.0363989322979859 0.04657119571545 0.0844277673545966 0.0615953187557746 0.0117343346632246 0.00852296940253985 0.013197835554969 0 0 0.0497363970953944 0.0340831629175187 0 0.0139684313451599 0.0189825360668185 0.0184229918938836 0.0401284109149278 0.0103691414350892 0 0.0146391450739277 0
"send" 0.0224668613794653 0 0.0404081220325285 0.0356379187455453 0.0136481506755835 0.0271076172404446 0.0269106566200215 0.0292997363023733 0 0.012132977432662 0.023285597857725 0.0562851782363977 0.041063545837183 0.0234686693264492 0.0255689082076195 0 0 0.0351041422887901 0.00994727941907888 0.0852079072937969 0.0443000590667454 0.0419052940354798 0 0.0184229918938836 0.0401284109149278 0.0518457071754459 0.0182848784055586 0.0585565802957107 0.0544464609800363
"speak" 0.0449337227589306 0 0.0101020305081321 0 0.0409444520267504 0 0.0538213132400431 0.00976657876745776 0.00849834282314949 0.0363989322979859 0.0814995925020375 0.075046904315197 0.0205317729185915 0.0352030039896738 0.0426148470126992 0.013197835554969 0 0.0234027615258601 0 0.0340831629175187 0 0.0139684313451599 0.0949126803340926 0.0184229918938836 0.0401284109149278 0.0414765657403567 0.091424392027793 0.0146391450739277 0
"almost" 0.0224668613794653 0.0377500943752359 0.0505101525406607 0.0831551437396056 0.0136481506755835 0.0542152344808891 0.0269106566200215 0.00976657876745776 0.0424917141157474 0 0.0116427989288625 0.0187617260787993 0.0205317729185915 0.0352030039896738 0.0426148470126992 0.026395671109938 0 0.0468055230517201 0.0298418382572366 0.0511247443762781 0 0 0.0189825360668185 0 0 0.0207382828701783 0 0.117113160591421 0
"chance" 0.0449337227589306 0 0.0202040610162643 0.0475172249940603 0.0409444520267504 0.0271076172404446 0.0403659849300323 0.0195331575349155 0.016996685646299 0.012132977432662 0.069856793573175 0.0281425891181989 0.0307976593778873 0.0234686693264492 0.0170459388050797 0.0659891777748449 0.0670690811535882 0 0.0198945588381578 0.0340831629175187 0 0 0.0569476082004556 0.0368459837877671 0.0200642054574639 0.0518457071754459 0.0548546352166758 0 0
"looks" 0.0337002920691979 0.018875047187618 0.0808162440650571 0.0356379187455453 0.0409444520267504 0.0406614258606668 0.0134553283100108 0.039066315069831 0.0254950284694485 0.024265954865324 0.0116427989288625 0.0375234521575985 0.0102658864592958 0.0234686693264492 0.0255689082076195 0.026395671109938 0.0223563603845294 0.0351041422887901 0.00994727941907888 0 0.0443000590667454 0.0279368626903199 0 0.0368459837877671 0.0802568218298555 0.0207382828701783 0.0182848784055586 0 0.0362976406533575
"supposed" 0.0449337227589306 0.018875047187618 0.0101020305081321 0.0475172249940603 0.0136481506755835 0.0271076172404446 0 0.0195331575349155 0.016996685646299 0.012132977432662 0.0116427989288625 0 0.0102658864592958 0.0469373386528984 0.0255689082076195 0.0659891777748449 0 0.0468055230517201 0.0198945588381578 0.0170415814587594 0.073833431777909 0.0139684313451599 0.0189825360668185 0 0.140449438202247 0.062214848610535 0.0365697568111172 0.0585565802957107 0
"ammo" 0 0 0 0 0 0 0 0 0 0 0 0 0 0 0 0 0 0.1170138076293 0.00994727941907888 0.289706884798909 0.118133490844654 0.0279368626903199 0 0.239498894620486 0.0401284109149278 0.0933222729158026 0 0.0146391450739277 0.0181488203266788
"ass" 0.0337002920691979 0 0 0.0237586124970302 0 0 0 0.039066315069831 0.016996685646299 0 0 0 0 0 0 0 0.0223563603845294 0.0702082845775802 0.0994727941907888 0.0170415814587594 0.073833431777909 0.195558038832239 0.0379650721336371 0.0184229918938836 0.120385232744783 0.0311074243052675 0.0731395136222344 0 0
"city" 0.0224668613794653 0.132125330313326 0 0 0 0 0.0403659849300323 0.0488328938372888 0 0 0.04657119571545 0.0656660412757974 0.225849502104507 0 0.00852296940253985 0 0 0.0702082845775802 0 0 0 0.0698421567257997 0 0.0184229918938836 0 0 0 0.0146391450739277 0
"haven^t" 0.0337002920691979 0.0755001887504719 0.0606121830487928 0.0712758374910905 0.0136481506755835 0.0135538086202223 0.0134553283100108 0.0195331575349155 0.0254950284694485 0.0363989322979859 0.023285597857725 0.0281425891181989 0.0205317729185915 0.058671673316123 0 0.0527913422198759 0.0447127207690588 0.01170138076293 0.0198945588381578 0.0170415814587594 0 0 0.0189825360668185 0.0368459837877671 0 0.0311074243052675 0.0365697568111172 0.0585565802957107 0
"he^ll" 0.0449337227589306 0 0.0404081220325285 0 0.0409444520267504 0.0271076172404446 0.0672766415500538 0.0976657876745776 0.00849834282314949 0.0970638194612958 0.069856793573175 0.0281425891181989 0.0102658864592958 0.0234686693264492 0.0170459388050797 0.013197835554969 0 0.0351041422887901 0 0.0170415814587594 0 0.0279368626903199 0.0189825360668185 0.0184229918938836 0.0200642054574639 0.0207382828701783 0 0.0146391450739277 0
"part" 0 0.0377500943752359 0.0505101525406607 0.0237586124970302 0 0.0271076172404446 0.0134553283100108 0.0488328938372888 0.0254950284694485 0 0.0116427989288625 0.0375234521575985 0.0307976593778873 0.0117343346632246 0.0426148470126992 0.013197835554969 0.0223563603845294 0.0351041422887901 0.0596836765144733 0.0340831629175187 0.0147666863555818 0.0279368626903199 0.0379650721336371 0.0184229918938836 0.0200642054574639 0.0518457071754459 0.0731395136222344 0.0146391450739277 0
"went" 0.0224668613794653 0 0 0.0356379187455453 0.0409444520267504 0 0.0134553283100108 0.0585994726047466 0.0254950284694485 0.0727978645959718 0 0.00938086303939963 0.0102658864592958 0.0117343346632246 0.0170459388050797 0.0527913422198759 0.0670690811535882 0.0234027615258601 0.0497363970953944 0.0511247443762781 0.0295333727111636 0 0.0189825360668185 0.0921149594694178 0.0401284109149278 0.0414765657403567 0.0365697568111172 0.0146391450739277 0.0181488203266788
"both" 0.0449337227589306 0.0377500943752359 0.0101020305081321 0.0237586124970302 0 0 0.0134553283100108 0.0292997363023733 0.0424917141157474 0.0485319097306479 0.0349283967865875 0.0281425891181989 0.041063545837183 0.0117343346632246 0.00852296940253985 0.026395671109938 0 0.0468055230517201 0.00994727941907888 0.0511247443762781 0.0443000590667454 0.0279368626903199 0.0379650721336371 0.0552689756816507 0.0200642054574639 0.0518457071754459 0 0.0292782901478554 0.0181488203266788
"drink" 0 0.0755001887504719 0 0.0118793062485151 0.0136481506755835 0 0.0134553283100108 0.117198945209493 0.0254950284694485 0 0 0.0187617260787993 0.0821270916743661 0.0938746773057968 0.0170459388050797 0.039593506664907 0 0 0.0198945588381578 0.0340831629175187 0.0295333727111636 0 0.113895216400911 0.0368459837877671 0.0200642054574639 0 0.0548546352166758 0 0
"ryan" 0 0 0 0 0 0 0 0 0.00849834282314949 0 0 0 0 0 0 0 0 0 0.00994727941907888 0 0 0 0 0 0 0.63251762754044 0 0 0
"save" 0.0337002920691979 0.018875047187618 0.0202040610162643 0.0475172249940603 0 0.0542152344808891 0.0403659849300323 0.00976657876745776 0.0424917141157474 0.012132977432662 0.0349283967865875 0.0656660412757974 0.0821270916743661 0.0704060079793476 0.00852296940253985 0 0.0223563603845294 0 0.0298418382572366 0 0 0.0279368626903199 0 0.0184229918938836 0.0200642054574639 0.0414765657403567 0.0182848784055586 0.0146391450739277 0
"wasn^t" 0 0 0.0505101525406607 0.0593965312425754 0.0136481506755835 0.0135538086202223 0.0134553283100108 0.0292997363023733 0.0339933712925979 0.0485319097306479 0 0.0187617260787993 0.0205317729185915 0.0469373386528984 0.0767067246228586 0.026395671109938 0.0223563603845294 0.01170138076293 0.0994727941907888 0 0 0 0.0189825360668185 0.0184229918938836 0 0.0311074243052675 0 0.043917435221783 0
"woody" 0 0 0 0 0 0.853889943074004 0 0 0 0 0 0 0 0 0 0 0 0 0 0 0 0 0 0 0 0 0 0 0
"-what" 0 0 0.151530457621982 0 0 0 0 0 0 0 0.151356386075212 0.0469043151969981 0 0 0 0.013197835554969 0 0.0819096653405102 0 0.136332651670075 0 0.0279368626903199 0 0 0 0 0 0.161030595813205 0
"drop" 0.0224668613794653 0 0.0101020305081321 0 0.0136481506755835 0 0.0134553283100108 0.0292997363023733 0.0254950284694485 0 0 0 0 0.0469373386528984 0.0511378164152391 0.013197835554969 0 0 0.0497363970953944 0.0681663258350375 0.0886001181334908 0.0139684313451599 0.0379650721336371 0 0.0200642054574639 0.114060555785981 0 0.146391450739277 0
"eat" 0.0224668613794653 0.0377500943752359 0 0.0356379187455453 0.0272963013511669 0.0542152344808891 0.0134553283100108 0.039066315069831 0 0 0.0116427989288625 0.0562851782363977 0.041063545837183 0.0234686693264492 0 0.026395671109938 0.0223563603845294 0 0.0497363970953944 0.0170415814587594 0 0.0838105880709596 0.170842824601367 0.0184229918938836 0 0 0.0548546352166758 0.0292782901478554 0
"luck" 0.0112334306897326 0 0.0303060915243964 0.0118793062485151 0.0136481506755835 0 0 0.0292997363023733 0.0339933712925979 0.0727978645959718 0.0116427989288625 0.0281425891181989 0.0102658864592958 0.058671673316123 0 0.013197835554969 0 0.0702082845775802 0.0198945588381578 0.0340831629175187 0 0.0139684313451599 0.0759301442672741 0.0368459837877671 0.0802568218298555 0.0311074243052675 0.0365697568111172 0.0731957253696384 0
"quite" 0.0449337227589306 0 0.0909182745731892 0 0.122833356080251 0.0135538086202223 0.0134553283100108 0 0.0764850854083454 0.012132977432662 0.0349283967865875 0.0281425891181989 0.0205317729185915 0 0.0170459388050797 0.0791870133298139 0 0 0.0198945588381578 0.0170415814587594 0 0 0 0.0184229918938836 0.0200642054574639 0.0311074243052675 0 0.043917435221783 0
"such" 0.0112334306897326 0.0377500943752359 0.0707142135569249 0.0356379187455453 0.0272963013511669 0.0406614258606668 0.0269106566200215 0.0292997363023733 0.0254950284694485 0.0485319097306479 0.04657119571545 0.0469043151969981 0.0513294322964788 0.0352030039896738 0.0255689082076195 0.026395671109938 0 0 0.00994727941907888 0 0.0443000590667454 0 0.0189825360668185 0 0 0.0207382828701783 0 0.0292782901478554 0
"trust" 0.0224668613794653 0.0566251415628539 0.0404081220325285 0 0 0 0.121097954790097 0.0195331575349155 0.0509900569388969 0.0727978645959718 0.0582139946443125 0.0656660412757974 0.0102658864592958 0.0352030039896738 0.0340918776101594 0 0.0670690811535882 0 0 0.0170415814587594 0 0 0.0379650721336371 0 0 0.0207382828701783 0.0182848784055586 0 0
"waiting" 0 0.0566251415628539 0.0303060915243964 0.0237586124970302 0 0 0.0269106566200215 0.00976657876745776 0.0254950284694485 0.012132977432662 0.0349283967865875 0 0.041063545837183 0.0234686693264492 0.0937526634279383 0.013197835554969 0.0223563603845294 0 0.0198945588381578 0.0340831629175187 0.0443000590667454 0.0698421567257997 0.0379650721336371 0.0184229918938836 0.0401284109149278 0.0207382828701783 0.0182848784055586 0.043917435221783 0.0181488203266788
"whoa" 0.0561671534486632 0.0566251415628539 0.0101020305081321 0 0.0136481506755835 0.501490918948224 0.0538213132400431 0 0.0254950284694485 0 0 0 0 0 0 0 0 0 0 0 0 0 0 0.128960943257185 0 0 0 0 0
"ago" 0.0449337227589306 0.0755001887504719 0.0202040610162643 0.0356379187455453 0 0 0.0269106566200215 0.039066315069831 0.00849834282314949 0.0363989322979859 0.0349283967865875 0.0562851782363977 0.0307976593778873 0.0234686693264492 0.0255689082076195 0.0527913422198759 0.0447127207690588 0 0.00994727941907888 0.0170415814587594 0 0 0.0189825360668185 0.0184229918938836 0.0200642054574639 0.0207382828701783 0.0365697568111172 0.043917435221783 0.0362976406533575
"ahead" 0.0112334306897326 0 0.0202040610162643 0.0237586124970302 0 0.0271076172404446 0 0.0585994726047466 0.0849834282314949 0 0.0116427989288625 0.0281425891181989 0.041063545837183 0 0.00852296940253985 0 0.0670690811535882 0.0585069038146501 0.0397891176763155 0.0170415814587594 0.073833431777909 0 0.0189825360668185 0 0.0401284109149278 0 0.0365697568111172 0.0585565802957107 0.0181488203266788
"dark" 0.0449337227589306 0 0.0202040610162643 0 0.0272963013511669 0.0135538086202223 0.0403659849300323 0 0 0.0849308420286338 0.162999185004075 0.075046904315197 0.0718612052150703 0 0 0 0.0223563603845294 0.01170138076293 0 0 0.0295333727111636 0 0 0 0.0401284109149278 0.0207382828701783 0.0182848784055586 0.0146391450739277 0.0362976406533575
"door" 0 0.018875047187618 0.0404081220325285 0.0237586124970302 0.0409444520267504 0.0406614258606668 0 0.00976657876745776 0.0424917141157474 0.0727978645959718 0.04657119571545 0.0187617260787993 0.0307976593778873 0.0117343346632246 0 0.0791870133298139 0.201207243460765 0.01170138076293 0 0 0.0295333727111636 0 0 0 0 0.0103691414350892 0.0182848784055586 0 0.0907441016333938
"heart" 0.0337002920691979 0 0 0.0118793062485151 0.0272963013511669 0 0.0538213132400431 0.00976657876745776 0.0509900569388969 0 0.104785190359762 0.0469043151969981 0.0718612052150703 0.0352030039896738 0 0.013197835554969 0.0223563603845294 0.01170138076293 0.0397891176763155 0 0.0295333727111636 0.0419052940354798 0 0.0552689756816507 0 0 0 0.0585565802957107 0
"morning" 0 0.0377500943752359 0.0303060915243964 0.0712758374910905 0.0272963013511669 0.0135538086202223 0.0403659849300323 0.0292997363023733 0.0339933712925979 0 0.023285597857725 0.0375234521575985 0 0.0117343346632246 0 0.039593506664907 0 0.0234027615258601 0.0596836765144733 0 0.0590667454223272 0.0419052940354798 0 0.0368459837877671 0.100321027287319 0.0103691414350892 0 0.043917435221783 0
"red" 0.0112334306897326 0 0.171734518638246 0.0356379187455453 0 0.094876660341556 0.0941872981700753 0 0 0.024265954865324 0.0116427989288625 0.0187617260787993 0.0102658864592958 0 0 0.013197835554969 0 0 0.0497363970953944 0.0681663258350375 0.0443000590667454 0.0139684313451599 0.0189825360668185 0 0 0 0 0 0.0725952813067151
"enemy" 0 0 0.0101020305081321 0 0 0.0135538086202223 0.0269106566200215 0 0 0.012132977432662 0.0582139946443125 0.0844277673545966 0.0821270916743661 0 0 0 0 0.01170138076293 0.0198945588381578 0.0340831629175187 0.0590667454223272 0.125715882106439 0 0.0368459837877671 0 0.0207382828701783 0.0548546352166758 0.0731957253696384 0.0362976406533575
"order" 0.0112334306897326 0 0.0101020305081321 0.0237586124970302 0.0409444520267504 0 0.0403659849300323 0 0.0254950284694485 0.024265954865324 0.0116427989288625 0.0375234521575985 0 0.0469373386528984 0.0340918776101594 0.026395671109938 0 0 0.0198945588381578 0.0170415814587594 0.0443000590667454 0.0838105880709596 0.0759301442672741 0 0.0200642054574639 0.0103691414350892 0.12799414883891 0.0292782901478554 0.0362976406533575
"road" 0 0 0 0.0118793062485151 0 0.0135538086202223 0.0134553283100108 0 0 0 0.174641983932937 0.0187617260787993 0.0923929781336618 0 0 0.026395671109938 0 0.0351041422887901 0.0198945588381578 0.0511247443762781 0.0590667454223272 0.0558737253806398 0 0.0184229918938836 0.0200642054574639 0.0311074243052675 0.0182848784055586 0.0731957253696384 0.0181488203266788
"sit" 0.0224668613794653 0.0943752359380898 0.0202040610162643 0.0356379187455453 0 0.0542152344808891 0.0269106566200215 0.039066315069831 0.0254950284694485 0 0.023285597857725 0 0.0102658864592958 0.0234686693264492 0 0.039593506664907 0 0.0351041422887901 0.0198945588381578 0.0511247443762781 0.0443000590667454 0.0279368626903199 0.0379650721336371 0.0184229918938836 0.0200642054574639 0.0311074243052675 0.0365697568111172 0.0292782901478554 0.0362976406533575
"taking" 0.0224668613794653 0 0.0202040610162643 0.0237586124970302 0.0272963013511669 0.0271076172404446 0 0.0488328938372888 0.00849834282314949 0 0.0349283967865875 0.0187617260787993 0.0102658864592958 0.0352030039896738 0.0170459388050797 0.026395671109938 0.0447127207690588 0.0468055230517201 0.0696309559335522 0.0170415814587594 0.0295333727111636 0.0139684313451599 0.0379650721336371 0.0184229918938836 0.0401284109149278 0.0207382828701783 0 0.0292782901478554 0.0725952813067151
"wanna" 0.146034598966524 0 0 0 0 0.0677690431011114 0 0 0 0.024265954865324 0 0 0 0 0.0596607858177789 0 0.0670690811535882 0 0.0696309559335522 0.102249488752556 0.073833431777909 0 0 0.0736919675755343 0.0200642054574639 0.0518457071754459 0 0.0146391450739277 0
"along" 0 0 0.0505101525406607 0.0118793062485151 0.0136481506755835 0.0271076172404446 0.0134553283100108 0.0292997363023733 0.0509900569388969 0.0485319097306479 0.0349283967865875 0.00938086303939963 0.0718612052150703 0.0117343346632246 0.0170459388050797 0.026395671109938 0 0.01170138076293 0.0198945588381578 0.0681663258350375 0.0295333727111636 0.0139684313451599 0 0.0368459837877671 0 0.0103691414350892 0.0182848784055586 0.043917435221783 0.0362976406533575
"black" 0 0 0 0 0.0409444520267504 0.0135538086202223 0.0269106566200215 0 0 0 0.0349283967865875 0.0562851782363977 0.0307976593778873 0.293358366580615 0 0.013197835554969 0 0.0819096653405102 0.00994727941907888 0.0170415814587594 0.0147666863555818 0.0139684313451599 0.0189825360668185 0 0 0 0 0.0292782901478554 0
"dear" 0 0 0 0.0356379187455453 0.0136481506755835 0.0135538086202223 0.0134553283100108 0 0.0679867425851959 0.0970638194612958 0.0931423914309 0.0187617260787993 0.0307976593778873 0.0234686693264492 0 0.039593506664907 0 0 0.00994727941907888 0.0340831629175187 0.0147666863555818 0.0139684313451599 0 0.0921149594694178 0.0200642054574639 0.0518457071754459 0 0.0292782901478554 0
"forget" 0.0337002920691979 0.0377500943752359 0.0505101525406607 0.0475172249940603 0.0136481506755835 0.0135538086202223 0.0269106566200215 0.039066315069831 0.016996685646299 0.0363989322979859 0 0.00938086303939963 0.0102658864592958 0.0352030039896738 0.0255689082076195 0.026395671109938 0.0223563603845294 0.0234027615258601 0.0795782353526311 0 0 0.0279368626903199 0.0379650721336371 0.0368459837877671 0 0 0.0548546352166758 0.0146391450739277 0
"medic" 0 0 0 0 0 0 0 0 0 0 0 0 0 0 0 0 0 0.0585069038146501 0.228787426638814 0.0681663258350375 0.147666863555818 0 0 0.0184229918938836 0 0.062214848610535 0.0182848784055586 0.0878348704435661 0.0362976406533575
"start" 0.0112334306897326 0.0755001887504719 0.0202040610162643 0.0356379187455453 0 0 0 0.039066315069831 0.0339933712925979 0 0 0 0.0102658864592958 0.0352030039896738 0.0767067246228586 0.026395671109938 0.111781801922647 0.0234027615258601 0 0.0340831629175187 0.0295333727111636 0.0279368626903199 0 0.0552689756816507 0.0401284109149278 0.0103691414350892 0.0365697568111172 0.0292782901478554 0.0362976406533575
"taken" 0.0112334306897326 0.0566251415628539 0.0202040610162643 0.0118793062485151 0.0136481506755835 0.0135538086202223 0.0134553283100108 0 0 0.0485319097306479 0.0582139946443125 0.0375234521575985 0.0923929781336618 0.0469373386528984 0.0170459388050797 0.0527913422198759 0 0.01170138076293 0.0198945588381578 0.0170415814587594 0.0147666863555818 0.0139684313451599 0.0569476082004556 0 0.0401284109149278 0.0207382828701783 0 0.0292782901478554 0.0181488203266788
"means" 0.0449337227589306 0 0.0202040610162643 0.0356379187455453 0 0 0 0.00976657876745776 0.0339933712925979 0.0606648871633099 0.023285597857725 0.00938086303939963 0.0102658864592958 0.0469373386528984 0.0426148470126992 0.026395671109938 0 0.0351041422887901 0.0298418382572366 0.0340831629175187 0.0590667454223272 0.0139684313451599 0 0 0 0.0518457071754459 0.0182848784055586 0.0585565802957107 0
"merry" 0 0 0 0 0 0.0135538086202223 0 0.0195331575349155 0 0.024265954865324 0.04657119571545 0.215759849906191 0.164254183348732 0 0.00852296940253985 0 0 0 0.0596836765144733 0 0 0 0 0.0184229918938836 0 0 0.0182848784055586 0 0
"saw" 0.0112334306897326 0.018875047187618 0.0101020305081321 0.0118793062485151 0.0136481506755835 0.0406614258606668 0.0269106566200215 0.00976657876745776 0.0594883997620464 0.012132977432662 0.0116427989288625 0.00938086303939963 0.0923929781336618 0.0352030039896738 0.0170459388050797 0.0659891777748449 0.0670690811535882 0 0.0397891176763155 0.0170415814587594 0.0147666863555818 0.0139684313451599 0.0189825360668185 0 0.0401284109149278 0.0103691414350892 0 0.0146391450739277 0.0362976406533575
"somebody" 0.0224668613794653 0 0.0202040610162643 0.0831551437396056 0.0136481506755835 0.0135538086202223 0.0134553283100108 0.0488328938372888 0.0254950284694485 0.012132977432662 0 0 0 0 0.0255689082076195 0.013197835554969 0.223563603845294 0.01170138076293 0.0298418382572366 0.0170415814587594 0.0147666863555818 0 0 0.0552689756816507 0.0601926163723917 0.0311074243052675 0.0182848784055586 0.043917435221783 0.0181488203266788
"you^d" 0.0561671534486632 0.018875047187618 0.0505101525406607 0.0237586124970302 0 0.0271076172404446 0.0134553283100108 0.039066315069831 0.016996685646299 0.024265954865324 0.023285597857725 0 0.0205317729185915 0.058671673316123 0.0340918776101594 0.039593506664907 0.0670690811535882 0.0234027615258601 0.0497363970953944 0.0340831629175187 0.0147666863555818 0.0279368626903199 0.0189825360668185 0 0 0.0103691414350892 0 0 0
"anyone" 0.0224668613794653 0 0.0303060915243964 0 0.0409444520267504 0.0271076172404446 0.0269106566200215 0.039066315069831 0.101980113877794 0.0606648871633099 0.0116427989288625 0 0 0.0117343346632246 0.0340918776101594 0.013197835554969 0.0447127207690588 0.0234027615258601 0.0397891176763155 0 0.0443000590667454 0.0419052940354798 0 0 0 0 0 0 0.0362976406533575
"couldn^t" 0 0 0.0303060915243964 0 0.0136481506755835 0.0271076172404446 0.0134553283100108 0.0292997363023733 0.0424917141157474 0.024265954865324 0 0.0281425891181989 0 0.0352030039896738 0.0767067246228586 0.013197835554969 0 0 0.119367353028947 0.0170415814587594 0.0147666863555818 0.0139684313451599 0 0.0184229918938836 0.0200642054574639 0.0207382828701783 0.0365697568111172 0 0.0362976406533575
"guy" 0.0561671534486632 0 0.0202040610162643 0.0356379187455453 0.0136481506755835 0.0135538086202223 0 0.0488328938372888 0.0339933712925979 0 0 0 0 0 0 0 0 0.0351041422887901 0.0795782353526311 0 0.0590667454223272 0.0279368626903199 0 0 0.0802568218298555 0.0725839900456242 0 0.043917435221783 0.0725952813067151
"north" 0 0 0 0 0.0409444520267504 0 0.0269106566200215 0 0.016996685646299 0 0.0116427989288625 0.0562851782363977 0.0513294322964788 0.0352030039896738 0 0.013197835554969 0 0.0351041422887901 0.00994727941907888 0.0511247443762781 0.0295333727111636 0.0419052940354798 0 0.0552689756816507 0 0 0 0.0731957253696384 0.235934664246824
"across" 0.0112334306897326 0 0.0303060915243964 0 0 0 0 0 0.00849834282314949 0.0363989322979859 0.023285597857725 0.0281425891181989 0.0718612052150703 0 0 0 0.0223563603845294 0.01170138076293 0.0596836765144733 0.0340831629175187 0.0443000590667454 0.0139684313451599 0.0379650721336371 0.0552689756816507 0.140449438202247 0.0518457071754459 0 0.0146391450739277 0.0544464609800363
"air" 0.0112334306897326 0 0 0 0.0136481506755835 0.0542152344808891 0.0269106566200215 0 0.0254950284694485 0.012132977432662 0.04657119571545 0.0187617260787993 0 0 0.0170459388050797 0.013197835554969 0 0.0585069038146501 0.00994727941907888 0.0170415814587594 0.0147666863555818 0.0139684313451599 0.0759301442672741 0.0368459837877671 0.0802568218298555 0.0207382828701783 0.0365697568111172 0.043917435221783 0.14519056261343
"beach" 0 0 0 0 0 0 0 0.00976657876745776 0.00849834282314949 0 0 0 0 0.0469373386528984 0.00852296940253985 0 0 0.0234027615258601 0 0 0.073833431777909 0 0 0.0736919675755343 0.140449438202247 0.103691414350892 0 0.292782901478554 0
"car" 0.0112334306897326 0 0 0.380137799952483 0 0.0406614258606668 0 0.0976657876745776 0 0.0363989322979859 0 0 0 0 0 0.0527913422198759 0 0.01170138076293 0 0 0 0 0 0 0 0 0 0 0.0181488203266788
"christ" 0 0 0 0.0356379187455453 0.0545926027023338 0 0 0.0195331575349155 0.016996685646299 0 0 0 0 0 0.0255689082076195 0 0.0447127207690588 0.0234027615258601 0.0596836765144733 0.0852079072937969 0.1624335499114 0.0558737253806398 0 0.110537951363301 0.0802568218298555 0.0103691414350892 0 0 0
"each" 0.0337002920691979 0.0755001887504719 0 0 0.0545926027023338 0 0 0.00976657876745776 0.0254950284694485 0.0485319097306479 0.0349283967865875 0.0375234521575985 0.0205317729185915 0.0117343346632246 0.0596607858177789 0.013197835554969 0.0670690811535882 0.01170138076293 0.0198945588381578 0.0170415814587594 0.0443000590667454 0.0698421567257997 0.0189825360668185 0 0.0401284109149278 0 0 0 0
"everyone" 0.0449337227589306 0 0.0101020305081321 0 0 0.162645703442667 0.0269106566200215 0.0292997363023733 0.0339933712925979 0.0849308420286338 0 0.0187617260787993 0 0.0234686693264492 0 0 0.0447127207690588 0.0351041422887901 0.0198945588381578 0 0.0590667454223272 0 0.0569476082004556 0.0368459837877671 0 0 0.0182848784055586 0.0146391450739277 0
"least" 0.0337002920691979 0.0755001887504719 0.0101020305081321 0 0.0409444520267504 0 0.0134553283100108 0.00976657876745776 0.0339933712925979 0 0.0116427989288625 0.0187617260787993 0.0102658864592958 0.0234686693264492 0.0340918776101594 0.026395671109938 0.0447127207690588 0.01170138076293 0.0895255147717099 0 0 0.0279368626903199 0 0.0368459837877671 0.0200642054574639 0.0103691414350892 0.146279027244469 0 0
"myself" 0.0674005841383959 0.0377500943752359 0.0606121830487928 0 0 0 0 0.00976657876745776 0.00849834282314949 0.0727978645959718 0 0.00938086303939963 0 0.0352030039896738 0.0426148470126992 0 0.0223563603845294 0.0234027615258601 0.0397891176763155 0.0340831629175187 0.0443000590667454 0.0139684313451599 0 0.0552689756816507 0 0.0207382828701783 0.0365697568111172 0.0585565802957107 0
"platoon" 0 0 0 0 0 0 0 0 0 0 0 0 0 0 0 0 0 0 0.169103750124341 0.119291070211316 0.191966922622563 0.0977790194161196 0 0.0184229918938836 0.180577849117175 0 0.0182848784055586 0 0
"probably" 0.0337002920691979 0 0 0.0118793062485151 0 0.0135538086202223 0 0.0292997363023733 0.00849834282314949 0.0363989322979859 0.023285597857725 0.00938086303939963 0 0.0352030039896738 0.00852296940253985 0.039593506664907 0.0447127207690588 0.01170138076293 0.109420073609868 0.0511247443762781 0.0886001181334908 0 0.0189825360668185 0.0184229918938836 0.0200642054574639 0.0414765657403567 0 0.0146391450739277 0.0362976406533575
"-you" 0 0 0.111122335589453 0 0 0 0 0 0 0 0.151356386075212 0.0562851782363977 0 0 0 0 0 0.1170138076293 0 0.153374233128834 0 0.0139684313451599 0 0 0 0 0 0.0585565802957107 0
"able" 0 0.0377500943752359 0.0808162440650571 0.0118793062485151 0.0409444520267504 0.0135538086202223 0.0269106566200215 0.0292997363023733 0.00849834282314949 0.012132977432662 0 0.0187617260787993 0 0.0234686693264492 0.0170459388050797 0.026395671109938 0.0223563603845294 0.01170138076293 0.0198945588381578 0.0170415814587594 0.103366804489073 0.0139684313451599 0 0.0368459837877671 0 0.0414765657403567 0.0548546352166758 0 0.0362976406533575
"battalion" 0 0 0 0 0 0 0 0 0 0 0 0 0 0 0 0 0 0 0.169103750124341 0.153374233128834 0.073833431777909 0 0 0.0736919675755343 0.120385232744783 0.0311074243052675 0.091424392027793 0.0731957253696384 0
"eyes" 0.0224668613794653 0.0566251415628539 0.0202040610162643 0.0118793062485151 0.0272963013511669 0.0271076172404446 0 0 0.0679867425851959 0 0.023285597857725 0.0562851782363977 0.0513294322964788 0.0234686693264492 0 0.013197835554969 0 0 0.00994727941907888 0 0.0147666863555818 0.0139684313451599 0.0569476082004556 0.0368459837877671 0 0.0414765657403567 0.0182848784055586 0.0146391450739277 0.0725952813067151
"front" 0.0337002920691979 0 0.0202040610162643 0.0237586124970302 0 0.0135538086202223 0.0269106566200215 0.00976657876745776 0.016996685646299 0.024265954865324 0 0 0.0205317729185915 0 0.00852296940253985 0 0 0.0234027615258601 0.00994727941907888 0.0511247443762781 0.103366804489073 0.0279368626903199 0 0.0552689756816507 0.0601926163723917 0.0414765657403567 0.146279027244469 0 0.0544464609800363
"meet" 0.0337002920691979 0.0566251415628539 0.0101020305081321 0.0712758374910905 0 0 0.0941872981700753 0.0585994726047466 0.00849834282314949 0.0363989322979859 0.0116427989288625 0.0187617260787993 0.0205317729185915 0.0234686693264492 0.0255689082076195 0.0923848488847829 0.0447127207690588 0 0 0 0 0.0139684313451599 0 0.0552689756816507 0 0 0 0.0146391450739277 0
"return" 0 0.018875047187618 0.0202040610162643 0 0.0272963013511669 0.0135538086202223 0.0672766415500538 0 0.0339933712925979 0.024265954865324 0.023285597857725 0.0562851782363977 0.102658864592958 0.105609011969021 0 0 0.0223563603845294 0.0234027615258601 0 0.0170415814587594 0.0295333727111636 0 0.0189825360668185 0 0.0200642054574639 0.0103691414350892 0 0 0.0181488203266788
"saying" 0.0224668613794653 0.018875047187618 0 0.0118793062485151 0.0818889040535007 0.0271076172404446 0 0 0.00849834282314949 0.0606648871633099 0.0116427989288625 0.0469043151969981 0.0102658864592958 0.0234686693264492 0 0.039593506664907 0.0223563603845294 0.0234027615258601 0.0298418382572366 0.0511247443762781 0.0443000590667454 0.0419052940354798 0.0379650721336371 0 0.0200642054574639 0.0414765657403567 0 0.0292782901478554 0
"st" 0 0 0 0 0.0409444520267504 0 0 0 0 0 0 0 0 0 0 0.013197835554969 0 0 0.109420073609868 0.238582140422631 0.147666863555818 0 0 0.0736919675755343 0.0401284109149278 0.0518457071754459 0.0365697568111172 0.0292782901478554 0
"ten" 0.0112334306897326 0.132125330313326 0.0404081220325285 0 0 0.0271076172404446 0.0134553283100108 0.0488328938372888 0.016996685646299 0.012132977432662 0 0.0187617260787993 0 0.0469373386528984 0.0681837552203188 0.013197835554969 0.0447127207690588 0.01170138076293 0.00994727941907888 0.0170415814587594 0.0295333727111636 0.0698421567257997 0 0 0 0 0.0548546352166758 0 0.0181488203266788
"times" 0.0112334306897326 0.018875047187618 0.0404081220325285 0.0118793062485151 0.0409444520267504 0 0 0.0585994726047466 0.016996685646299 0.024265954865324 0.04657119571545 0 0.0102658864592958 0.0352030039896738 0.00852296940253985 0.026395671109938 0 0.01170138076293 0.0198945588381578 0.0340831629175187 0.0147666863555818 0.0419052940354798 0.0569476082004556 0.0368459837877671 0.0401284109149278 0.0207382828701783 0 0.0585565802957107 0.0181488203266788
"tonight" 0.0112334306897326 0 0 0.0950344499881207 0 0.0135538086202223 0.0538213132400431 0.0292997363023733 0.0254950284694485 0.0363989322979859 0.023285597857725 0.00938086303939963 0.0205317729185915 0 0 0.0659891777748449 0 0.01170138076293 0 0 0 0.0139684313451599 0.0379650721336371 0.0736919675755343 0.0200642054574639 0 0 0.175669740887132 0
"true" 0.0337002920691979 0.0377500943752359 0 0.0118793062485151 0 0.0271076172404446 0.0538213132400431 0.0488328938372888 0.016996685646299 0.0363989322979859 0.0349283967865875 0.0281425891181989 0.0307976593778873 0.0352030039896738 0.0511378164152391 0.013197835554969 0 0.0234027615258601 0.0198945588381578 0 0.0590667454223272 0.0139684313451599 0.0379650721336371 0 0 0.0103691414350892 0 0.0146391450739277 0
"against" 0.0224668613794653 0 0.0707142135569249 0 0.0272963013511669 0.0135538086202223 0.0134553283100108 0.0292997363023733 0.00849834282314949 0.0485319097306479 0.0582139946443125 0.0469043151969981 0.0615953187557746 0.0117343346632246 0.0170459388050797 0.013197835554969 0.0223563603845294 0.01170138076293 0 0 0 0 0.0379650721336371 0.0368459837877671 0 0.0207382828701783 0.0731395136222344 0 0
"army" 0.0224668613794653 0.0377500943752359 0 0 0 0.0135538086202223 0.0538213132400431 0.00976657876745776 0 0 0.04657119571545 0.0375234521575985 0.0615953187557746 0 0.0170459388050797 0 0 0.01170138076293 0 0.0170415814587594 0 0 0.0569476082004556 0.165806927044952 0 0.0207382828701783 0.146279027244469 0.043917435221783 0
"called" 0.0224668613794653 0.0377500943752359 0.0101020305081321 0.0475172249940603 0.0136481506755835 0 0 0.0292997363023733 0.0424917141157474 0.012132977432662 0.023285597857725 0.0187617260787993 0.0205317729185915 0.0117343346632246 0.0170459388050797 0.0527913422198759 0 0 0.0696309559335522 0.0511247443762781 0.0295333727111636 0.0139684313451599 0 0.0552689756816507 0 0.0207382828701783 0 0.0292782901478554 0.0181488203266788
"excuse" 0.0224668613794653 0.018875047187618 0.0101020305081321 0.0593965312425754 0.0272963013511669 0.0406614258606668 0 0.0195331575349155 0.0764850854083454 0.0849308420286338 0.023285597857725 0 0.0102658864592958 0.0234686693264492 0.0170459388050797 0 0.0223563603845294 0 0.0198945588381578 0.0170415814587594 0 0.0419052940354798 0 0.0368459837877671 0.0200642054574639 0 0.0731395136222344 0 0
"german" 0 0.0566251415628539 0 0 0 0 0 0 0 0 0 0 0 0 0 0 0 0 0.0895255147717099 0.0170415814587594 0 0 0.322703113135915 0 0 0.0725839900456242 0.237703419272262 0.043917435221783 0
"happy" 0.0224668613794653 0.0377500943752359 0 0 0.0272963013511669 0.0542152344808891 0.0134553283100108 0.0585994726047466 0 0.0606648871633099 0.0116427989288625 0.0281425891181989 0.0102658864592958 0 0 0.026395671109938 0 0 0.00994727941907888 0.0511247443762781 0.0147666863555818 0.0698421567257997 0.0759301442672741 0.128960943257185 0 0.0103691414350892 0.0182848784055586 0.0146391450739277 0
"hour" 0.0224668613794653 0 0.0101020305081321 0.0356379187455453 0 0 0 0.039066315069831 0.0254950284694485 0 0.023285597857725 0.0187617260787993 0.0615953187557746 0.0234686693264492 0.0681837552203188 0.026395671109938 0.111781801922647 0.0234027615258601 0.0397891176763155 0.0340831629175187 0.0147666863555818 0 0.0379650721336371 0.0184229918938836 0 0 0 0.0146391450739277 0
"hours" 0 0 0.0101020305081321 0.0118793062485151 0 0 0.0269106566200215 0.0292997363023733 0.0339933712925979 0.012132977432662 0.0116427989288625 0.00938086303939963 0.0205317729185915 0.0352030039896738 0.0681837552203188 0.0659891777748449 0.111781801922647 0.0351041422887901 0.00994727941907888 0 0.0147666863555818 0 0.0379650721336371 0 0.0200642054574639 0.0311074243052675 0.0182848784055586 0.0585565802957107 0
"inside" 0.0337002920691979 0.0377500943752359 0.0101020305081321 0 0 0.0135538086202223 0.0269106566200215 0 0.0594883997620464 0.024265954865324 0.0116427989288625 0.0281425891181989 0.0102658864592958 0.0117343346632246 0.0681837552203188 0 0.178850883076235 0.01170138076293 0.00994727941907888 0.0170415814587594 0 0.0139684313451599 0 0.0184229918938836 0.0401284109149278 0.0103691414350892 0.0365697568111172 0 0.0544464609800363
"late" 0.0112334306897326 0 0.0303060915243964 0.0475172249940603 0.0136481506755835 0.0135538086202223 0.0403659849300323 0.0488328938372888 0.00849834282314949 0.024265954865324 0.0582139946443125 0.0375234521575985 0.0615953187557746 0 0.0170459388050797 0.026395671109938 0.0223563603845294 0.01170138076293 0.00994727941907888 0.0170415814587594 0 0 0 0 0.0401284109149278 0.0103691414350892 0.0548546352166758 0.043917435221783 0
"worry" 0 0 0.0909182745731892 0.0593965312425754 0.0136481506755835 0.0271076172404446 0 0.0488328938372888 0.0594883997620464 0.024265954865324 0.0116427989288625 0.00938086303939963 0 0.0117343346632246 0.00852296940253985 0.039593506664907 0 0.01170138076293 0.0497363970953944 0.0170415814587594 0.0147666863555818 0 0.0189825360668185 0.0184229918938836 0.0200642054574639 0.0103691414350892 0 0.0292782901478554 0.0181488203266788
"afraid" 0 0.0377500943752359 0.0606121830487928 0.0356379187455453 0.109185205404668 0 0.0538213132400431 0.0292997363023733 0.00849834282314949 0.0485319097306479 0.023285597857725 0 0.0102658864592958 0.0117343346632246 0.0170459388050797 0.039593506664907 0 0 0.00994727941907888 0.0170415814587594 0 0.0139684313451599 0.0569476082004556 0.0184229918938836 0.0200642054574639 0.0103691414350892 0.0182848784055586 0.0292782901478554 0
"beautiful" 0.0112334306897326 0.0755001887504719 0.0101020305081321 0.0237586124970302 0.0136481506755835 0 0 0.0878992089071198 0.00849834282314949 0.012132977432662 0.0116427989288625 0.0187617260787993 0 0.0352030039896738 0.00852296940253985 0.0791870133298139 0 0.0234027615258601 0.0198945588381578 0.0170415814587594 0.0295333727111636 0.0279368626903199 0.0189825360668185 0.0552689756816507 0.0401284109149278 0.0207382828701783 0 0 0.0362976406533575
"gondor" 0 0 0 0 0 0 0 0 0 0 0.151356386075212 0.159474671669794 0.225849502104507 0 0 0 0 0 0 0 0 0 0 0 0 0 0 0 0
"quiet" 0.0112334306897326 0.018875047187618 0 0.0356379187455453 0.0818889040535007 0.108430468961778 0 0 0.016996685646299 0.024265954865324 0.0349283967865875 0.00938086303939963 0.0513294322964788 0.0117343346632246 0.0170459388050797 0 0 0 0 0.0511247443762781 0.0295333727111636 0 0.0569476082004556 0.0184229918938836 0.0601926163723917 0.0103691414350892 0.0731395136222344 0 0
"roger" 0 0 0 0 0.0136481506755835 0.0271076172404446 0 0 0 0 0 0 0 0 0 0 0 0.374444184413761 0.00994727941907888 0 0 0.0279368626903199 0 0 0.0200642054574639 0 0 0.0146391450739277 0.217785843920145
"cobb" 0 0 0 0 0 0 0 0 0 0 0 0 0 0 0.392056592516833 0 0 0 0 0.0852079072937969 0 0 0 0 0 0 0 0 0
"exactly" 0.0786340148281285 0.0755001887504719 0 0.0950344499881207 0.0136481506755835 0.0135538086202223 0.0134553283100108 0 0.016996685646299 0.0727978645959718 0 0.0187617260787993 0 0.0352030039896738 0.0426148470126992 0.026395671109938 0 0.01170138076293 0 0 0.0147666863555818 0.0139684313451599 0.0189825360668185 0 0 0 0.0182848784055586 0.043917435221783 0.0181488203266788
"force" 0.0112334306897326 0 0.222244671178907 0 0.0272963013511669 0.0135538086202223 0 0 0 0 0.0116427989288625 0.0187617260787993 0.0102658864592958 0 0 0 0 0.0585069038146501 0 0.0170415814587594 0.0295333727111636 0 0 0.0368459837877671 0 0.0207382828701783 0.0182848784055586 0.043917435221783 0.0907441016333938
"germans" 0 0.0377500943752359 0 0 0 0 0 0 0 0 0 0 0 0 0 0 0 0 0.0895255147717099 0.153374233128834 0.0590667454223272 0 0.13287775246773 0 0 0.0725839900456242 0.0731395136222344 0.131752305665349 0
"important" 0.0112334306897326 0.0566251415628539 0.0101020305081321 0.0237586124970302 0 0.0135538086202223 0 0.0683660513722043 0 0.0606648871633099 0.0116427989288625 0 0 0.0117343346632246 0.0255689082076195 0.013197835554969 0.0447127207690588 0.0468055230517201 0 0.0170415814587594 0.0147666863555818 0 0.0379650721336371 0 0 0.0207382828701783 0.109709270433352 0.102474015517494 0
"rome" 0 0 0 0 0 0 0.672766415500538 0 0 0 0 0 0 0 0 0 0 0 0.00994727941907888 0 0 0 0 0 0 0 0 0 0
"someone" 0.0224668613794653 0 0.0202040610162643 0 0.0545926027023338 0.0135538086202223 0.0269106566200215 0.0195331575349155 0.0254950284694485 0.012132977432662 0.0116427989288625 0.0187617260787993 0.0205317729185915 0.0117343346632246 0.119321571635558 0.026395671109938 0 0.01170138076293 0.0397891176763155 0 0 0.0139684313451599 0 0.0368459837877671 0.0601926163723917 0.0103691414350892 0 0 0
"white" 0.0112334306897326 0 0 0.0118793062485151 0 0.0135538086202223 0.0269106566200215 0.00976657876745776 0.0254950284694485 0.012132977432662 0.0349283967865875 0.075046904315197 0.112924751052253 0.0117343346632246 0.00852296940253985 0.026395671109938 0 0.01170138076293 0 0 0 0.0279368626903199 0 0 0.140449438202247 0 0.0182848784055586 0 0.0725952813067151
"wife" 0.0112334306897326 0 0 0 0 0.0135538086202223 0.107642626480086 0.0683660513722043 0.00849834282314949 0 0 0 0 0 0.0340918776101594 0.105582684439752 0 0 0 0 0 0 0.0379650721336371 0.0368459837877671 0 0.0518457071754459 0.201133662461145 0.0146391450739277 0
"building" 0 0 0 0 0 0.0271076172404446 0 0 0 0 0 0 0 0 0.0511378164152391 0.013197835554969 0 0.10531242686637 0.0397891176763155 0.0170415814587594 0 0.0279368626903199 0 0 0.0200642054574639 0 0.0182848784055586 0.0292782901478554 0.381125226860254
"cause" 0.0674005841383959 0 0.0202040610162643 0.0237586124970302 0.0136481506755835 0 0 0.00976657876745776 0 0 0 0 0.0102658864592958 0 0.0937526634279383 0 0.134138162307176 0.01170138076293 0.0397891176763155 0.0170415814587594 0.0147666863555818 0.0558737253806398 0 0.0552689756816507 0.0601926163723917 0.0311074243052675 0 0 0
"face" 0.0112334306897326 0 0.0101020305081321 0 0.0136481506755835 0.0271076172404446 0.0403659849300323 0.0292997363023733 0 0.0363989322979859 0.0349283967865875 0.0281425891181989 0.041063545837183 0.0352030039896738 0.00852296940253985 0 0.0223563603845294 0 0.0198945588381578 0.0170415814587594 0.0295333727111636 0.0838105880709596 0.0189825360668185 0.0184229918938836 0 0.0103691414350892 0.0365697568111172 0.0585565802957107 0.0181488203266788
"full" 0.0337002920691979 0 0.0404081220325285 0.0118793062485151 0.0136481506755835 0 0.0134553283100108 0 0.0934817710546443 0.012132977432662 0.023285597857725 0.0281425891181989 0.0307976593778873 0.0117343346632246 0.0170459388050797 0 0 0.0234027615258601 0.00994727941907888 0.0170415814587594 0.0147666863555818 0.0279368626903199 0.0379650721336371 0 0.0200642054574639 0.0103691414350892 0.0182848784055586 0.0585565802957107 0.0181488203266788
"goes" 0.0112334306897326 0.0377500943752359 0.0101020305081321 0.0118793062485151 0.0136481506755835 0.0406614258606668 0 0.00976657876745776 0.0679867425851959 0 0.04657119571545 0.0187617260787993 0.0205317729185915 0.0469373386528984 0.00852296940253985 0 0.0223563603845294 0.0234027615258601 0.0198945588381578 0 0.0295333727111636 0.0139684313451599 0.0189825360668185 0.0184229918938836 0 0.0725839900456242 0 0.0292782901478554 0
"mordor" 0 0 0 0 0 0 0 0 0 0 0.256141576434975 0.121951219512195 0.153988296889436 0 0 0 0 0 0 0 0 0 0 0 0 0 0 0 0
"pass" 0.0112334306897326 0 0 0 0.0545926027023338 0 0.0269106566200215 0 0.00849834282314949 0.012132977432662 0.104785190359762 0.0375234521575985 0.0718612052150703 0.0234686693264492 0 0 0 0 0.00994727941907888 0.0852079072937969 0 0.0139684313451599 0 0.0184229918938836 0.0802568218298555 0.0103691414350892 0.0182848784055586 0.0292782901478554 0.0544464609800363
"squad" 0 0 0.0202040610162643 0 0 0 0 0 0 0 0 0 0 0 0 0 0 0.01170138076293 0 0.119291070211316 0.0147666863555818 0.167621176141919 0 0.128960943257185 0.260834670947031 0.0518457071754459 0.0365697568111172 0 0
"wounded" 0 0 0 0 0.0272963013511669 0 0.0672766415500538 0 0 0 0 0.0187617260787993 0 0 0 0 0 0.15211794991809 0.0497363970953944 0.0511247443762781 0.0443000590667454 0 0 0 0.0802568218298555 0.0103691414350892 0.091424392027793 0.0292782901478554 0.0907441016333938
"mom" 0.0112334306897326 0 0 0.118793062485151 0 0.257522363784223 0 0.00976657876745776 0.00849834282314949 0 0 0 0 0 0 0.105582684439752 0 0 0.0298418382572366 0 0 0.0558737253806398 0 0 0.0200642054574639 0.0103691414350892 0 0 0
"quick" 0.0224668613794653 0.0377500943752359 0.0101020305081321 0.0356379187455453 0.0272963013511669 0.0542152344808891 0 0 0.016996685646299 0.012132977432662 0.023285597857725 0.0281425891181989 0.0821270916743661 0 0.0170459388050797 0.026395671109938 0.0447127207690588 0.01170138076293 0.0198945588381578 0.0170415814587594 0.0147666863555818 0 0 0 0 0.0103691414350892 0.109709270433352 0 0.0181488203266788
"stupid" 0.0224668613794653 0 0.0101020305081321 0.0118793062485151 0.0136481506755835 0.0677690431011114 0 0.00976657876745776 0.0339933712925979 0.0363989322979859 0 0.00938086303939963 0 0.0469373386528984 0 0 0 0 0.0696309559335522 0.0681663258350375 0.0295333727111636 0.0139684313451599 0.0949126803340926 0.0184229918938836 0.0200642054574639 0.0103691414350892 0.0731395136222344 0 0
"th" 0 0 0 0 0 0 0.0134553283100108 0.00976657876745776 0 0.012132977432662 0.023285597857725 0 0 0 0 0.026395671109938 0 0.0468055230517201 0.0198945588381578 0.0852079072937969 0.0443000590667454 0.0419052940354798 0.0379650721336371 0.165806927044952 0.0200642054574639 0.0311074243052675 0.0731395136222344 0.0878348704435661 0
"between" 0.0112334306897326 0 0.0101020305081321 0.0118793062485151 0.0545926027023338 0 0 0.0195331575349155 0.00849834282314949 0.0606648871633099 0 0.00938086303939963 0.0307976593778873 0.0352030039896738 0.0255689082076195 0.013197835554969 0 0.0234027615258601 0.00994727941907888 0.0170415814587594 0.0147666863555818 0.0279368626903199 0.0379650721336371 0.0184229918938836 0 0.062214848610535 0.0548546352166758 0.043917435221783 0
"bitch" 0 0.018875047187618 0 0.0356379187455453 0 0 0.0134553283100108 0.00976657876745776 0.016996685646299 0 0 0 0 0 0 0.039593506664907 0.0670690811535882 0.0351041422887901 0.0198945588381578 0.0340831629175187 0.0590667454223272 0.0558737253806398 0 0.110537951363301 0.0601926163723917 0.0933222729158026 0.0182848784055586 0 0
"brought" 0.0449337227589306 0.0943752359380898 0.0101020305081321 0.0237586124970302 0.0272963013511669 0.0271076172404446 0.0269106566200215 0.00976657876745776 0.00849834282314949 0.024265954865324 0.023285597857725 0.0187617260787993 0.0307976593778873 0.0352030039896738 0.00852296940253985 0.0659891777748449 0.0223563603845294 0.0234027615258601 0.00994727941907888 0.0170415814587594 0 0 0 0.0184229918938836 0 0.0103691414350892 0.0182848784055586 0.0292782901478554 0
"command" 0 0 0 0 0.0272963013511669 0.149091894822445 0.0538213132400431 0 0.00849834282314949 0 0.023285597857725 0.0281425891181989 0.0205317729185915 0.0117343346632246 0 0 0 0.0585069038146501 0 0.0340831629175187 0.073833431777909 0 0 0 0 0.0518457071754459 0.0548546352166758 0.0292782901478554 0
"copy" 0.0112334306897326 0.018875047187618 0.0808162440650571 0 0 0.0135538086202223 0 0 0.00849834282314949 0 0 0 0 0 0 0 0 0.01170138076293 0 0 0 0 0 0 0.0200642054574639 0.0207382828701783 0 0 0.580762250453721
"deep" 0 0 0.0101020305081321 0 0 0 0 0 0.0254950284694485 0 0.069856793573175 0.140712945590994 0.0718612052150703 0.0117343346632246 0.0767067246228586 0 0 0 0 0.0170415814587594 0 0.0279368626903199 0 0 0 0.0207382828701783 0.0182848784055586 0 0
"feet" 0 0.018875047187618 0 0 0.0136481506755835 0 0 0 0.0254950284694485 0.024265954865324 0.0349283967865875 0 0.0307976593778873 0.0234686693264492 0 0.026395671109938 0 0.0351041422887901 0.0696309559335522 0.0340831629175187 0.0443000590667454 0.0558737253806398 0 0.0368459837877671 0.0601926163723917 0.0103691414350892 0 0.0585565802957107 0.0362976406533575
"girl" 0.0224668613794653 0.207625519063798 0.0101020305081321 0.0712758374910905 0.0272963013511669 0 0.0269106566200215 0.0488328938372888 0.0679867425851959 0.012132977432662 0 0.00938086303939963 0 0.0352030039896738 0.00852296940253985 0 0 0 0.0198945588381578 0 0 0.0139684313451599 0 0 0 0.0207382828701783 0 0 0
"hang" 0.0224668613794653 0.018875047187618 0.0202040610162643 0.0237586124970302 0.0272963013511669 0.0135538086202223 0 0.0195331575349155 0.016996685646299 0.024265954865324 0.023285597857725 0 0.0102658864592958 0.0352030039896738 0.00852296940253985 0.013197835554969 0 0.01170138076293 0.0895255147717099 0.0340831629175187 0.0443000590667454 0.0419052940354798 0 0.0184229918938836 0 0.0103691414350892 0 0.043917435221783 0.0181488203266788
"moment" 0.0224668613794653 0 0.0202040610162643 0.0356379187455453 0.0136481506755835 0 0.0269106566200215 0 0.0339933712925979 0.0485319097306479 0.023285597857725 0.00938086303939963 0 0.0938746773057968 0.0255689082076195 0.0659891777748449 0 0 0.0397891176763155 0 0 0.0139684313451599 0.0189825360668185 0 0 0.0103691414350892 0.0182848784055586 0.0292782901478554 0.0181488203266788
"nobody" 0 0.0566251415628539 0.0101020305081321 0.0237586124970302 0.0136481506755835 0 0 0.0781326301396621 0.016996685646299 0.012132977432662 0.0116427989288625 0.0281425891181989 0.0205317729185915 0.0117343346632246 0 0 0.223563603845294 0.01170138076293 0.0198945588381578 0.0170415814587594 0 0.0698421567257997 0 0 0 0 0.0731395136222344 0 0
"s" 0 0.018875047187618 0 0.0118793062485151 0 0.0135538086202223 0 0 0.016996685646299 0 0 0.0187617260787993 0.0102658864592958 0 0 0.013197835554969 0.0894254415381176 0.0234027615258601 0.0298418382572366 0.0852079072937969 0.103366804489073 0 0 0.0552689756816507 0.120385232744783 0.0933222729158026 0 0 0
"sleep" 0.0112334306897326 0.018875047187618 0 0.0475172249940603 0 0 0.0134553283100108 0 0.00849834282314949 0.012132977432662 0.023285597857725 0.0656660412757974 0.0615953187557746 0 0.0340918776101594 0.026395671109938 0.0894254415381176 0 0 0 0.0147666863555818 0.0279368626903199 0.0379650721336371 0.0184229918938836 0.0401284109149278 0.0311074243052675 0.0182848784055586 0.0292782901478554 0
"smeagol" 0 0 0 0 0 0 0 0 0 0 0 0.196998123827392 0.277178934400986 0 0 0 0 0 0 0 0 0 0 0 0 0 0 0 0
"smith" 0 0 0 0 0 0 0 0 0.00849834282314949 0 0 0 0 0.0352030039896738 0 0 0 0.0585069038146501 0 0 0.118133490844654 0 0.550493545937737 0 0 0 0 0.0292782901478554 0
"they^ll" 0.0112334306897326 0.018875047187618 0.0404081220325285 0.0118793062485151 0 0.0271076172404446 0.0672766415500538 0.039066315069831 0.0339933712925979 0.012132977432662 0 0.00938086303939963 0.0205317729185915 0 0.0170459388050797 0.026395671109938 0 0.01170138076293 0.0397891176763155 0.0511247443762781 0 0 0.0189825360668185 0.0184229918938836 0.0200642054574639 0.0518457071754459 0 0.0292782901478554 0
"they^ve" 0 0.0377500943752359 0.0505101525406607 0 0.0272963013511669 0 0.0134553283100108 0.0292997363023733 0.016996685646299 0.024265954865324 0 0.0281425891181989 0.0205317729185915 0.058671673316123 0.0170459388050797 0 0 0.0351041422887901 0.0497363970953944 0.0170415814587594 0.0295333727111636 0 0.0569476082004556 0 0 0 0 0.0731957253696384 0
"whatever" 0.0224668613794653 0.0566251415628539 0.0101020305081321 0.0237586124970302 0 0.0271076172404446 0.0134553283100108 0.00976657876745776 0 0.024265954865324 0.0116427989288625 0.0187617260787993 0.0102658864592958 0.0117343346632246 0.0255689082076195 0.026395671109938 0.0894254415381176 0.01170138076293 0.0596836765144733 0 0.0147666863555818 0.0139684313451599 0.0949126803340926 0.0184229918938836 0.0401284109149278 0 0.0365697568111172 0 0.0181488203266788
"actually" 0.0224668613794653 0 0.0101020305081321 0.0237586124970302 0.0272963013511669 0.0542152344808891 0 0 0.0339933712925979 0.012132977432662 0 0 0.0102658864592958 0.0352030039896738 0.0852296940253984 0.039593506664907 0 0 0.0198945588381578 0.0170415814587594 0.0295333727111636 0 0.0759301442672741 0 0 0.0207382828701783 0 0.0146391450739277 0.0362976406533575
"carry" 0 0.018875047187618 0 0 0.0272963013511669 0 0.0269106566200215 0.0195331575349155 0.00849834282314949 0.012132977432662 0.069856793573175 0 0.102658864592958 0.0234686693264492 0.00852296940253985 0.013197835554969 0 0.01170138076293 0.0198945588381578 0.0340831629175187 0.0295333727111636 0.0139684313451599 0.0189825360668185 0.0368459837877671 0.0401284109149278 0.0103691414350892 0.0365697568111172 0.0292782901478554 0
"hurt" 0.0112334306897326 0.0566251415628539 0 0 0.0136481506755835 0 0 0.00976657876745776 0.00849834282314949 0.012132977432662 0.0349283967865875 0.0469043151969981 0.041063545837183 0.0117343346632246 0 0.13197835554969 0.0447127207690588 0.0351041422887901 0.00994727941907888 0.0340831629175187 0.0147666863555818 0 0.0189825360668185 0 0 0.0207382828701783 0 0.0146391450739277 0.0544464609800363
"lose" 0.0898674455178612 0 0.0202040610162643 0.0118793062485151 0.0136481506755835 0.0135538086202223 0.0134553283100108 0.0585994726047466 0.00849834282314949 0.012132977432662 0.023285597857725 0.0187617260787993 0.0102658864592958 0.058671673316123 0.0170459388050797 0.013197835554969 0.0223563603845294 0 0.0198945588381578 0.0170415814587594 0 0.0279368626903199 0 0 0.0200642054574639 0 0.0365697568111172 0.043917435221783 0
"town" 0 0 0 0.0712758374910905 0.0136481506755835 0.0135538086202223 0 0.00976657876745776 0 0 0 0 0.0102658864592958 0.0117343346632246 0.0255689082076195 0.013197835554969 0 0 0.0696309559335522 0.0681663258350375 0.0886001181334908 0 0 0 0 0.0518457071754459 0.0548546352166758 0.102474015517494 0
"attack" 0.0112334306897326 0 0.0909182745731892 0 0.0409444520267504 0.0135538086202223 0 0 0 0 0 0.0187617260787993 0.041063545837183 0 0.0170459388050797 0 0.0223563603845294 0 0.0795782353526311 0 0 0 0.0189825360668185 0.0184229918938836 0.0601926163723917 0 0.0731395136222344 0.043917435221783 0.0544464609800363
"gave" 0.0337002920691979 0.0377500943752359 0 0.0118793062485151 0.0136481506755835 0 0.0269106566200215 0.00976657876745776 0 0.0849308420286338 0.023285597857725 0.0187617260787993 0.0307976593778873 0.0234686693264492 0.0170459388050797 0 0.0223563603845294 0 0.0298418382572366 0.0170415814587594 0.0295333727111636 0.0139684313451599 0.0569476082004556 0.0184229918938836 0 0.0103691414350892 0 0.043917435221783 0.0362976406533575
"gets" 0.0561671534486632 0.0377500943752359 0.0404081220325285 0 0 0.0135538086202223 0 0.0195331575349155 0.016996685646299 0 0.0116427989288625 0 0.0102658864592958 0.0117343346632246 0.00852296940253985 0.013197835554969 0.134138162307176 0.0819096653405102 0 0.0340831629175187 0.0147666863555818 0.0279368626903199 0 0.0368459837877671 0 0.0311074243052675 0 0.0146391450739277 0.0181488203266788
"half" 0.101100876207594 0 0.0202040610162643 0 0 0 0 0.0195331575349155 0.0254950284694485 0.024265954865324 0.069856793573175 0.0187617260787993 0.0102658864592958 0.0117343346632246 0.0340918776101594 0 0.0447127207690588 0 0 0.0170415814587594 0 0.0698421567257997 0.0189825360668185 0.0552689756816507 0 0 0 0.0292782901478554 0
"perhaps" 0.0224668613794653 0.113250283125708 0.0101020305081321 0 0.0136481506755835 0 0.0538213132400431 0.00976657876745776 0.0424917141157474 0.0606648871633099 0.0116427989288625 0.0187617260787993 0.041063545837183 0.0234686693264492 0.0255689082076195 0.026395671109938 0 0.01170138076293 0 0 0 0 0.0189825360668185 0 0 0.0103691414350892 0.0548546352166758 0.0146391450739277 0
"tried" 0.0112334306897326 0 0.0101020305081321 0 0 0.0135538086202223 0 0.0195331575349155 0.00849834282314949 0.0606648871633099 0.023285597857725 0.0187617260787993 0.0102658864592958 0.0117343346632246 0.0255689082076195 0.0791870133298139 0.0447127207690588 0 0.0397891176763155 0 0 0.0139684313451599 0.0569476082004556 0 0.0601926163723917 0.0518457071754459 0.0365697568111172 0 0
"weapon" 0.0674005841383959 0 0.0202040610162643 0 0.0136481506755835 0.0135538086202223 0 0.0195331575349155 0 0 0.0116427989288625 0.0375234521575985 0 0.0117343346632246 0 0 0 0.0702082845775802 0 0.0170415814587594 0.118133490844654 0.0838105880709596 0.0189825360668185 0 0.0401284109149278 0.0311074243052675 0 0.0146391450739277 0
"battle" 0 0 0.0909182745731892 0 0.0136481506755835 0 0.0941872981700753 0 0 0 0 0.0469043151969981 0.133456523970845 0.0234686693264492 0 0 0 0 0 0 0 0.0139684313451599 0 0.0368459837877671 0 0.0103691414350892 0.0548546352166758 0.0146391450739277 0
"cold" 0 0 0 0.0237586124970302 0 0.0135538086202223 0 0.0195331575349155 0.0849834282314949 0.012132977432662 0.023285597857725 0.0281425891181989 0.041063545837183 0.0117343346632246 0 0.026395671109938 0.0447127207690588 0 0.0298418382572366 0.0170415814587594 0.0147666863555818 0.0139684313451599 0.0379650721336371 0 0.0401284109149278 0 0.091424392027793 0 0
"earth" 0.101100876207594 0.0566251415628539 0 0.0950344499881207 0.0272963013511669 0.0135538086202223 0 0.00976657876745776 0.016996685646299 0.012132977432662 0.04657119571545 0.0375234521575985 0.0205317729185915 0 0 0 0.0447127207690588 0 0 0 0 0.0279368626903199 0.0379650721336371 0.0184229918938836 0 0.0103691414350892 0 0 0
"jump" 0.0112334306897326 0 0.0404081220325285 0.0118793062485151 0.0136481506755835 0.0135538086202223 0 0 0.0424917141157474 0.024265954865324 0 0.00938086303939963 0 0 0.0511378164152391 0 0 0.01170138076293 0.0198945588381578 0.170415814587594 0.0886001181334908 0.0139684313451599 0 0 0 0.0103691414350892 0 0.0146391450739277 0.0181488203266788
"money" 0.0112334306897326 0 0.0505101525406607 0.0118793062485151 0 0.0406614258606668 0.0269106566200215 0.0878992089071198 0.0679867425851959 0.024265954865324 0 0 0 0.0234686693264492 0.0170459388050797 0.013197835554969 0 0 0.00994727941907888 0.0170415814587594 0 0.0279368626903199 0.0379650721336371 0 0 0.0207382828701783 0 0.0146391450739277 0
"point" 0.0449337227589306 0 0.0606121830487928 0 0.0272963013511669 0.0135538086202223 0 0 0.00849834282314949 0 0.0116427989288625 0 0.0205317729185915 0.0469373386528984 0 0.026395671109938 0 0.01170138076293 0.0298418382572366 0.0170415814587594 0.0147666863555818 0 0.0759301442672741 0.0368459837877671 0 0.0414765657403567 0.0365697568111172 0.043917435221783 0.0181488203266788
"precious" 0.0112334306897326 0 0 0 0 0 0 0 0 0 0.0931423914309 0.168855534709193 0.174520069808028 0 0.00852296940253985 0 0 0 0 0 0 0 0 0 0 0 0 0 0
"read" 0 0 0.0101020305081321 0.0475172249940603 0 0.0406614258606668 0.0134553283100108 0.0292997363023733 0.00849834282314949 0.0485319097306479 0.0116427989288625 0 0 0.0117343346632246 0 0.026395671109938 0.0223563603845294 0.01170138076293 0.00994727941907888 0 0 0.0139684313451599 0 0.0552689756816507 0.140449438202247 0.0311074243052675 0.0365697568111172 0.0292782901478554 0.0544464609800363
"strong" 0.0337002920691979 0.018875047187618 0.0202040610162643 0.0118793062485151 0 0.0135538086202223 0.0538213132400431 0.00976657876745776 0.016996685646299 0.024265954865324 0.0116427989288625 0.0938086303939962 0.0205317729185915 0.0117343346632246 0.0170459388050797 0 0 0.01170138076293 0.00994727941907888 0 0 0.0419052940354798 0.0379650721336371 0.0184229918938836 0.0200642054574639 0 0.0182848784055586 0.0292782901478554 0
"trouble" 0.0112334306897326 0.0377500943752359 0.0808162440650571 0.0237586124970302 0.0136481506755835 0.0271076172404446 0 0.0585994726047466 0 0.024265954865324 0 0.0187617260787993 0.0102658864592958 0 0.0170459388050797 0.026395671109938 0 0.01170138076293 0.0397891176763155 0.0511247443762781 0.0147666863555818 0.0139684313451599 0 0 0 0.0207382828701783 0.0365697568111172 0 0
"young" 0 0 0.0202040610162643 0.0356379187455453 0.0272963013511669 0 0.0538213132400431 0.0195331575349155 0.016996685646299 0.0363989322979859 0.0349283967865875 0.0562851782363977 0.0513294322964788 0.0469373386528984 0.0170459388050797 0.013197835554969 0 0 0.0198945588381578 0.0170415814587594 0 0 0 0 0 0.0207382828701783 0.0182848784055586 0 0
"yours" 0.0337002920691979 0.0566251415628539 0.0303060915243964 0.0118793062485151 0.0272963013511669 0 0.0269106566200215 0.00976657876745776 0 0.0363989322979859 0.0582139946443125 0.00938086303939963 0.0102658864592958 0.0352030039896738 0.0170459388050797 0 0.0223563603845294 0.0234027615258601 0 0 0.0443000590667454 0.0139684313451599 0.0189825360668185 0 0.0200642054574639 0.0518457071754459 0 0.0146391450739277 0
"aye" 0 0 0 0 0 0 0 0 0.016996685646299 0 0.0116427989288625 0 0.0102658864592958 0.164280685285144 0 0 0 0 0 0 0 0 0 0.331613854089904 0.140449438202247 0 0 0.0146391450739277 0
"base" 0 0 0.14142842711385 0 0 0.0135538086202223 0 0 0.00849834282314949 0 0 0.00938086303939963 0 0 0.00852296940253985 0 0 0.16381933068102 0 0.0170415814587594 0.0295333727111636 0 0 0 0.0401284109149278 0.0207382828701783 0 0 0.0907441016333938
"fischer" 0 0 0 0 0 0 0 0 0 0 0 0 0 0 0.375010653711753 0 0 0 0 0 0 0 0 0 0 0 0 0 0
"food" 0.0112334306897326 0.018875047187618 0 0 0.0136481506755835 0.0135538086202223 0.0134553283100108 0.0488328938372888 0 0 0 0.0469043151969981 0.0205317729185915 0.0469373386528984 0 0.026395671109938 0 0.0234027615258601 0.0397891176763155 0 0.0590667454223272 0 0.0949126803340926 0 0.0401284109149278 0 0.0731395136222344 0 0
"free" 0 0.018875047187618 0 0.0237586124970302 0 0.0135538086202223 0.0672766415500538 0.00976657876745776 0 0.012132977432662 0.023285597857725 0.0469043151969981 0.041063545837183 0.0821403426425722 0.0340918776101594 0 0.0223563603845294 0.01170138076293 0 0 0 0.0419052940354798 0 0 0.0200642054574639 0 0.0731395136222344 0 0.0181488203266788
"george" 0 0 0 0.332620574958422 0 0 0 0 0 0.0363989322979859 0 0 0 0 0 0 0.0223563603845294 0 0.0397891176763155 0.0511247443762781 0 0 0 0.0184229918938836 0.0401284109149278 0.0207382828701783 0 0 0
"ground" 0 0 0 0 0 0.0135538086202223 0 0.00976657876745776 0 0.024265954865324 0.0349283967865875 0.0281425891181989 0.041063545837183 0 0 0.013197835554969 0 0.15211794991809 0.0298418382572366 0.0170415814587594 0.0590667454223272 0 0 0 0.0200642054574639 0.0207382828701783 0 0.0731957253696384 0
"happen" 0.0224668613794653 0 0.0101020305081321 0.0950344499881207 0 0.0135538086202223 0 0.0195331575349155 0.00849834282314949 0.024265954865324 0.023285597857725 0.0375234521575985 0.0102658864592958 0.0234686693264492 0.0340918776101594 0.0659891777748449 0 0 0.00994727941907888 0 0.0147666863555818 0.0279368626903199 0 0.0368459837877671 0 0.0103691414350892 0.0365697568111172 0 0
"holy" 0.0112334306897326 0.0377500943752359 0 0.0237586124970302 0.35485191756517 0 0 0.0195331575349155 0.00849834282314949 0.012132977432662 0 0 0 0 0 0 0.0223563603845294 0 0.00994727941907888 0.0340831629175187 0.0147666863555818 0.0558737253806398 0 0 0 0 0 0 0
"lead" 0 0 0.0101020305081321 0 0.0136481506755835 0 0 0 0.00849834282314949 0.012132977432662 0.04657119571545 0.0469043151969981 0.0513294322964788 0.0117343346632246 0.0170459388050797 0 0 0.0351041422887901 0.0397891176763155 0.0340831629175187 0.0443000590667454 0.0279368626903199 0 0 0.0200642054574639 0 0.0365697568111172 0.0731957253696384 0.0181488203266788
"makes" 0.0224668613794653 0 0.0303060915243964 0.0475172249940603 0.0136481506755835 0.0135538086202223 0.0672766415500538 0.00976657876745776 0.0254950284694485 0 0 0 0.0102658864592958 0.0352030039896738 0.0170459388050797 0 0.0223563603845294 0.0234027615258601 0 0.0340831629175187 0 0.0139684313451599 0.113895216400911 0 0.0200642054574639 0.0414765657403567 0.0182848784055586 0 0
"none" 0.0112334306897326 0 0 0.0118793062485151 0.0272963013511669 0.0135538086202223 0.0269106566200215 0 0.0254950284694485 0 0.116427989288625 0.0281425891181989 0.0821270916743661 0 0.0170459388050797 0.013197835554969 0.0223563603845294 0.01170138076293 0.00994727941907888 0.0170415814587594 0.0147666863555818 0.0139684313451599 0.0569476082004556 0 0 0 0 0.0146391450739277 0
"upon" 0 0 0 0 0.0682407533779173 0 0 0 0 0 0.0814995925020375 0.0938086303939962 0.0718612052150703 0.0704060079793476 0 0 0 0.01170138076293 0 0 0.0295333727111636 0.0139684313451599 0.0189825360668185 0.0184229918938836 0 0.0207382828701783 0 0 0.0181488203266788
"used" 0.0224668613794653 0.0566251415628539 0.0101020305081321 0.0118793062485151 0.0272963013511669 0 0 0.0195331575349155 0.0339933712925979 0 0.023285597857725 0.0281425891181989 0.0102658864592958 0.0117343346632246 0.0170459388050797 0.039593506664907 0.0447127207690588 0 0.0198945588381578 0 0 0 0.0189825360668185 0.0368459837877671 0.0200642054574639 0.0311074243052675 0.0548546352166758 0.043917435221783 0
"walk" 0 0 0 0.0593965312425754 0.0272963013511669 0 0.0134553283100108 0.0292997363023733 0.00849834282314949 0.024265954865324 0.0116427989288625 0.0187617260787993 0 0.0117343346632246 0.0255689082076195 0.013197835554969 0 0.0234027615258601 0.0596836765144733 0 0 0.0279368626903199 0.0759301442672741 0.0368459837877671 0 0.0414765657403567 0 0 0.0362976406533575
"wish" 0.0112334306897326 0.0566251415628539 0.0303060915243964 0.0118793062485151 0 0 0.0269106566200215 0.0195331575349155 0 0.0485319097306479 0.0814995925020375 0.00938086303939963 0.0821270916743661 0 0.0170459388050797 0.013197835554969 0 0.01170138076293 0.0198945588381578 0 0 0 0.0189825360668185 0.0736919675755343 0 0 0 0.0146391450739277 0
"clean" 0.0112334306897326 0.018875047187618 0 0.0118793062485151 0 0 0.0403659849300323 0.166031839046782 0 0.012132977432662 0 0 0 0 0.00852296940253985 0.039593506664907 0.0223563603845294 0.01170138076293 0.00994727941907888 0 0 0.0558737253806398 0.0189825360668185 0.0184229918938836 0.0401284109149278 0.0207382828701783 0 0.0292782901478554 0
"comes" 0.0112334306897326 0 0.0101020305081321 0.0237586124970302 0 0.0135538086202223 0.0269106566200215 0.0292997363023733 0.0254950284694485 0.0363989322979859 0.023285597857725 0.0281425891181989 0.041063545837183 0.0117343346632246 0.0170459388050797 0 0 0.01170138076293 0.00994727941907888 0.0170415814587594 0.0147666863555818 0.0279368626903199 0 0 0.0401284109149278 0.0414765657403567 0.0365697568111172 0.0146391450739277 0
"eye" 0.0674005841383959 0 0 0.0118793062485151 0 0 0.0134553283100108 0.00976657876745776 0.00849834282314949 0.0606648871633099 0.104785190359762 0.0375234521575985 0.0615953187557746 0.0469373386528984 0 0 0.0223563603845294 0.01170138076293 0 0 0.0147666863555818 0 0 0 0 0 0.0182848784055586 0 0.0181488203266788
"land" 0.0112334306897326 0 0 0 0.150129657431418 0 0 0 0.0254950284694485 0 0.023285597857725 0.0375234521575985 0.0205317729185915 0.0117343346632246 0.00852296940253985 0 0 0.0234027615258601 0 0.0170415814587594 0.0147666863555818 0.0139684313451599 0.0379650721336371 0.0184229918938836 0.0601926163723917 0 0 0.102474015517494 0
"mission" 0.0224668613794653 0.0377500943752359 0.0707142135569249 0 0 0.108430468961778 0 0 0 0 0.0116427989288625 0.00938086303939963 0 0 0.00852296940253985 0 0 0.0585069038146501 0.00994727941907888 0.0340831629175187 0 0.0139684313451599 0 0 0 0.103691414350892 0.0182848784055586 0 0.0181488203266788
"pretty" 0.0337002920691979 0 0.0101020305081321 0.0356379187455453 0 0 0 0.00976657876745776 0.0339933712925979 0 0.0116427989288625 0.0187617260787993 0 0.0117343346632246 0.00852296940253985 0.026395671109938 0.0670690811535882 0.0468055230517201 0.0596836765144733 0.0340831629175187 0 0.0558737253806398 0 0 0.0401284109149278 0.0207382828701783 0 0 0.0181488203266788
"saruman" 0 0 0 0 0 0 0 0 0 0 0.116427989288625 0.25328330206379 0.0615953187557746 0 0 0 0 0 0 0 0 0 0 0 0 0 0 0 0
"sent" 0.0337002920691979 0.0377500943752359 0.0202040610162643 0.0118793062485151 0.0136481506755835 0 0.0538213132400431 0.039066315069831 0.016996685646299 0.012132977432662 0 0.0281425891181989 0.0513294322964788 0.0352030039896738 0.0170459388050797 0 0 0.01170138076293 0.0298418382572366 0.0170415814587594 0.0147666863555818 0.0279368626903199 0.0189825360668185 0 0 0 0 0.0146391450739277 0
"somewhere" 0.0561671534486632 0.0566251415628539 0.0101020305081321 0.0118793062485151 0.0136481506755835 0 0.0134553283100108 0 0 0.024265954865324 0.0349283967865875 0.0187617260787993 0 0 0.0255689082076195 0.026395671109938 0 0.0234027615258601 0.00994727941907888 0 0.0147666863555818 0 0.0759301442672741 0.0368459837877671 0.0200642054574639 0.0311074243052675 0 0.0292782901478554 0.0544464609800363
"strength" 0.0224668613794653 0 0 0 0.0272963013511669 0 0.0672766415500538 0.00976657876745776 0.00849834282314949 0.024265954865324 0.13971358714635 0.0469043151969981 0.0615953187557746 0.0117343346632246 0 0.013197835554969 0 0 0 0.0170415814587594 0.0147666863555818 0 0 0 0 0.0311074243052675 0 0 0
"thanos" 0.483037519658504 0 0 0 0 0 0 0 0 0 0 0 0 0 0 0 0 0 0 0 0 0 0 0 0 0 0 0 0
"aren^t" 0.0224668613794653 0 0.0404081220325285 0.0356379187455453 0 0.0813228517213337 0 0.00976657876745776 0.016996685646299 0.0606648871633099 0 0.0187617260787993 0 0.0234686693264492 0.0170459388050797 0.013197835554969 0.0223563603845294 0.01170138076293 0.00994727941907888 0 0.0147666863555818 0.0139684313451599 0.0379650721336371 0 0 0.0103691414350892 0.0548546352166758 0.0146391450739277 0
"jones" 0 0.717251793129483 0 0 0 0.0135538086202223 0 0 0 0 0 0 0 0.0234686693264492 0 0 0 0 0.00994727941907888 0 0 0 0 0 0 0 0 0 0
"luke" 0 0 0.42428528134155 0 0 0 0 0 0 0 0 0 0 0 0 0 0 0 0 0 0 0 0 0 0 0 0 0 0
"pay" 0.0337002920691979 0.0377500943752359 0.0505101525406607 0.0712758374910905 0.0272963013511669 0.0135538086202223 0.0538213132400431 0.0195331575349155 0 0.0363989322979859 0.0116427989288625 0.00938086303939963 0 0.0117343346632246 0.00852296940253985 0 0 0.0234027615258601 0 0.0340831629175187 0 0 0 0 0 0.0311074243052675 0.0548546352166758 0 0
"play" 0 0 0.0404081220325285 0.0831551437396056 0 0.0813228517213337 0.0134553283100108 0.00976657876745776 0.0254950284694485 0.0363989322979859 0.0116427989288625 0 0 0 0.0170459388050797 0.0659891777748449 0 0 0 0 0 0.0419052940354798 0 0.0184229918938836 0 0 0.0548546352166758 0.0292782901478554 0
"problem" 0.0112334306897326 0.0377500943752359 0.0202040610162643 0.0237586124970302 0.0136481506755835 0 0.0134553283100108 0 0.00849834282314949 0.024265954865324 0 0 0 0 0.0255689082076195 0.118780519994721 0.0223563603845294 0.0234027615258601 0.0298418382572366 0.0511247443762781 0.0295333727111636 0.0139684313451599 0.0569476082004556 0 0 0.0207382828701783 0 0.0146391450739277 0
"sauron" 0 0 0 0 0 0 0 0 0 0 0.209570380719525 0.140712945590994 0.0923929781336618 0 0 0 0 0 0 0 0 0 0 0 0 0 0 0 0
"space" 0.112334306897326 0.0377500943752359 0.0404081220325285 0.0237586124970302 0 0.216860937923557 0 0 0.016996685646299 0 0 0 0 0 0.0255689082076195 0 0.0223563603845294 0.01170138076293 0 0 0 0 0 0 0 0.0103691414350892 0 0 0
"west" 0 0 0 0 0 0.0135538086202223 0 0.0292997363023733 0.00849834282314949 0 0.0349283967865875 0.0281425891181989 0.0513294322964788 0 0 0.039593506664907 0 0.0351041422887901 0.0397891176763155 0 0 0 0.0379650721336371 0.0184229918938836 0 0.0103691414350892 0.0182848784055586 0.0292782901478554 0.163339382940109
"alright" 0 0 0.0303060915243964 0 0 0 0 0 0 0 0 0 0 0 0.255689082076195 0 0 0 0 0 0 0 0 0 0 0 0.146279027244469 0 0
"anyway" 0.0112334306897326 0.018875047187618 0.0202040610162643 0.0356379187455453 0.0682407533779173 0.0135538086202223 0 0.039066315069831 0.0339933712925979 0 0.0116427989288625 0 0 0 0.0170459388050797 0.0659891777748449 0.0670690811535882 0 0.0397891176763155 0.0340831629175187 0.0147666863555818 0 0 0 0 0 0.0365697568111172 0 0
"aragorn" 0 0 0 0 0 0 0 0 0 0 0.151356386075212 0.187617260787992 0.0821270916743661 0 0 0 0 0 0 0 0 0 0 0 0 0 0 0 0
"dog" 0 0 0 0 0 0.0677690431011114 0 0 0.00849834282314949 0.0606648871633099 0 0 0 0.0117343346632246 0 0.013197835554969 0.178850883076235 0 0 0.0170415814587594 0.0590667454223272 0.0139684313451599 0 0.0368459837877671 0.0601926163723917 0.062214848610535 0.0182848784055586 0.0292782901478554 0
"emperor" 0 0 0.0303060915243964 0 0.0136481506755835 0.0271076172404446 0.470936490850377 0 0 0 0 0 0 0 0 0 0 0 0 0 0 0 0 0 0 0 0 0 0
"fast" 0.0112334306897326 0 0.0606121830487928 0.0118793062485151 0 0.0135538086202223 0 0.00976657876745776 0.0254950284694485 0.012132977432662 0.0116427989288625 0.0187617260787993 0 0.0117343346632246 0.0340918776101594 0.026395671109938 0 0.0234027615258601 0.0198945588381578 0 0.0590667454223272 0.0139684313451599 0.0189825360668185 0.0184229918938836 0.0200642054574639 0.0207382828701783 0 0 0.0544464609800363
"fear" 0.0112334306897326 0.018875047187618 0.0202040610162643 0 0 0 0.0672766415500538 0.00976657876745776 0 0 0.0814995925020375 0.0656660412757974 0.0718612052150703 0 0 0.039593506664907 0 0.01170138076293 0.00994727941907888 0 0.0590667454223272 0.0139684313451599 0 0 0 0 0 0 0
"marines" 0 0.018875047187618 0 0 0 0 0 0 0 0 0 0 0 0.0117343346632246 0 0 0 0 0 0 0 0.167621176141919 0.0189825360668185 0.313190862196021 0.180577849117175 0 0 0 0
"orders" 0 0 0.0101020305081321 0 0 0 0.0269106566200215 0 0.00849834282314949 0 0.0116427989288625 0.0187617260787993 0.0205317729185915 0.0234686693264492 0 0.026395671109938 0.0223563603845294 0.01170138076293 0 0.0340831629175187 0.0147666863555818 0.0419052940354798 0.0759301442672741 0.0368459837877671 0.0802568218298555 0.0933222729158026 0 0.0146391450739277 0
"ride" 0 0 0.0101020305081321 0.0118793062485151 0.0136481506755835 0.0271076172404446 0.0134553283100108 0 0.0254950284694485 0 0.0116427989288625 0.0562851782363977 0.184785956267324 0 0.0170459388050797 0 0 0 0.0198945588381578 0 0.0147666863555818 0 0 0.0368459837877671 0 0 0 0 0
"-no" 0 0 0.0404081220325285 0 0 0 0 0 0 0 0.162999185004075 0.075046904315197 0 0 0 0 0 0.0585069038146501 0 0.0511247443762781 0 0 0 0 0 0 0 0.0878348704435661 0
"bridge" 0 0 0.0101020305081321 0 0.122833356080251 0 0 0 0.00849834282314949 0 0.0582139946443125 0 0.0102658864592958 0 0.0170459388050797 0 0 0 0 0 0.0147666863555818 0 0 0.0184229918938836 0 0.145167980091248 0 0.0731957253696384 0
"change" 0.0224668613794653 0 0.0101020305081321 0.0593965312425754 0.0136481506755835 0 0.0134553283100108 0 0.00849834282314949 0.0606648871633099 0.0116427989288625 0.00938086303939963 0 0.0117343346632246 0.0596607858177789 0.039593506664907 0.0223563603845294 0.01170138076293 0.0198945588381578 0 0 0.0419052940354798 0.0379650721336371 0 0 0.0103691414350892 0 0 0.0181488203266788
"dad" 0.0112334306897326 0.018875047187618 0 0.130672368733666 0.0136481506755835 0 0 0 0 0.0485319097306479 0 0.00938086303939963 0 0 0.0426148470126992 0.0923848488847829 0 0 0.00994727941907888 0 0 0 0 0.0552689756816507 0.0401284109149278 0.0207382828701783 0 0.0146391450739277 0
"east" 0 0 0 0.0118793062485151 0 0 0 0.00976657876745776 0 0 0.0349283967865875 0.0281425891181989 0.0307976593778873 0.0234686693264492 0 0 0.0223563603845294 0.0351041422887901 0.0397891176763155 0 0.0147666863555818 0 0 0.0368459837877671 0.0200642054574639 0.0103691414350892 0 0.0585565802957107 0.181488203266788
"hi" 0.0449337227589306 0 0 0.0712758374910905 0 0.0813228517213337 0 0.00976657876745776 0.0339933712925979 0.012132977432662 0 0 0.0102658864592958 0 0.0170459388050797 0.105582684439752 0 0.01170138076293 0.00994727941907888 0.0170415814587594 0.0147666863555818 0.0139684313451599 0 0.0184229918938836 0 0 0 0 0.0181488203266788
"honor" 0.0112334306897326 0.018875047187618 0 0 0 0.0135538086202223 0.215285252960172 0 0.0339933712925979 0 0.0116427989288625 0.0187617260787993 0.041063545837183 0.0234686693264492 0.0255689082076195 0 0 0 0 0 0.0147666863555818 0.0139684313451599 0.0379650721336371 0 0 0 0.0182848784055586 0 0
"marty" 0 0 0 0.475172249940603 0 0 0 0 0 0 0 0 0 0 0 0 0 0 0 0 0 0 0 0 0 0 0 0 0
"outside" 0.0112334306897326 0.018875047187618 0.0101020305081321 0.0118793062485151 0 0.0135538086202223 0.0134553283100108 0.0683660513722043 0.016996685646299 0 0.023285597857725 0 0 0 0 0.0527913422198759 0.178850883076235 0.0234027615258601 0 0.0340831629175187 0.0147666863555818 0 0.0379650721336371 0.0184229918938836 0.0200642054574639 0 0 0.0146391450739277 0.0181488203266788
"piece" 0.0337002920691979 0.0943752359380898 0.0202040610162643 0 0 0.0135538086202223 0 0.0292997363023733 0.016996685646299 0 0 0.00938086303939963 0 0.0469373386528984 0.00852296940253985 0 0.0670690811535882 0.01170138076293 0.00994727941907888 0 0.0295333727111636 0.0977790194161196 0.0189825360668185 0.0184229918938836 0.0401284109149278 0 0 0 0
"possible" 0.0224668613794653 0.018875047187618 0.0101020305081321 0.0237586124970302 0 0 0.0134553283100108 0 0.00849834282314949 0 0.0116427989288625 0.00938086303939963 0 0.0234686693264492 0.0681837552203188 0.0791870133298139 0 0.0351041422887901 0.00994727941907888 0.0340831629175187 0.0147666863555818 0.0139684313451599 0 0.0184229918938836 0 0.0103691414350892 0 0.0292782901478554 0.0362976406533575
"quickly" 0 0 0 0 0.0136481506755835 0.0135538086202223 0.0269106566200215 0 0.0424917141157474 0.024265954865324 0.04657119571545 0.0562851782363977 0.0307976593778873 0 0.0170459388050797 0 0 0 0.0198945588381578 0.0170415814587594 0.0147666863555818 0.11174745076128 0.0189825360668185 0 0 0 0.0182848784055586 0 0
"rohan" 0 0 0 0 0 0 0 0 0 0 0.04657119571545 0.206378986866792 0.143722410430141 0 0 0 0 0 0 0 0 0 0 0 0 0 0 0 0
"smoke" 0 0.018875047187618 0 0.0118793062485151 0 0 0 0 0.00849834282314949 0.012132977432662 0.0116427989288625 0.0187617260787993 0.0102658864592958 0 0 0 0 0.0351041422887901 0.0397891176763155 0.0340831629175187 0 0.0139684313451599 0 0.0368459837877671 0.0401284109149278 0.0207382828701783 0.109709270433352 0.043917435221783 0.127041742286751
"station" 0 0 0.202040610162643 0 0 0.0135538086202223 0 0 0 0 0 0 0 0 0 0 0 0.0234027615258601 0.0795782353526311 0 0.0147666863555818 0 0 0.0368459837877671 0.0200642054574639 0.0103691414350892 0.0182848784055586 0 0.0544464609800363
"tom" 0 0 0 0.0237586124970302 0 0 0 0.292997363023733 0 0.012132977432662 0 0 0 0 0 0 0 0 0 0 0 0 0 0 0 0 0 0.0731957253696384 0.0362976406533575
"women" 0 0 0 0 0.0136481506755835 0 0 0.0292997363023733 0.135973485170392 0 0 0.0938086303939962 0.0307976593778873 0.0117343346632246 0 0.013197835554969 0 0.01170138076293 0 0 0 0.0279368626903199 0.0189825360668185 0 0 0 0.0182848784055586 0 0
"working" 0.0112334306897326 0.0566251415628539 0.0101020305081321 0.0237586124970302 0.0136481506755835 0.0271076172404446 0 0.00976657876745776 0.0424917141157474 0 0.023285597857725 0 0 0 0.0426148470126992 0.013197835554969 0.0223563603845294 0 0.0298418382572366 0.0170415814587594 0.0147666863555818 0.0279368626903199 0 0 0.0601926163723917 0.0103691414350892 0.0182848784055586 0.043917435221783 0
"arm" 0.0224668613794653 0 0 0.0237586124970302 0.0136481506755835 0 0.0134553283100108 0 0.016996685646299 0 0.023285597857725 0.00938086303939963 0.0102658864592958 0 0 0.026395671109938 0.0223563603845294 0 0.0397891176763155 0 0 0 0.0949126803340926 0 0.0601926163723917 0 0.0182848784055586 0 0.199637023593466
"bill" 0 0 0 0.0118793062485151 0 0 0 0.00976657876745776 0 0 0.0349283967865875 0 0 0.0704060079793476 0 0.0659891777748449 0 0 0.109420073609868 0.0340831629175187 0 0 0 0 0.200642054574639 0 0 0 0
"colonel" 0.0112334306897326 0.018875047187618 0 0 0 0 0 0 0.00849834282314949 0 0 0 0 0 0 0 0 0.16381933068102 0.00994727941907888 0.153374233128834 0.0147666863555818 0 0 0.0368459837877671 0 0.0207382828701783 0.0365697568111172 0.0731957253696384 0
"couple" 0.0224668613794653 0 0 0.0118793062485151 0 0.0271076172404446 0 0.0195331575349155 0.0594883997620464 0 0.0116427989288625 0 0.0102658864592958 0.0234686693264492 0.00852296940253985 0.013197835554969 0.0223563603845294 0.0702082845775802 0.0497363970953944 0.0170415814587594 0.0147666863555818 0 0 0.0184229918938836 0.0401284109149278 0.0207382828701783 0 0 0
"died" 0.0112334306897326 0 0.0101020305081321 0 0.0409444520267504 0 0.0403659849300323 0.00976657876745776 0.016996685646299 0.0485319097306479 0 0.0375234521575985 0.0205317729185915 0.0352030039896738 0.0340918776101594 0 0 0 0.00994727941907888 0 0 0.0139684313451599 0.0189825360668185 0.0184229918938836 0 0.0518457071754459 0.0365697568111172 0 0
"forward" 0.0112334306897326 0 0.0101020305081321 0.0118793062485151 0.0409444520267504 0 0.0403659849300323 0 0.0509900569388969 0.024265954865324 0.0116427989288625 0.00938086303939963 0.0102658864592958 0.0234686693264492 0.00852296940253985 0.026395671109938 0 0 0.0298418382572366 0.0340831629175187 0.0295333727111636 0.0139684313451599 0 0.0184229918938836 0.0200642054574639 0.0103691414350892 0.0365697568111172 0.0146391450739277 0
"guns" 0 0 0.0404081220325285 0 0 0 0 0 0 0 0 0 0 0.0821403426425722 0.00852296940253985 0 0 0.01170138076293 0.0298418382572366 0 0.0295333727111636 0.0139684313451599 0.0569476082004556 0.0184229918938836 0.0601926163723917 0.0103691414350892 0.0731395136222344 0.0878348704435661 0.0362976406533575
"himself" 0 0 0.0101020305081321 0.0118793062485151 0.0272963013511669 0 0.0538213132400431 0.0292997363023733 0.016996685646299 0.0363989322979859 0.0349283967865875 0 0.0102658864592958 0.0117343346632246 0.0340918776101594 0.026395671109938 0.0447127207690588 0.01170138076293 0.00994727941907888 0 0.0443000590667454 0.0279368626903199 0.0189825360668185 0 0 0.0103691414350892 0 0.0146391450739277 0
"hotel" 0 0 0 0 0 0 0 0.039066315069831 0 0 0 0 0 0 0.0511378164152391 0.290352382209318 0 0.01170138076293 0 0 0 0.0698421567257997 0 0 0 0.0103691414350892 0 0 0
"it^ll" 0.0112334306897326 0.018875047187618 0.0202040610162643 0.0356379187455453 0 0.0135538086202223 0 0.00976657876745776 0.0594883997620464 0.024265954865324 0.0116427989288625 0 0 0.0352030039896738 0 0.026395671109938 0.0223563603845294 0.0468055230517201 0.00994727941907888 0.0340831629175187 0.0295333727111636 0 0 0 0.0200642054574639 0.0103691414350892 0.0365697568111172 0.0146391450739277 0
"known" 0.0224668613794653 0.018875047187618 0.0303060915243964 0 0.0136481506755835 0 0.0403659849300323 0.0292997363023733 0.0254950284694485 0.0485319097306479 0.023285597857725 0.00938086303939963 0.0102658864592958 0.0117343346632246 0.0255689082076195 0.013197835554969 0.0223563603845294 0 0.0397891176763155 0 0.0147666863555818 0 0.0189825360668185 0 0 0 0 0.0146391450739277 0.0362976406533575
"needs" 0.0561671534486632 0 0.0202040610162643 0 0.0136481506755835 0.0406614258606668 0.0134553283100108 0.0195331575349155 0 0.024265954865324 0.0349283967865875 0.0281425891181989 0.0513294322964788 0.0117343346632246 0.0255689082076195 0 0.0447127207690588 0.01170138076293 0 0.0170415814587594 0 0.0139684313451599 0.0189825360668185 0 0 0.0207382828701783 0 0 0
"plan" 0.112334306897326 0 0.0404081220325285 0.0237586124970302 0.0136481506755835 0.0271076172404446 0 0 0 0 0.0116427989288625 0 0.0102658864592958 0.0234686693264492 0.0255689082076195 0 0 0.01170138076293 0.0397891176763155 0.0170415814587594 0.0147666863555818 0 0.0189825360668185 0.0184229918938836 0 0.0103691414350892 0 0.0146391450739277 0.0362976406533575
"small" 0.0112334306897326 0 0.0606121830487928 0 0.0272963013511669 0 0 0.00976657876745776 0.0254950284694485 0 0.0116427989288625 0.0562851782363977 0.0205317729185915 0 0.0170459388050797 0.013197835554969 0.0223563603845294 0.01170138076293 0.00994727941907888 0 0 0 0.0189825360668185 0 0 0.0414765657403567 0.0548546352166758 0 0.0544464609800363
"star" 0.0449337227589306 0 0.101020305081321 0 0 0.149091894822445 0 0.0195331575349155 0.016996685646299 0 0.0116427989288625 0.00938086303939963 0.0102658864592958 0 0 0 0 0.0468055230517201 0.00994727941907888 0.0170415814587594 0 0 0.0189825360668185 0 0 0 0 0 0
"cease" 0.0224668613794653 0 0 0 0 0 0 0 0 0 0 0 0 0 0 0 0 0.0234027615258601 0.0198945588381578 0 0.0295333727111636 0.167621176141919 0.0189825360668185 0.147383935151069 0.0401284109149278 0.0311074243052675 0.0731395136222344 0 0
"dangerous" 0.0112334306897326 0.018875047187618 0.0606121830487928 0.0237586124970302 0.0136481506755835 0.0271076172404446 0.0134553283100108 0.039066315069831 0.016996685646299 0.012132977432662 0.0582139946443125 0.0469043151969981 0.0307976593778873 0 0 0 0 0 0.00994727941907888 0 0 0.0139684313451599 0 0 0 0.0103691414350892 0.0182848784055586 0 0
"daughter" 0.101100876207594 0 0 0 0.0272963013511669 0 0.0269106566200215 0.117198945209493 0.0254950284694485 0 0 0.0281425891181989 0 0.058671673316123 0 0.013197835554969 0 0.01170138076293 0 0 0 0 0 0 0 0 0 0 0
"gate" 0 0 0 0 0 0 0.0269106566200215 0.00976657876745776 0.0339933712925979 0 0 0.178236397748593 0.0513294322964788 0 0 0 0 0.0234027615258601 0 0 0 0 0 0 0 0 0 0 0.0907441016333938
"how^s" 0 0 0 0.0118793062485151 0 0 0 0.0488328938372888 0 0.012132977432662 0 0 0 0.0234686693264492 0.00852296940253985 0.0791870133298139 0.0670690811535882 0.01170138076293 0.0497363970953944 0.0170415814587594 0.0147666863555818 0 0 0 0.0401284109149278 0.0518457071754459 0 0.0146391450739277 0.0544464609800363
"johnny" 0 0 0 0.0712758374910905 0 0 0 0.195331575349155 0 0 0 0 0 0 0 0.013197835554969 0 0 0.00994727941907888 0.0681663258350375 0.0295333727111636 0 0 0.0368459837877671 0 0 0 0.0292782901478554 0
"join" 0.0112334306897326 0 0 0 0.0955370547290842 0.0135538086202223 0.0134553283100108 0.00976657876745776 0.00849834282314949 0.0485319097306479 0.023285597857725 0.00938086303939963 0.0102658864592958 0 0.00852296940253985 0.026395671109938 0 0 0.00994727941907888 0 0.0295333727111636 0.0139684313451599 0 0.0921149594694178 0.0200642054574639 0 0.0365697568111172 0.0292782901478554 0.0181488203266788
"lucky" 0 0 0.0202040610162643 0 0.0272963013511669 0 0 0 0.016996685646299 0.0363989322979859 0.0116427989288625 0.0187617260787993 0 0 0 0 0 0 0.0198945588381578 0.0852079072937969 0.0295333727111636 0.0139684313451599 0.0189825360668185 0.110537951363301 0.0601926163723917 0.0207382828701783 0.0365697568111172 0.0292782901478554 0
"o" 0 0 0 0 0.109185205404668 0.0271076172404446 0 0 0.016996685646299 0 0 0.00938086303939963 0 0 0 0 0.0223563603845294 0.0702082845775802 0 0.0340831629175187 0.0147666863555818 0 0 0.0736919675755343 0.100321027287319 0.0414765657403567 0.0365697568111172 0 0
"street" 0.0112334306897326 0.018875047187618 0.0101020305081321 0.0593965312425754 0 0 0 0.039066315069831 0 0 0 0 0 0 0.00852296940253985 0.013197835554969 0 0.0819096653405102 0.00994727941907888 0 0.073833431777909 0 0 0.0552689756816507 0 0.0103691414350892 0 0 0.127041742286751
"top" 0 0.0377500943752359 0.0202040610162643 0.0237586124970302 0 0.0135538086202223 0 0.0292997363023733 0.0254950284694485 0 0.0116427989288625 0 0 0 0.0170459388050797 0 0 0.0468055230517201 0.0198945588381578 0.0170415814587594 0.0295333727111636 0.0279368626903199 0 0.0184229918938836 0.0200642054574639 0.0207382828701783 0 0.0146391450739277 0.108892921960073
"ah" 0.0112334306897326 0.0566251415628539 0.0101020305081321 0 0.0136481506755835 0.0813228517213337 0.0672766415500538 0 0.0424917141157474 0.012132977432662 0 0 0 0 0.00852296940253985 0 0 0.01170138076293 0 0 0.0295333727111636 0 0.0189825360668185 0.0736919675755343 0.0200642054574639 0.0103691414350892 0 0 0.0544464609800363
"arthur" 0 0 0 0 0.368500068240753 0 0 0 0 0 0 0 0 0 0.0852296940253984 0 0 0 0 0 0 0 0 0 0 0 0 0 0
"become" 0.0224668613794653 0.018875047187618 0.0404081220325285 0.0237586124970302 0.0272963013511669 0 0.0403659849300323 0.0195331575349155 0 0.012132977432662 0.0116427989288625 0.00938086303939963 0.0102658864592958 0.0234686693264492 0.0511378164152391 0.013197835554969 0 0 0 0 0 0.0139684313451599 0.0759301442672741 0 0 0.0103691414350892 0.0365697568111172 0 0
"country" 0 0.018875047187618 0 0.0118793062485151 0.0136481506755835 0 0.0134553283100108 0.039066315069831 0.00849834282314949 0 0.0116427989288625 0.0375234521575985 0.0205317729185915 0 0 0 0 0.01170138076293 0.0198945588381578 0.0170415814587594 0.0147666863555818 0.0838105880709596 0.0569476082004556 0.0552689756816507 0 0 0.0365697568111172 0.0292782901478554 0
"danny" 0 0 0 0 0 0 0 0 0 0 0 0 0 0 0 0.39593506664907 0 0.0702082845775802 0 0 0 0 0 0 0 0.0103691414350892 0 0 0
"don" 0 0 0 0 0 0 0 0.263697626721359 0.0594883997620464 0 0 0 0.0102658864592958 0 0 0 0 0 0 0.0340831629175187 0 0 0 0 0 0 0 0 0
"either" 0.0224668613794653 0 0.0404081220325285 0 0 0 0 0.0292997363023733 0.016996685646299 0.0363989322979859 0 0 0.0205317729185915 0.0117343346632246 0 0 0 0.01170138076293 0.00994727941907888 0.0340831629175187 0.0147666863555818 0 0.113895216400911 0 0.0401284109149278 0.0103691414350892 0.0365697568111172 0.0146391450739277 0.0544464609800363
"james" 0 0 0 0 0 0 0 0 0 0.012132977432662 0 0 0 0 0.0767067246228586 0 0 0 0 0.0170415814587594 0 0 0 0 0 0.259228535877229 0 0 0.0181488203266788
"leader" 0.0112334306897326 0 0.121224366097586 0.0118793062485151 0 0 0 0 0 0 0 0 0 0 0 0 0 0.01170138076293 0.0994727941907888 0.0511247443762781 0.0147666863555818 0.0838105880709596 0.0189825360668185 0 0 0 0.0182848784055586 0 0
"lives" 0.0561671534486632 0 0.0101020305081321 0 0.0545926027023338 0.0135538086202223 0.0807319698600646 0 0 0.012132977432662 0.0116427989288625 0.0281425891181989 0.0513294322964788 0 0 0.026395671109938 0 0.0234027615258601 0 0 0 0.0139684313451599 0 0 0 0.0518457071754459 0 0 0
"machine" 0.0112334306897326 0 0 0.118793062485151 0 0 0 0 0.00849834282314949 0 0 0.00938086303939963 0 0 0 0 0 0 0.0298418382572366 0.0511247443762781 0.0295333727111636 0.0139684313451599 0 0.0184229918938836 0.0401284109149278 0.0725839900456242 0 0.0731957253696384 0
"michael" 0 0 0 0 0 0 0 0.351596835628479 0 0 0 0 0 0 0 0 0 0.01170138076293 0 0 0 0 0 0 0 0 0 0 0
"peace" 0.0112334306897326 0.018875047187618 0.0101020305081321 0 0 0.0271076172404446 0.0269106566200215 0.0585994726047466 0 0 0.0349283967865875 0.0187617260787993 0.0923929781336618 0 0.00852296940253985 0.013197835554969 0 0.01170138076293 0 0 0 0.0698421567257997 0 0.0184229918938836 0 0 0.0182848784055586 0 0
"radio" 0 0.0377500943752359 0 0 0 0 0 0 0 0 0 0 0 0 0 0.0659891777748449 0.0223563603845294 0.0351041422887901 0.0397891176763155 0 0.0443000590667454 0.0279368626903199 0 0.0368459837877671 0.100321027287319 0 0.0365697568111172 0.043917435221783 0.0907441016333938
"south" 0.0112334306897326 0 0.0202040610162643 0 0.0136481506755835 0 0.0134553283100108 0 0 0 0.0116427989288625 0.0562851782363977 0.0205317729185915 0 0.00852296940253985 0 0.0223563603845294 0 0.00994727941907888 0.0170415814587594 0.073833431777909 0.0419052940354798 0.0189825360668185 0.0368459837877671 0.0200642054574639 0.0207382828701783 0.0182848784055586 0.0146391450739277 0.0544464609800363
"step" 0 0 0.0303060915243964 0 0 0.0135538086202223 0 0 0.0849834282314949 0.012132977432662 0.023285597857725 0 0 0.0352030039896738 0.0340918776101594 0.013197835554969 0.0223563603845294 0 0 0 0 0.0139684313451599 0 0.0184229918938836 0.0200642054574639 0.0103691414350892 0.0731395136222344 0 0.0544464609800363
"strange" 0.0337002920691979 0 0.0202040610162643 0.0118793062485151 0.0272963013511669 0.149091894822445 0 0 0 0.0363989322979859 0.023285597857725 0.0375234521575985 0 0 0.0170459388050797 0.026395671109938 0.0447127207690588 0 0 0 0 0 0.0189825360668185 0 0 0.0207382828701783 0 0 0
"uncle" 0.0112334306897326 0.0566251415628539 0.0808162440650571 0.0593965312425754 0 0 0.0269106566200215 0 0 0.012132977432662 0.023285597857725 0.0281425891181989 0.0102658864592958 0.0117343346632246 0.0511378164152391 0 0 0 0 0 0 0.0139684313451599 0.0189825360668185 0 0 0 0.0365697568111172 0 0
"ark" 0 0.679501698754247 0 0 0 0 0 0 0 0 0 0 0 0 0 0 0 0 0 0 0 0 0 0 0 0 0 0 0
"asked" 0.0449337227589306 0.018875047187618 0.0202040610162643 0.0237586124970302 0 0.0135538086202223 0.0269106566200215 0.00976657876745776 0.016996685646299 0.024265954865324 0.0116427989288625 0 0.0102658864592958 0 0.0340918776101594 0.013197835554969 0 0.0468055230517201 0.0298418382572366 0.0170415814587594 0 0.0139684313451599 0 0 0.0200642054574639 0 0.0182848784055586 0 0.0181488203266788
"blow" 0.0224668613794653 0.113250283125708 0.0101020305081321 0 0.0272963013511669 0.0271076172404446 0.0134553283100108 0 0 0.012132977432662 0 0 0 0 0.00852296940253985 0.013197835554969 0.0447127207690588 0 0.00994727941907888 0.0170415814587594 0.0147666863555818 0.0279368626903199 0 0 0 0.0311074243052675 0 0.0585565802957107 0.0907441016333938
"boat" 0 0.018875047187618 0 0 0 0 0 0 0.246451941871335 0 0 0 0 0.0352030039896738 0 0 0 0 0 0 0 0 0 0 0.0200642054574639 0.0103691414350892 0 0.0146391450739277 0
"catch" 0.0224668613794653 0 0.0202040610162643 0.0118793062485151 0 0.0406614258606668 0 0.00976657876745776 0.0254950284694485 0.0606648871633099 0.0116427989288625 0.0375234521575985 0.0102658864592958 0.0234686693264492 0.00852296940253985 0 0 0.0468055230517201 0 0 0 0 0 0.0368459837877671 0.0401284109149278 0 0.0182848784055586 0 0.0181488203266788
"entire" 0.0224668613794653 0.018875047187618 0.0404081220325285 0.0118793062485151 0 0.0271076172404446 0 0 0.00849834282314949 0 0 0 0 0.0352030039896738 0.0596607858177789 0.013197835554969 0.0447127207690588 0.0351041422887901 0.00994727941907888 0.0340831629175187 0.0147666863555818 0 0 0.0184229918938836 0.0401284109149278 0.0207382828701783 0 0 0
"gear" 0 0 0 0 0 0 0 0 0 0 0 0 0 0 0 0 0.0223563603845294 0.0351041422887901 0.00994727941907888 0.0852079072937969 0.0147666863555818 0.0419052940354798 0 0.110537951363301 0.120385232744783 0.062214848610535 0 0 0.0725952813067151
"gentlemen" 0 0.018875047187618 0 0 0 0 0 0 0.0594883997620464 0.012132977432662 0 0 0 0.058671673316123 0.0170459388050797 0 0.0223563603845294 0.0234027615258601 0 0.0170415814587594 0 0 0.0379650721336371 0 0.0401284109149278 0 0.0548546352166758 0.117113160591421 0.0181488203266788
"grail" 0 0 0 0 0.491333424321005 0 0 0 0 0 0 0 0 0 0 0 0 0 0 0 0 0 0 0 0 0 0 0 0
"joe" 0 0 0 0 0 0 0 0 0 0 0 0 0 0 0 0 0 0.0234027615258601 0.238734706057893 0.0170415814587594 0.103366804489073 0 0 0 0.0200642054574639 0.0103691414350892 0 0 0
"leg" 0 0 0.0101020305081321 0 0.0136481506755835 0 0 0 0.00849834282314949 0 0 0.00938086303939963 0 0 0.00852296940253985 0 0 0.0468055230517201 0.0994727941907888 0.0340831629175187 0.073833431777909 0.0139684313451599 0 0 0 0.0311074243052675 0.0365697568111172 0.0146391450739277 0.0544464609800363
"mike" 0 0 0 0 0 0.0135538086202223 0 0.283230784256275 0 0 0 0 0 0 0 0 0 0.0234027615258601 0 0 0 0 0 0 0 0.0414765657403567 0 0 0
"mrs" 0 0 0 0 0 0.108430468961778 0 0 0.0509900569388969 0 0 0 0 0.0117343346632246 0.00852296940253985 0.158374026659628 0 0 0 0 0 0 0 0 0.0401284109149278 0.0518457071754459 0 0 0.0181488203266788
"potter" 0 0 0 0 0 0 0 0 0 0.436787187575831 0 0 0 0 0 0 0 0 0 0 0 0 0 0 0 0 0 0 0
"telling" 0.0112334306897326 0 0.0101020305081321 0.0712758374910905 0.0136481506755835 0.0135538086202223 0 0 0 0.024265954865324 0 0 0.0102658864592958 0.058671673316123 0.0767067246228586 0 0 0 0.0298418382572366 0.0340831629175187 0.0147666863555818 0 0 0 0 0 0 0 0.0544464609800363
"also" 0.0224668613794653 0.018875047187618 0.0303060915243964 0.0118793062485151 0.0272963013511669 0.0135538086202223 0.0134553283100108 0.0292997363023733 0.00849834282314949 0.024265954865324 0.023285597857725 0.0187617260787993 0.0102658864592958 0.0117343346632246 0.00852296940253985 0.013197835554969 0 0 0.00994727941907888 0.0170415814587594 0 0 0.0189825360668185 0.0184229918938836 0 0 0.0731395136222344 0.0146391450739277 0.0181488203266788
"bet" 0.0112334306897326 0.018875047187618 0.0202040610162643 0.0237586124970302 0.0136481506755835 0.0135538086202223 0 0.0195331575349155 0.016996685646299 0.012132977432662 0 0 0 0 0 0.013197835554969 0 0.01170138076293 0.0298418382572366 0.0681663258350375 0 0.0558737253806398 0 0 0 0.0207382828701783 0.091424392027793 0.0292782901478554 0
"calling" 0 0 0 0.0356379187455453 0 0.0271076172404446 0 0.039066315069831 0 0 0 0.0281425891181989 0.0307976593778873 0 0.00852296940253985 0.118780519994721 0.0447127207690588 0.0234027615258601 0 0.0170415814587594 0.0147666863555818 0.0139684313451599 0 0 0.0200642054574639 0.0103691414350892 0 0 0.0181488203266788
"crash" 0 0 0 0 0 0 0 0 0.00849834282314949 0.0363989322979859 0 0 0 0 0 0 0 0.339340042124971 0 0 0 0 0.0379650721336371 0 0 0 0 0 0
"destroy" 0.0449337227589306 0 0.0505101525406607 0 0 0 0 0.00976657876745776 0 0 0.04657119571545 0.0656660412757974 0.041063545837183 0 0.0340918776101594 0 0 0.01170138076293 0.00994727941907888 0 0 0.0279368626903199 0 0.0184229918938836 0 0 0 0.0146391450739277 0
"field" 0.0337002920691979 0 0.0303060915243964 0 0 0.0135538086202223 0 0 0 0.012132977432662 0.0116427989288625 0.00938086303939963 0.0205317729185915 0 0.0170459388050797 0 0 0 0.0198945588381578 0.0340831629175187 0.0590667454223272 0.0279368626903199 0 0.0368459837877671 0.0200642054574639 0.062214848610535 0 0.0292782901478554 0
"future" 0.0112334306897326 0 0 0.273224043715847 0 0 0.0134553283100108 0.0195331575349155 0 0.012132977432662 0.0116427989288625 0 0.0205317729185915 0.0117343346632246 0 0.013197835554969 0 0.01170138076293 0 0 0 0 0.0189825360668185 0 0 0 0 0 0
"hole" 0 0.018875047187618 0 0 0 0.0406614258606668 0 0 0.00849834282314949 0 0 0.00938086303939963 0 0 0 0 0.0223563603845294 0.01170138076293 0.0198945588381578 0.0511247443762781 0.073833431777909 0.0279368626903199 0 0.0552689756816507 0.0802568218298555 0.0518457071754459 0.0182848784055586 0.0146391450739277 0.0181488203266788
"japs" 0 0 0 0 0 0 0 0 0 0 0 0 0 0 0 0 0 0 0 0 0 0 0 0.386882829771555 0.280898876404494 0 0 0 0
"later" 0.0112334306897326 0 0 0.0475172249940603 0 0.0542152344808891 0 0.0195331575349155 0 0.012132977432662 0.023285597857725 0 0 0 0.00852296940253985 0.0791870133298139 0 0.01170138076293 0.0696309559335522 0.0170415814587594 0 0 0.0189825360668185 0 0.0200642054574639 0.0103691414350892 0.0365697568111172 0 0
"morphine" 0 0 0 0 0 0 0 0 0 0 0 0 0 0 0 0 0.0223563603845294 0 0.139261911867104 0.0170415814587594 0 0 0 0.0184229918938836 0.0401284109149278 0.062214848610535 0 0.0146391450739277 0.163339382940109
"nd" 0 0 0 0 0 0 0 0 0 0 0 0 0 0 0 0 0 0 0.0696309559335522 0.119291070211316 0.0886001181334908 0 0 0 0.0802568218298555 0.0518457071754459 0.0182848784055586 0.0731957253696384 0
"others" 0.0112334306897326 0 0 0 0 0 0.0134553283100108 0.0195331575349155 0.00849834282314949 0.024265954865324 0.0582139946443125 0.00938086303939963 0 0.0117343346632246 0.0170459388050797 0.013197835554969 0.111781801922647 0.01170138076293 0 0 0.0147666863555818 0 0.0379650721336371 0.0184229918938836 0 0.062214848610535 0.0365697568111172 0 0
"pirate" 0.0224668613794653 0 0 0 0 0 0 0 0 0 0 0 0.0102658864592958 0.375498709223187 0 0 0 0 0 0 0 0 0 0 0 0 0 0 0
"planet" 0.0786340148281285 0 0.131326396605718 0.0356379187455453 0 0.162645703442667 0 0 0 0 0 0 0 0 0 0 0 0 0 0 0 0 0 0 0 0 0 0 0
"question" 0 0 0.0101020305081321 0.0237586124970302 0.0409444520267504 0 0 0.0195331575349155 0.016996685646299 0.012132977432662 0.0116427989288625 0.00938086303939963 0 0.0234686693264492 0.0511378164152391 0 0 0 0.00994727941907888 0 0 0.0279368626903199 0.0379650721336371 0 0.0401284109149278 0.0311074243052675 0.0365697568111172 0.0292782901478554 0
"sarge" 0 0 0 0 0 0.0135538086202223 0 0 0 0 0 0 0 0 0 0 0 0.0351041422887901 0.0994727941907888 0.0852079072937969 0.073833431777909 0 0 0 0 0.103691414350892 0 0.0146391450739277 0
"seems" 0.0224668613794653 0 0.0202040610162643 0 0.0272963013511669 0.0271076172404446 0.0134553283100108 0.00976657876745776 0.0254950284694485 0.012132977432662 0.0116427989288625 0.00938086303939963 0.0205317729185915 0.0234686693264492 0.0255689082076195 0.0527913422198759 0.0223563603845294 0 0 0 0 0 0.0379650721336371 0.0184229918938836 0.0200642054574639 0.0207382828701783 0.0182848784055586 0 0
"soldier" 0 0 0 0 0 0.0271076172404446 0.0672766415500538 0 0 0 0 0 0.0205317729185915 0 0 0 0 0.0468055230517201 0.0596836765144733 0.0170415814587594 0.0295333727111636 0.0279368626903199 0.0189825360668185 0 0 0.0414765657403567 0.091424392027793 0.0146391450739277 0
"spaniard" 0 0 0 0 0 0 0.470936490850377 0 0 0 0 0 0 0 0 0 0 0 0 0 0 0 0 0 0 0 0 0 0
"touch" 0 0.018875047187618 0 0.0237586124970302 0 0.0271076172404446 0.0134553283100108 0.0292997363023733 0.016996685646299 0.024265954865324 0 0.00938086303939963 0.0615953187557746 0 0.00852296940253985 0.039593506664907 0.0223563603845294 0.0234027615258601 0.00994727941907888 0 0 0 0 0 0 0.0311074243052675 0.0365697568111172 0.0292782901478554 0
"turner" 0 0 0 0 0 0 0 0 0 0 0 0 0 0.375498709223187 0 0 0 0 0 0 0 0 0 0.0552689756816507 0 0 0 0 0
"week" 0.0112334306897326 0 0 0.0475172249940603 0.0136481506755835 0.0271076172404446 0 0.039066315069831 0.016996685646299 0.0363989322979859 0.0349283967865875 0 0 0 0.0170459388050797 0 0.0447127207690588 0.0351041422887901 0.0198945588381578 0.0170415814587594 0 0.0279368626903199 0.0189825360668185 0.0184229918938836 0 0.0103691414350892 0 0 0
"woman" 0.0112334306897326 0.018875047187618 0 0.0237586124970302 0.0409444520267504 0 0 0.00976657876745776 0.0679867425851959 0 0 0.00938086303939963 0 0.0704060079793476 0.00852296940253985 0.039593506664907 0 0 0 0 0 0 0.0569476082004556 0 0.0401284109149278 0.0207382828701783 0.0182848784055586 0 0
"buddy" 0.0224668613794653 0 0.0101020305081321 0.0356379187455453 0 0.0813228517213337 0 0 0.00849834282314949 0 0 0 0 0 0 0 0 0 0.0497363970953944 0.0340831629175187 0.0590667454223272 0.0139684313451599 0 0.0368459837877671 0 0.0103691414350892 0.091424392027793 0.0146391450739277 0
"caesar" 0 0 0 0 0 0 0.457481162540366 0 0 0 0 0 0 0 0 0 0 0 0 0 0 0 0 0 0 0 0 0 0
"case" 0.0224668613794653 0.0377500943752359 0.0101020305081321 0.0237586124970302 0.0272963013511669 0 0 0 0.00849834282314949 0 0.0116427989288625 0 0 0.0352030039896738 0.0511378164152391 0.013197835554969 0 0 0 0.0340831629175187 0 0.0139684313451599 0.0379650721336371 0.0184229918938836 0 0.0103691414350892 0.0731395136222344 0.0292782901478554 0
"count" 0 0 0.0101020305081321 0.0118793062485151 0.0545926027023338 0.0135538086202223 0.0134553283100108 0 0.0339933712925979 0 0.0116427989288625 0.0187617260787993 0.0102658864592958 0 0 0 0.0223563603845294 0.0351041422887901 0.00994727941907888 0.0170415814587594 0.0147666863555818 0.0279368626903199 0 0.0368459837877671 0.0802568218298555 0.0103691414350892 0 0 0.0362976406533575
"elizabeth" 0 0 0 0 0 0 0 0 0 0 0 0 0 0.398967378549636 0 0 0 0 0 0 0 0 0 0 0 0 0 0 0
"expect" 0.0337002920691979 0 0.0101020305081321 0.0118793062485151 0.0136481506755835 0 0 0.0195331575349155 0.00849834282314949 0.0485319097306479 0.0116427989288625 0.0281425891181989 0.0102658864592958 0.0469373386528984 0 0 0 0 0 0.0170415814587594 0.0295333727111636 0.0419052940354798 0.0189825360668185 0 0.0200642054574639 0 0 0.0585565802957107 0
"glad" 0.0112334306897326 0 0.0101020305081321 0 0.0136481506755835 0.0271076172404446 0 0.0195331575349155 0 0.012132977432662 0.023285597857725 0 0.0205317729185915 0 0 0.0659891777748449 0 0 0.0696309559335522 0.0511247443762781 0.0295333727111636 0 0 0 0.0200642054574639 0 0 0.0585565802957107 0
"high" 0.0224668613794653 0.0377500943752359 0 0.0118793062485151 0.0136481506755835 0.0271076172404446 0 0 0.00849834282314949 0 0.023285597857725 0.00938086303939963 0.0205317729185915 0.0117343346632246 0 0.026395671109938 0 0 0 0 0.0590667454223272 0.0279368626903199 0.0189825360668185 0.0184229918938836 0.0401284109149278 0.0414765657403567 0 0.043917435221783 0
"hobbits" 0 0 0 0 0 0 0 0 0 0 0.0931423914309 0.168855534709193 0.0821270916743661 0 0 0 0 0 0 0 0 0 0 0 0 0 0 0 0
"hot" 0 0 0 0.0237586124970302 0 0 0 0.00976657876745776 0 0.012132977432662 0 0.00938086303939963 0 0.0117343346632246 0.0170459388050797 0.013197835554969 0.0223563603845294 0.0936110461034402 0.0298418382572366 0 0.0147666863555818 0 0 0.0552689756816507 0.140449438202247 0 0.0182848784055586 0 0.0181488203266788
"kids" 0.0112334306897326 0.018875047187618 0 0.106913756236636 0 0.0406614258606668 0 0.039066315069831 0.00849834282314949 0 0 0 0 0 0.0426148470126992 0.026395671109938 0 0 0 0.0681663258350375 0 0 0.0189825360668185 0 0 0.0311074243052675 0 0 0
"lady" 0 0.018875047187618 0 0.0118793062485151 0.0409444520267504 0.0135538086202223 0.0807319698600646 0 0.0254950284694485 0 0.0116427989288625 0.0562851782363977 0.041063545837183 0.0352030039896738 0.00852296940253985 0 0 0.01170138076293 0 0.0340831629175187 0 0 0 0.0184229918938836 0 0 0 0 0
"living" 0 0.018875047187618 0.0202040610162643 0.0118793062485151 0.0409444520267504 0.0135538086202223 0.0269106566200215 0.0292997363023733 0 0.012132977432662 0.0116427989288625 0.00938086303939963 0.0513294322964788 0.0469373386528984 0 0.026395671109938 0 0.0234027615258601 0 0 0 0.0279368626903199 0 0.0184229918938836 0.0200642054574639 0.0103691414350892 0 0 0
"longer" 0.0224668613794653 0 0.0101020305081321 0 0.0409444520267504 0.0271076172404446 0.0134553283100108 0.0195331575349155 0.0254950284694485 0 0.0349283967865875 0.0281425891181989 0 0.0117343346632246 0.0255689082076195 0 0 0.0468055230517201 0.0198945588381578 0 0.0147666863555818 0.0139684313451599 0 0 0 0.0103691414350892 0 0.0146391450739277 0
"pick" 0.0112334306897326 0 0.0303060915243964 0.0237586124970302 0 0.0271076172404446 0 0.0488328938372888 0.00849834282314949 0 0 0 0.0102658864592958 0.0234686693264492 0.00852296940253985 0 0 0.0351041422887901 0.00994727941907888 0.0170415814587594 0.0147666863555818 0.0279368626903199 0 0.0184229918938836 0 0.0311074243052675 0 0.0585565802957107 0
"report" 0 0 0.0202040610162643 0 0 0 0 0 0 0 0 0.00938086303939963 0.0102658864592958 0 0 0 0.0223563603845294 0 0.0198945588381578 0.102249488752556 0.0147666863555818 0.0419052940354798 0 0.0368459837877671 0.0601926163723917 0 0.109709270433352 0.0878348704435661 0
"shooting" 0 0 0.0101020305081321 0 0 0 0 0.00976657876745776 0 0 0 0 0 0 0.0255689082076195 0.013197835554969 0.0223563603845294 0.0936110461034402 0.00994727941907888 0.0340831629175187 0.0147666863555818 0.0558737253806398 0.0379650721336371 0 0 0.0414765657403567 0.0182848784055586 0.0585565802957107 0
"standing" 0.0337002920691979 0 0.101020305081321 0.0237586124970302 0 0 0 0 0.016996685646299 0.0363989322979859 0 0.00938086303939963 0.0102658864592958 0.0234686693264492 0.0255689082076195 0 0 0 0.00994727941907888 0 0.0295333727111636 0.0139684313451599 0 0 0.0200642054574639 0 0 0.0146391450739277 0.0181488203266788
"till" 0 0 0 0 0.0272963013511669 0.0406614258606668 0 0.0195331575349155 0.00849834282314949 0.012132977432662 0.0116427989288625 0.00938086303939963 0.0102658864592958 0.0234686693264492 0.0170459388050797 0.013197835554969 0 0.0351041422887901 0.00994727941907888 0 0.0147666863555818 0.0419052940354798 0.0189825360668185 0.0368459837877671 0.0401284109149278 0.0311074243052675 0 0.0146391450739277 0
"tony" 0.134801168276792 0 0 0 0 0 0 0.00976657876745776 0 0 0 0 0 0 0 0.26395671109938 0 0 0 0.0170415814587594 0 0 0 0 0 0 0 0 0
"weapons" 0.0112334306897326 0 0.0404081220325285 0 0 0 0.0269106566200215 0 0 0 0 0 0 0.0117343346632246 0 0 0 0.0234027615258601 0 0.0170415814587594 0.0295333727111636 0.0139684313451599 0.0569476082004556 0.0368459837877671 0.100321027287319 0.062214848610535 0.0182848784055586 0.0146391450739277 0.0362976406533575
"answer" 0 0 0 0.0118793062485151 0.0545926027023338 0.0135538086202223 0 0.0292997363023733 0 0 0.0116427989288625 0.0187617260787993 0.0718612052150703 0.0234686693264492 0 0.013197835554969 0.0223563603845294 0 0 0 0.0295333727111636 0.0279368626903199 0.0379650721336371 0.0184229918938836 0 0.0103691414350892 0.0182848784055586 0.0146391450739277 0
"beyond" 0 0.018875047187618 0.0303060915243964 0.0118793062485151 0.0409444520267504 0.108430468961778 0 0 0 0.012132977432662 0.04657119571545 0.0187617260787993 0.0205317729185915 0 0.00852296940253985 0 0 0 0.00994727941907888 0 0 0.0279368626903199 0 0 0.0200642054574639 0.0207382828701783 0 0.0146391450739277 0
"blithe" 0 0 0 0 0 0 0 0 0 0 0 0 0 0 0 0 0 0 0 0 0.4873006497342 0 0 0 0 0 0 0 0
"christmas" 0 0 0 0 0 0.0271076172404446 0 0.0292997363023733 0 0.0727978645959718 0 0 0 0 0 0 0 0 0.0994727941907888 0.0340831629175187 0.0295333727111636 0.0279368626903199 0 0.0368459837877671 0.0200642054574639 0 0.0548546352166758 0 0
"contact" 0 0 0 0.0118793062485151 0 0 0 0 0 0.024265954865324 0 0 0 0 0 0.013197835554969 0 0 0.0198945588381578 0 0.0147666863555818 0 0 0.0368459837877671 0.0200642054574639 0.0311074243052675 0 0.043917435221783 0.308529945553539
"deal" 0.0561671534486632 0.0377500943752359 0.0101020305081321 0 0.0136481506755835 0 0 0.0683660513722043 0.016996685646299 0.024265954865324 0.023285597857725 0 0 0 0.00852296940253985 0.039593506664907 0 0.0234027615258601 0.00994727941907888 0 0.0147666863555818 0 0 0 0.0200642054574639 0 0.0182848784055586 0 0.0181488203266788
"dike" 0 0 0 0 0 0 0 0 0 0 0 0 0 0 0 0 0 0 0.278523823734209 0.0852079072937969 0 0 0 0 0 0 0 0 0
"heavy" 0.0112334306897326 0 0.0202040610162643 0.0475172249940603 0 0.0135538086202223 0 0 0 0 0 0 0.041063545837183 0 0 0.026395671109938 0 0.01170138076293 0.00994727941907888 0 0 0.0139684313451599 0.0189825360668185 0 0.0401284109149278 0.0311074243052675 0.0548546352166758 0.102474015517494 0
"mal" 0 0 0 0 0 0 0 0 0 0 0 0 0 0 0.264212051478735 0 0 0 0 0.0170415814587594 0.0147666863555818 0 0 0 0 0 0 0 0
"protect" 0.0786340148281285 0.018875047187618 0 0.0237586124970302 0.0136481506755835 0.0135538086202223 0 0.0195331575349155 0.016996685646299 0 0.04657119571545 0.0281425891181989 0 0 0.0511378164152391 0 0.0223563603845294 0 0.0198945588381578 0 0 0 0.0189825360668185 0 0 0 0 0 0
"sea" 0 0.018875047187618 0.0101020305081321 0.0593965312425754 0 0 0.0134553283100108 0 0.0254950284694485 0 0.0116427989288625 0 0.0513294322964788 0.0469373386528984 0 0 0 0 0 0 0 0 0.0759301442672741 0.0368459837877671 0.0200642054574639 0.0207382828701783 0 0.043917435221783 0
"stuff" 0 0.018875047187618 0.0202040610162643 0.0475172249940603 0 0 0 0.00976657876745776 0.00849834282314949 0.012132977432662 0 0.00938086303939963 0 0 0.0170459388050797 0.013197835554969 0.0670690811535882 0.0234027615258601 0.0497363970953944 0.0170415814587594 0.0147666863555818 0.0139684313451599 0 0.0368459837877671 0.0200642054574639 0.0103691414350892 0 0.0292782901478554 0
"sword" 0.0112334306897326 0 0 0 0.0409444520267504 0 0.148008611410118 0 0 0 0.023285597857725 0.0562851782363977 0.0513294322964788 0.0117343346632246 0 0 0 0 0 0 0 0 0 0.0184229918938836 0 0 0 0.043917435221783 0
"thousand" 0 0.0377500943752359 0.0606121830487928 0 0 0 0.0672766415500538 0.00976657876745776 0.016996685646299 0.012132977432662 0.023285597857725 0.0187617260787993 0.0307976593778873 0 0 0 0.0447127207690588 0 0 0 0 0 0 0 0 0.0311074243052675 0 0.0585565802957107 0
"torrance" 0 0 0 0 0 0 0 0 0 0 0 0 0 0 0 0.435528573313976 0 0 0 0 0 0 0 0 0 0 0 0 0
"wonder" 0 0.018875047187618 0.0606121830487928 0.0237586124970302 0 0 0.0403659849300323 0 0.00849834282314949 0.0485319097306479 0.0116427989288625 0.0281425891181989 0 0.0117343346632246 0 0.013197835554969 0 0 0.00994727941907888 0.0170415814587594 0.0295333727111636 0 0 0 0 0.0103691414350892 0 0.0731957253696384 0
"brave" 0 0 0 0 0.272963013511669 0 0 0 0 0 0.0116427989288625 0.0281425891181989 0.041063545837183 0.0117343346632246 0 0 0 0 0 0 0 0 0 0.0552689756816507 0 0 0 0 0
"careful" 0 0 0.0202040610162643 0 0 0.0271076172404446 0.0134553283100108 0.0292997363023733 0.00849834282314949 0.0363989322979859 0.0349283967865875 0.0187617260787993 0.041063545837183 0 0.00852296940253985 0 0 0.0351041422887901 0.0198945588381578 0.0170415814587594 0.0147666863555818 0 0 0 0 0.0103691414350892 0.0365697568111172 0 0
"corleone" 0 0 0 0 0 0 0 0.312530520558648 0 0 0 0 0 0 0 0 0 0 0 0 0 0 0 0 0 0 0 0 0
"game" 0.0112334306897326 0 0 0 0 0.0135538086202223 0 0 0.016996685646299 0.133462751759282 0 0 0.0205317729185915 0 0 0 0 0.01170138076293 0 0.0170415814587594 0.0590667454223272 0 0.0379650721336371 0 0.0200642054574639 0 0.0365697568111172 0.0585565802957107 0
"having" 0.0449337227589306 0 0 0.0237586124970302 0.0409444520267504 0 0 0.0195331575349155 0.016996685646299 0 0 0.00938086303939963 0.0102658864592958 0.0234686693264492 0 0.0659891777748449 0 0.01170138076293 0.0198945588381578 0.0170415814587594 0.0147666863555818 0.0139684313451599 0 0 0.0401284109149278 0.0103691414350892 0 0.0146391450739277 0
"making" 0.0337002920691979 0.018875047187618 0.0101020305081321 0.0118793062485151 0.0136481506755835 0.0135538086202223 0 0.00976657876745776 0.0424917141157474 0.012132977432662 0 0.0187617260787993 0.0102658864592958 0.0117343346632246 0.0170459388050797 0.013197835554969 0.0223563603845294 0 0.00994727941907888 0.0170415814587594 0.0147666863555818 0.0139684313451599 0.0379650721336371 0 0.0200642054574639 0.0207382828701783 0 0 0
"near" 0 0.0566251415628539 0.0101020305081321 0 0.0136481506755835 0.0135538086202223 0.0134553283100108 0.0195331575349155 0.0254950284694485 0.024265954865324 0.04657119571545 0.0281425891181989 0.0102658864592958 0 0 0 0.0223563603845294 0.01170138076293 0.00994727941907888 0.0170415814587594 0.0147666863555818 0.0139684313451599 0.0189825360668185 0 0 0 0.0365697568111172 0.0146391450739277 0
"questions" 0 0.0377500943752359 0.0101020305081321 0.0118793062485151 0.191074109458168 0 0 0.00976657876745776 0 0.012132977432662 0.023285597857725 0 0.0102658864592958 0 0 0 0 0.0234027615258601 0.00994727941907888 0.0170415814587594 0.0147666863555818 0.0139684313451599 0.0379650721336371 0 0.0200642054574639 0 0 0 0
"running" 0.0112334306897326 0.018875047187618 0 0.0237586124970302 0.0272963013511669 0 0 0.0195331575349155 0.016996685646299 0 0 0.00938086303939963 0 0 0.00852296940253985 0.013197835554969 0 0.0819096653405102 0.0397891176763155 0 0.0295333727111636 0.0139684313451599 0 0.0368459837877671 0.0200642054574639 0 0.0182848784055586 0 0.0181488203266788
"seem" 0.0224668613794653 0.0566251415628539 0.0303060915243964 0.0237586124970302 0.0136481506755835 0.0135538086202223 0.0269106566200215 0 0.00849834282314949 0.0363989322979859 0.0116427989288625 0 0 0.0469373386528984 0.00852296940253985 0 0.0223563603845294 0 0 0 0.0147666863555818 0.0139684313451599 0.0189825360668185 0 0 0.0103691414350892 0 0.043917435221783 0
"though" 0.0224668613794653 0.018875047187618 0 0 0 0.0271076172404446 0 0.0195331575349155 0.016996685646299 0 0.023285597857725 0 0.0205317729185915 0.0469373386528984 0 0.0527913422198759 0.0447127207690588 0 0.00994727941907888 0.0170415814587594 0.0147666863555818 0.0139684313451599 0 0 0.0401284109149278 0.0207382828701783 0 0 0.0181488203266788
"weather" 0 0 0 0.0356379187455453 0.0136481506755835 0.0135538086202223 0 0 0 0 0 0.00938086303939963 0.0102658864592958 0.0234686693264492 0.0255689082076195 0.118780519994721 0.0223563603845294 0 0 0 0 0 0.0569476082004556 0 0 0 0 0.102474015517494 0
"bed" 0.0224668613794653 0 0 0 0.0409444520267504 0.0677690431011114 0 0 0.0254950284694485 0.0485319097306479 0 0 0 0 0.00852296940253985 0.026395671109938 0 0.01170138076293 0.0198945588381578 0 0 0.0139684313451599 0.0949126803340926 0 0.0200642054574639 0.0103691414350892 0 0 0
"buy" 0 0.0377500943752359 0.0202040610162643 0.0118793062485151 0.0272963013511669 0 0.0269106566200215 0.0683660513722043 0 0.0363989322979859 0.0116427989288625 0 0 0.0234686693264492 0.0340918776101594 0 0.0223563603845294 0 0 0 0.0147666863555818 0.0139684313451599 0 0.0184229918938836 0.0200642054574639 0 0 0 0
"castle" 0 0 0 0 0.300259314862836 0 0 0 0 0.024265954865324 0 0.00938086303939963 0 0 0 0 0 0 0 0 0 0 0 0 0.120385232744783 0 0 0 0
"control" 0.0337002920691979 0 0.0505101525406607 0.0118793062485151 0 0.0542152344808891 0 0.0195331575349155 0.00849834282314949 0 0.0116427989288625 0 0 0 0.0511378164152391 0 0 0.01170138076293 0 0 0.0147666863555818 0.0139684313451599 0.0569476082004556 0.0184229918938836 0 0 0 0.0146391450739277 0
"doyou" 0 0 0 0 0 0 0 0 0.263448627517634 0 0 0 0 0 0 0 0 0 0 0 0 0 0 0 0 0 0 0 0
"draw" 0.0112334306897326 0 0 0.0118793062485151 0.0136481506755835 0.0271076172404446 0.0672766415500538 0.0292997363023733 0.00849834282314949 0 0 0.0469043151969981 0.0205317729185915 0 0.00852296940253985 0 0.0223563603845294 0.01170138076293 0.0198945588381578 0 0.0147666863555818 0.0139684313451599 0 0 0 0.0311074243052675 0 0 0
"fell" 0.0112334306897326 0 0 0.0237586124970302 0.0272963013511669 0 0 0 0.00849834282314949 0.012132977432662 0.023285597857725 0.0469043151969981 0.0307976593778873 0.0117343346632246 0.00852296940253985 0.026395671109938 0 0.0468055230517201 0 0.0170415814587594 0.0147666863555818 0 0.0379650721336371 0.0184229918938836 0.0200642054574639 0 0 0 0
"fly" 0.0112334306897326 0.0377500943752359 0.0202040610162643 0 0.0136481506755835 0.121984277582001 0 0 0.00849834282314949 0.024265954865324 0.023285597857725 0.00938086303939963 0.0307976593778873 0 0 0 0.0447127207690588 0 0.00994727941907888 0 0 0 0.0569476082004556 0 0 0.0103691414350892 0 0 0
"fool" 0.0112334306897326 0 0.0404081220325285 0.0237586124970302 0 0 0.0134553283100108 0.039066315069831 0.00849834282314949 0.0606648871633099 0.023285597857725 0.0187617260787993 0.0513294322964788 0.0234686693264492 0 0 0 0 0 0 0 0 0 0.0184229918938836 0 0 0.0182848784055586 0 0
"lower" 0 0 0 0.0118793062485151 0 0 0.0134553283100108 0 0.101980113877794 0 0 0.0187617260787993 0.0307976593778873 0.0469373386528984 0.0170459388050797 0 0 0.01170138076293 0 0 0.0295333727111636 0 0.0189825360668185 0 0.0200642054574639 0 0 0 0.0181488203266788
"lt" 0 0 0 0 0 0 0 0 0 0 0 0 0 0 0 0 0.402414486921529 0.0234027615258601 0.00994727941907888 0.0340831629175187 0.0443000590667454 0.0139684313451599 0 0 0 0.0311074243052675 0 0.0146391450739277 0
"number" 0 0 0.0202040610162643 0.0356379187455453 0.0545926027023338 0 0 0 0.00849834282314949 0.012132977432662 0 0.00938086303939963 0 0 0.0340918776101594 0 0.111781801922647 0.0351041422887901 0 0 0.0295333727111636 0.0139684313451599 0.0189825360668185 0.0184229918938836 0 0.0103691414350892 0 0 0.0181488203266788
"officer" 0 0 0 0 0.0272963013511669 0 0 0.00976657876745776 0.00849834282314949 0 0 0 0 0.0117343346632246 0 0 0 0 0.0497363970953944 0.0170415814587594 0.0295333727111636 0.0419052940354798 0.151860288534548 0 0 0.0103691414350892 0.109709270433352 0 0
"orcs" 0 0 0 0 0 0 0 0 0 0 0.104785190359762 0.131332082551595 0.0821270916743661 0 0 0 0 0 0 0 0 0 0 0 0 0 0 0 0
"past" 0.0112334306897326 0 0.0202040610162643 0.0356379187455453 0 0 0 0.00976657876745776 0.00849834282314949 0.0485319097306479 0.023285597857725 0.0656660412757974 0.0102658864592958 0.0117343346632246 0.0255689082076195 0.013197835554969 0 0.0234027615258601 0 0 0 0 0 0.0184229918938836 0 0.0103691414350892 0 0 0
"pyle" 0 0 0 0 0 0 0 0 0 0 0 0 0 0 0 0 0 0 0 0 0 0.433021371699958 0 0 0 0 0 0 0
"shouldn^t" 0.0337002920691979 0 0 0.0237586124970302 0 0.0271076172404446 0.0269106566200215 0.00976657876745776 0.0339933712925979 0.0727978645959718 0.0116427989288625 0.0281425891181989 0 0 0.00852296940253985 0 0.0223563603845294 0.01170138076293 0.00994727941907888 0 0.0147666863555818 0 0.0189825360668185 0 0 0 0 0.0146391450739277 0
"sonny" 0 0 0 0 0.0136481506755835 0 0 0.263697626721359 0.016996685646299 0 0 0 0 0 0 0 0 0 0 0 0 0 0 0 0.0200642054574639 0 0 0 0
"sound" 0 0.018875047187618 0.0101020305081321 0.0712758374910905 0 0.0135538086202223 0.0134553283100108 0.00976657876745776 0.00849834282314949 0 0 0.0281425891181989 0.0307976593778873 0 0.0170459388050797 0.039593506664907 0 0 0 0 0.0147666863555818 0.0419052940354798 0 0.0552689756816507 0 0 0 0.0146391450739277 0
"sparrow" 0 0 0 0 0 0 0 0 0 0 0 0 0 0.352030039896738 0 0 0 0 0 0 0 0 0 0 0 0 0 0.0146391450739277 0
"stick" 0.0112334306897326 0.018875047187618 0.0202040610162643 0.0118793062485151 0 0 0.0134553283100108 0.00976657876745776 0 0.024265954865324 0.0116427989288625 0.0187617260787993 0.0307976593778873 0 0.0170459388050797 0 0.0447127207690588 0.01170138076293 0 0 0.0295333727111636 0.0139684313451599 0 0.0184229918938836 0.0401284109149278 0.0414765657403567 0.0182848784055586 0 0
"tomorrow" 0 0.0377500943752359 0.0202040610162643 0.0593965312425754 0 0.0135538086202223 0.0403659849300323 0.0195331575349155 0 0.012132977432662 0 0 0 0 0 0.026395671109938 0 0.0351041422887901 0.0198945588381578 0.0170415814587594 0 0 0.0569476082004556 0.0184229918938836 0.0200642054574639 0 0 0.0292782901478554 0
"-i^m" 0 0 0.111122335589453 0 0 0 0 0 0 0 0.0582139946443125 0.0187617260787993 0 0 0 0 0 0.0702082845775802 0 0.0340831629175187 0 0.0419052940354798 0 0 0 0 0 0.0146391450739277 0
"bloody" 0 0 0 0 0.0545926027023338 0 0.0134553283100108 0 0.0339933712925979 0.0849308420286338 0 0 0 0.0704060079793476 0.0255689082076195 0 0 0 0 0.0340831629175187 0 0 0.0569476082004556 0 0 0 0 0 0
"british" 0 0.018875047187618 0 0 0 0 0 0 0 0 0 0 0 0 0.00852296940253985 0 0 0 0 0.0852079072937969 0 0 0.360668185269552 0.0184229918938836 0 0 0 0.043917435221783 0
"corps" 0 0 0 0 0 0.0135538086202223 0 0 0 0 0 0 0 0 0 0 0 0 0 0 0 0.293337058248359 0 0.0552689756816507 0.100321027287319 0 0 0 0
"crazy" 0 0.0377500943752359 0.0101020305081321 0.0356379187455453 0 0 0 0 0.016996685646299 0.012132977432662 0 0 0 0.0234686693264492 0 0.026395671109938 0.0670690811535882 0.01170138076293 0.0696309559335522 0 0.0147666863555818 0.0139684313451599 0 0 0.0200642054574639 0.0103691414350892 0 0.0292782901478554 0
"except" 0.0337002920691979 0.0377500943752359 0.0101020305081321 0 0 0 0.0134553283100108 0.00976657876745776 0.00849834282314949 0.0363989322979859 0 0.00938086303939963 0.0102658864592958 0.058671673316123 0.00852296940253985 0 0 0 0.00994727941907888 0 0.0443000590667454 0 0.0189825360668185 0 0.0200642054574639 0.0207382828701783 0.0182848784055586 0.0146391450739277 0
"grab" 0 0 0.0202040610162643 0 0 0.0135538086202223 0 0 0.00849834282314949 0 0 0.00938086303939963 0 0 0 0.026395671109938 0 0.0351041422887901 0 0.0852079072937969 0.0147666863555818 0.0139684313451599 0 0.0552689756816507 0.0601926163723917 0.0414765657403567 0 0 0.0544464609800363
"happens" 0 0.0377500943752359 0 0.0356379187455453 0.0136481506755835 0 0 0 0.016996685646299 0.0485319097306479 0.0116427989288625 0 0.0205317729185915 0 0.0170459388050797 0.026395671109938 0.0447127207690588 0 0.00994727941907888 0.0170415814587594 0 0 0.0189825360668185 0.0552689756816507 0 0 0 0.0292782901478554 0.0181488203266788
"he^d" 0 0 0.0202040610162643 0.0118793062485151 0.0136481506755835 0 0 0.0195331575349155 0 0.0363989322979859 0.023285597857725 0.00938086303939963 0.0102658864592958 0.0234686693264492 0.0255689082076195 0 0 0 0.0795782353526311 0 0 0.0279368626903199 0 0 0.0200642054574639 0.0103691414350892 0 0 0
"party" 0 0 0.0101020305081321 0 0 0.0542152344808891 0 0.0195331575349155 0.00849834282314949 0 0.023285597857725 0.00938086303939963 0.0102658864592958 0 0 0.0791870133298139 0.0447127207690588 0 0 0 0 0.0419052940354798 0 0.0184229918938836 0.0200642054574639 0.0414765657403567 0.0182848784055586 0 0
"pippin" 0 0 0 0 0 0 0 0 0 0 0.069856793573175 0.0938086303939962 0.143722410430141 0 0 0 0 0 0 0 0 0 0 0 0 0 0 0 0
"sometimes" 0 0.0377500943752359 0.0404081220325285 0 0 0 0.0403659849300323 0.0292997363023733 0 0.012132977432662 0 0.0187617260787993 0.0102658864592958 0 0.00852296940253985 0.026395671109938 0 0.01170138076293 0.00994727941907888 0 0 0.0279368626903199 0 0 0 0.0311074243052675 0 0.0585565802957107 0
"straight" 0.0112334306897326 0 0.0303060915243964 0.0118793062485151 0.0136481506755835 0 0 0.00976657876745776 0.00849834282314949 0.024265954865324 0 0 0.0205317729185915 0 0 0 0.0223563603845294 0.0234027615258601 0.0298418382572366 0.0170415814587594 0.0295333727111636 0.0139684313451599 0.0189825360668185 0 0 0.0207382828701783 0 0.0146391450739277 0.0725952813067151
"terrible" 0.0112334306897326 0 0.0101020305081321 0.0593965312425754 0.0136481506755835 0 0.0134553283100108 0.00976657876745776 0 0.0363989322979859 0.04657119571545 0.0281425891181989 0 0.0469373386528984 0.00852296940253985 0.013197835554969 0 0 0 0 0.0147666863555818 0 0 0.0368459837877671 0 0.0103691414350892 0 0 0
"tower" 0 0 0.0404081220325285 0.106913756236636 0.0272963013511669 0 0 0 0 0 0.023285597857725 0.00938086303939963 0.041063545837183 0 0.00852296940253985 0 0 0 0 0 0 0.0279368626903199 0 0 0 0.0414765657403567 0 0.0146391450739277 0
"we^d" 0 0.018875047187618 0.0101020305081321 0.0118793062485151 0 0 0 0 0 0.012132977432662 0.0116427989288625 0 0 0.0117343346632246 0.0255689082076195 0 0.0223563603845294 0.0234027615258601 0.0795782353526311 0.0511247443762781 0.0147666863555818 0 0.0189825360668185 0.0184229918938836 0 0.0103691414350892 0 0.043917435221783 0
"year" 0 0.0377500943752359 0.0505101525406607 0.0237586124970302 0 0.0135538086202223 0 0.039066315069831 0 0.0606648871633099 0.023285597857725 0 0 0 0 0.026395671109938 0 0 0.00994727941907888 0 0 0.0419052940354798 0 0.0184229918938836 0 0 0.0365697568111172 0 0
"-yes" 0 0 0.0202040610162643 0 0 0 0 0 0 0 0.0814995925020375 0.0469043151969981 0 0 0 0.013197835554969 0 0.0468055230517201 0 0.0511247443762781 0 0.0139684313451599 0 0 0 0 0 0.0878348704435661 0
"anymore" 0.0224668613794653 0 0 0 0 0.0135538086202223 0 0.0292997363023733 0 0 0 0.0187617260787993 0.0205317729185915 0 0.0511378164152391 0.026395671109938 0.0223563603845294 0.0234027615258601 0.00994727941907888 0 0.0147666863555818 0.0139684313451599 0 0 0.0200642054574639 0 0.0731395136222344 0 0
"burn" 0 0 0 0 0.0818889040535007 0 0 0 0.00849834282314949 0.012132977432662 0 0.0375234521575985 0.0102658864592958 0 0 0.013197835554969 0.290632684998882 0 0.00994727941907888 0 0 0 0 0 0 0.0103691414350892 0 0 0
"deck" 0.0112334306897326 0 0 0 0 0 0 0 0.110478456700943 0 0 0 0 0.0352030039896738 0 0 0 0.0351041422887901 0 0 0 0.0139684313451599 0 0.0368459837877671 0.0200642054574639 0 0 0 0.0907441016333938
"escape" 0 0.0566251415628539 0.0808162440650571 0 0.0545926027023338 0 0 0 0 0 0.023285597857725 0 0.0205317729185915 0.058671673316123 0.0340918776101594 0 0 0 0.00994727941907888 0 0 0 0 0 0 0 0 0 0
"green" 0.0224668613794653 0 0 0 0 0 0.0134553283100108 0 0 0 0 0.0281425891181989 0.0615953187557746 0 0.0170459388050797 0 0 0.0351041422887901 0.00994727941907888 0.0511247443762781 0.0295333727111636 0.0279368626903199 0 0 0 0 0 0.0292782901478554 0.0362976406533575
"hate" 0.0112334306897326 0.0755001887504719 0.0202040610162643 0 0 0.0135538086202223 0.0134553283100108 0.0292997363023733 0 0 0 0.0469043151969981 0 0.0117343346632246 0 0.013197835554969 0 0.01170138076293 0 0.0340831629175187 0.0147666863555818 0.0558737253806398 0 0 0.0200642054574639 0 0.0182848784055586 0 0
"leaving" 0 0 0.0202040610162643 0 0.0272963013511669 0 0 0 0.016996685646299 0.0363989322979859 0.04657119571545 0.00938086303939963 0.0205317729185915 0 0.00852296940253985 0 0 0.0585069038146501 0.00994727941907888 0 0 0.0139684313451599 0 0.0368459837877671 0 0.0103691414350892 0.0182848784055586 0.0146391450739277 0
"lightyear" 0 0 0 0 0 0.393060449986446 0 0 0 0 0 0 0 0 0 0 0 0 0 0 0 0 0 0 0 0 0 0 0
"mac" 0 0.018875047187618 0 0 0 0 0 0 0 0 0 0 0 0 0 0 0.491839928459647 0 0 0 0 0 0 0 0 0 0 0.0292782901478554 0.0725952813067151
"marine" 0 0 0 0 0 0 0 0 0 0 0 0 0 0 0 0 0 0 0 0 0 0.209526470177399 0 0.110537951363301 0.160513643659711 0 0 0 0
"rifle" 0 0 0 0 0 0 0 0 0 0 0 0 0 0 0 0 0 0 0.00994727941907888 0.0340831629175187 0.0147666863555818 0.265400195558039 0 0 0 0.0311074243052675 0 0.043917435221783 0
"saved" 0.0449337227589306 0 0.0101020305081321 0.0118793062485151 0.0272963013511669 0.0406614258606668 0 0 0.0339933712925979 0.024265954865324 0.0116427989288625 0.0187617260787993 0.0102658864592958 0.0352030039896738 0 0 0 0.01170138076293 0.00994727941907888 0 0 0.0139684313451599 0 0 0 0.0103691414350892 0.0182848784055586 0 0
"share" 0 0 0 0 0 0 0.0269106566200215 0.039066315069831 0.00849834282314949 0 0.023285597857725 0.0281425891181989 0.0307976593778873 0.0352030039896738 0.0511378164152391 0 0 0 0.00994727941907888 0 0 0 0.0189825360668185 0 0 0.0207382828701783 0.0182848784055586 0 0
"shh" 0.0224668613794653 0.18875047187618 0 0 0 0.094876660341556 0 0 0.00849834282314949 0 0 0 0 0 0 0 0.0223563603845294 0 0 0 0 0 0.113895216400911 0 0 0.0103691414350892 0 0.0146391450739277 0
"shire" 0 0 0 0 0 0 0 0 0 0 0.1862847828618 0.0656660412757974 0.0615953187557746 0 0 0 0 0 0 0 0 0 0 0 0 0 0 0 0
"simple" 0.0337002920691979 0 0.0101020305081321 0.0118793062485151 0.0682407533779173 0 0.0269106566200215 0 0.00849834282314949 0.024265954865324 0.023285597857725 0 0 0 0.0511378164152391 0 0 0.01170138076293 0 0.0170415814587594 0.0295333727111636 0 0 0 0 0.0207382828701783 0 0 0
"site" 0 0.0566251415628539 0 0 0 0.0135538086202223 0 0 0 0 0 0 0 0 0 0.013197835554969 0 0.269131757547391 0 0 0 0 0 0 0 0.0103691414350892 0 0 0
"suppose" 0 0.018875047187618 0.0101020305081321 0.0118793062485151 0.0272963013511669 0.0135538086202223 0 0 0 0.012132977432662 0.04657119571545 0.0187617260787993 0 0.0352030039896738 0.00852296940253985 0.039593506664907 0.0447127207690588 0 0 0.0170415814587594 0 0.0139684313451599 0.0569476082004556 0 0 0 0 0.0292782901478554 0
"target" 0 0 0.0505101525406607 0 0 0 0 0 0 0 0 0 0 0.0117343346632246 0 0 0 0.15211794991809 0.00994727941907888 0.0170415814587594 0 0.0279368626903199 0 0 0 0.0207382828701783 0.0365697568111172 0.0292782901478554 0
"toy" 0 0 0 0 0 0.379506641366224 0 0 0 0 0 0 0 0 0 0 0 0 0 0 0 0 0 0 0 0 0 0.0146391450739277 0
"tree" 0.0449337227589306 0 0 0.0118793062485151 0.0272963013511669 0 0 0 0 0 0 0.0562851782363977 0.0923929781336618 0 0 0 0 0 0.0298418382572366 0 0.0147666863555818 0 0 0.0184229918938836 0.0200642054574639 0.0103691414350892 0 0 0
"truth" 0 0 0 0.0118793062485151 0 0.0135538086202223 0 0 0.0254950284694485 0.024265954865324 0 0 0 0.058671673316123 0.110798602233018 0.013197835554969 0 0 0 0 0 0.0139684313451599 0 0.0368459837877671 0 0 0 0 0
"unit" 0.0112334306897326 0 0.101020305081321 0.0237586124970302 0 0.0271076172404446 0 0 0 0 0 0 0 0 0 0 0.0223563603845294 0 0 0.0681663258350375 0.0443000590667454 0 0 0 0.0200642054574639 0.0311074243052675 0.0365697568111172 0 0
"wind" 0.0112334306897326 0 0 0.0237586124970302 0 0.0135538086202223 0 0 0.0339933712925979 0 0.0116427989288625 0.0187617260787993 0.0102658864592958 0.0704060079793476 0.0255689082076195 0 0.0223563603845294 0 0 0 0 0 0 0 0 0.0207382828701783 0.0182848784055586 0.0585565802957107 0
"words" 0.0224668613794653 0 0 0 0.0545926027023338 0 0.0134553283100108 0 0 0.024265954865324 0.0116427989288625 0.0187617260787993 0.0205317729185915 0.0234686693264492 0.00852296940253985 0.026395671109938 0 0 0 0.0170415814587594 0.0147666863555818 0.0419052940354798 0 0 0 0.0311074243052675 0 0.0146391450739277 0.0181488203266788
"worth" 0 0.0377500943752359 0.0202040610162643 0.0118793062485151 0 0 0.0538213132400431 0 0.016996685646299 0.024265954865324 0 0.0187617260787993 0.0102658864592958 0.0234686693264492 0.0340918776101594 0 0.0223563603845294 0 0 0 0 0.0139684313451599 0 0.0184229918938836 0.0200642054574639 0.0103691414350892 0.0365697568111172 0 0
"-it^s" 0 0 0.0909182745731892 0 0 0 0 0 0 0 0.04657119571545 0.0187617260787993 0 0 0 0.013197835554969 0 0.0585069038146501 0 0.0511247443762781 0 0 0 0 0 0 0 0.0585565802957107 0
"boats" 0 0 0 0 0 0 0 0 0.16146851363984 0.012132977432662 0.0116427989288625 0 0 0.0469373386528984 0 0 0 0 0 0.0340831629175187 0 0 0 0.0184229918938836 0 0 0 0 0
"charge" 0 0 0.0101020305081321 0 0.0409444520267504 0.0135538086202223 0 0.00976657876745776 0.00849834282314949 0 0 0.0187617260787993 0.0307976593778873 0.0234686693264492 0 0.026395671109938 0 0.0234027615258601 0 0.0511247443762781 0.0147666863555818 0.0279368626903199 0 0 0.0200642054574639 0 0 0.0292782901478554 0.0181488203266788
"dance" 0.0112334306897326 0 0 0.225706818721787 0.0136481506755835 0 0 0.00976657876745776 0.016996685646299 0 0.0116427989288625 0 0 0 0 0 0 0 0.00994727941907888 0 0 0.0139684313451599 0 0 0 0 0 0.0146391450739277 0
"doctor" 0.0449337227589306 0 0 0 0 0.0135538086202223 0 0.0292997363023733 0 0 0 0 0 0 0 0.0659891777748449 0.0223563603845294 0 0.00994727941907888 0 0 0 0 0 0.0200642054574639 0 0.219418540866703 0 0
"evening" 0 0.018875047187618 0 0.0475172249940603 0 0 0.0134553283100108 0.00976657876745776 0.0424917141157474 0.024265954865324 0.0116427989288625 0 0 0 0.00852296940253985 0.105582684439752 0 0 0 0 0.0295333727111636 0 0 0 0.0200642054574639 0 0.0182848784055586 0 0
"evil" 0 0 0.0202040610162643 0 0.0136481506755835 0.0271076172404446 0 0 0 0.024265954865324 0.116427989288625 0.0281425891181989 0.041063545837183 0.0234686693264492 0 0 0 0 0 0 0 0 0.0189825360668185 0 0 0 0 0.0146391450739277 0
"finish" 0.0112334306897326 0 0.0101020305081321 0.0356379187455453 0 0 0.0134553283100108 0.00976657876745776 0 0 0.0116427989288625 0.00938086303939963 0.0102658864592958 0 0.00852296940253985 0.039593506664907 0.111781801922647 0.0234027615258601 0 0.0340831629175187 0 0.0139684313451599 0 0.0368459837877671 0 0 0.0182848784055586 0.0146391450739277 0
"indy" 0 0.528501321253303 0 0 0 0 0 0 0 0 0 0 0 0 0 0 0 0 0 0 0 0 0 0 0 0 0 0 0
"knights" 0 0 0.0202040610162643 0 0.35485191756517 0 0 0 0 0 0 0 0 0 0 0 0 0 0 0 0 0 0 0 0 0 0 0 0
"lie" 0.0224668613794653 0 0 0.0118793062485151 0.0409444520267504 0 0.0807319698600646 0.00976657876745776 0 0.012132977432662 0 0.0375234521575985 0.041063545837183 0 0.00852296940253985 0.013197835554969 0 0 0.0198945588381578 0 0 0 0 0 0 0.0207382828701783 0 0 0
"loose" 0.0112334306897326 0.0566251415628539 0.0202040610162643 0 0 0 0.134553283100108 0.00976657876745776 0.00849834282314949 0 0.0116427989288625 0 0 0.0117343346632246 0 0 0.134138162307176 0 0 0 0 0 0 0 0 0 0.0182848784055586 0.0146391450739277 0
"main" 0 0 0.0909182745731892 0 0.0136481506755835 0 0 0.00976657876745776 0.0424917141157474 0 0 0 0 0.0352030039896738 0.00852296940253985 0 0.0223563603845294 0.01170138076293 0.0298418382572366 0 0.0147666863555818 0 0 0.0184229918938836 0 0 0 0.0146391450739277 0
"n" 0 0 0 0.0118793062485151 0 0 0 0 0 0 0 0.0187617260787993 0.0513294322964788 0.0352030039896738 0 0 0 0.0234027615258601 0 0 0 0.153652744796759 0 0.0184229918938836 0.0601926163723917 0 0 0 0
"nine" 0 0.018875047187618 0.0202040610162643 0.0118793062485151 0.0136481506755835 0.0271076172404446 0 0 0.00849834282314949 0 0.0814995925020375 0 0.0102658864592958 0 0 0 0.0223563603845294 0.0234027615258601 0.0198945588381578 0.0170415814587594 0.0295333727111636 0 0 0 0 0.0103691414350892 0 0 0.0544464609800363
"outta" 0.0449337227589306 0 0 0 0 0.189753320683112 0 0 0 0 0 0 0 0 0 0 0.156494522691706 0 0.00994727941907888 0 0 0 0 0.0184229918938836 0 0.0103691414350892 0 0 0
"permission" 0.0112334306897326 0 0 0 0 0.0406614258606668 0 0.039066315069831 0 0 0 0 0 0.0234686693264492 0 0 0 0.0468055230517201 0 0 0 0.0419052940354798 0.113895216400911 0.0368459837877671 0 0 0 0.043917435221783 0
"poor" 0.0112334306897326 0.018875047187618 0.0202040610162643 0 0 0 0.0134553283100108 0 0.0254950284694485 0.0363989322979859 0 0.0469043151969981 0.0205317729185915 0.0117343346632246 0.00852296940253985 0 0.0223563603845294 0 0 0 0 0.0139684313451599 0 0 0 0.0207382828701783 0.0548546352166758 0.0146391450739277 0
"reach" 0.0112334306897326 0.018875047187618 0.0101020305081321 0 0 0.0406614258606668 0.0134553283100108 0.00976657876745776 0.00849834282314949 0.012132977432662 0.023285597857725 0.0187617260787993 0.0307976593778873 0.0117343346632246 0.00852296940253985 0 0.0894254415381176 0 0 0 0 0 0.0189825360668185 0 0 0.0103691414350892 0.0365697568111172 0.0146391450739277 0
"river" 0 0 0 0 0 0 0.0134553283100108 0 0 0 0.023285597857725 0.0281425891181989 0.0923929781336618 0 0.00852296940253985 0 0 0 0.00994727941907888 0.0340831629175187 0.0147666863555818 0.0558737253806398 0 0 0 0.0207382828701783 0 0.0292782901478554 0
"round" 0.0224668613794653 0.018875047187618 0 0.0118793062485151 0.136481506755835 0.0135538086202223 0.0134553283100108 0 0.016996685646299 0 0.0116427989288625 0 0 0 0 0 0 0 0.00994727941907888 0.0681663258350375 0 0.0139684313451599 0 0 0.0200642054574639 0.0103691414350892 0 0 0.0181488203266788
"school" 0 0.018875047187618 0 0.0712758374910905 0 0.0135538086202223 0 0 0.00849834282314949 0.0727978645959718 0 0 0 0 0 0.0527913422198759 0 0 0 0 0 0 0 0.0368459837877671 0 0.0414765657403567 0.0182848784055586 0.0146391450739277 0.0181488203266788
"sister" 0.0337002920691979 0 0.0202040610162643 0.0237586124970302 0.0136481506755835 0.0135538086202223 0.0269106566200215 0.0488328938372888 0.00849834282314949 0.012132977432662 0 0.0187617260787993 0 0 0 0 0 0 0.00994727941907888 0 0 0.0558737253806398 0 0.0552689756816507 0 0 0 0 0
"team" 0.0112334306897326 0.0377500943752359 0 0 0 0 0 0 0 0.024265954865324 0 0 0 0 0.0426148470126992 0.013197835554969 0.0447127207690588 0.0936110461034402 0 0.0170415814587594 0.0295333727111636 0.0419052940354798 0 0 0 0.0103691414350892 0 0 0
"train" 0.0112334306897326 0 0 0 0 0.0135538086202223 0 0 0 0.024265954865324 0 0 0 0 0.119321571635558 0 0 0 0 0.0340831629175187 0.0147666863555818 0 0 0.0368459837877671 0.0200642054574639 0.0103691414350892 0.0548546352166758 0 0
"win" 0.0112334306897326 0.018875047187618 0.0303060915243964 0 0 0 0.0672766415500538 0.0195331575349155 0.00849834282314949 0.012132977432662 0 0 0.0205317729185915 0.0117343346632246 0 0.013197835554969 0.0223563603845294 0 0 0 0 0.0279368626903199 0.0759301442672741 0 0 0.0207382828701783 0 0.0146391450739277 0
"windows" 0 0 0 0 0 0 0 0 0.00849834282314949 0 0 0 0 0 0.0170459388050797 0 0.402414486921529 0 0 0 0.0147666863555818 0 0 0 0 0.0103691414350892 0.0182848784055586 0 0.0725952813067151
"winter" 0 0 0 0 0.0682407533779173 0 0.0269106566200215 0.00976657876745776 0 0 0 0.00938086303939963 0 0 0 0.158374026659628 0.0447127207690588 0 0.0198945588381578 0.0170415814587594 0 0 0.0189825360668185 0 0 0 0.0182848784055586 0 0
"above" 0 0 0.0303060915243964 0 0 0 0.0403659849300323 0 0.0339933712925979 0 0.023285597857725 0.0375234521575985 0.0102658864592958 0 0.0170459388050797 0 0 0.0468055230517201 0.0198945588381578 0 0.0147666863555818 0 0.0189825360668185 0 0 0 0 0 0
"attention" 0 0 0 0.0118793062485151 0 0.0135538086202223 0.0134553283100108 0 0.016996685646299 0.0363989322979859 0.0116427989288625 0 0 0.0117343346632246 0.0255689082076195 0 0 0 0.00994727941907888 0.0170415814587594 0 0.0139684313451599 0 0.0184229918938836 0.0200642054574639 0.0518457071754459 0.0548546352166758 0.0146391450739277 0
"birthday" 0 0 0 0.0118793062485151 0 0.0677690431011114 0 0 0 0.0485319097306479 0.0349283967865875 0 0.0102658864592958 0 0 0 0 0 0 0 0 0.0558737253806398 0.0189825360668185 0.128960943257185 0 0 0 0.0146391450739277 0
"broken" 0 0.018875047187618 0.0202040610162643 0 0.0136481506755835 0 0 0.00976657876745776 0 0.0363989322979859 0.0349283967865875 0.0187617260787993 0.0615953187557746 0 0 0 0.0223563603845294 0.01170138076293 0.00994727941907888 0 0 0 0 0 0 0.0103691414350892 0.0182848784055586 0.0146391450739277 0.0362976406533575
"buck" 0.0224668613794653 0 0 0 0 0 0 0 0 0 0 0 0 0 0 0 0 0 0.198945588381578 0.0340831629175187 0.0443000590667454 0 0 0 0 0 0 0 0
"changed" 0 0 0 0.0118793062485151 0.0409444520267504 0 0.0134553283100108 0.00976657876745776 0.016996685646299 0 0.0116427989288625 0.0187617260787993 0.0102658864592958 0.0117343346632246 0.0170459388050797 0 0.0223563603845294 0.0351041422887901 0.00994727941907888 0 0 0 0.0189825360668185 0 0.0401284109149278 0.0207382828701783 0 0.0292782901478554 0
"cowboy" 0 0 0 0 0 0.0677690431011114 0 0 0.00849834282314949 0 0 0 0 0 0 0 0 0 0 0 0.0590667454223272 0.195558038832239 0 0 0 0 0 0 0.0544464609800363
"figure" 0.0112334306897326 0.018875047187618 0.0202040610162643 0 0 0.0406614258606668 0 0.0195331575349155 0.00849834282314949 0 0 0 0 0.0117343346632246 0.0170459388050797 0 0.0223563603845294 0.0234027615258601 0.0298418382572366 0.0170415814587594 0.0443000590667454 0 0.0189825360668185 0.0184229918938836 0 0.0103691414350892 0 0.0146391450739277 0
"floor" 0 0.0566251415628539 0 0.0237586124970302 0 0 0 0.00976657876745776 0.016996685646299 0.024265954865324 0 0 0.0102658864592958 0 0.0340918776101594 0.026395671109938 0.0670690811535882 0.01170138076293 0.00994727941907888 0 0 0 0.0759301442672741 0 0 0 0 0 0.0181488203266788
"given" 0 0.018875047187618 0.0101020305081321 0.0118793062485151 0.0272963013511669 0 0 0 0 0 0.04657119571545 0.00938086303939963 0.041063545837183 0.0352030039896738 0 0 0 0 0.00994727941907888 0.0170415814587594 0 0.0279368626903199 0.0379650721336371 0 0 0.0103691414350892 0 0.043917435221783 0
"hobbit" 0 0 0 0 0 0 0 0 0 0 0.0931423914309 0.0938086303939962 0.0923929781336618 0 0 0 0 0 0 0 0 0 0 0 0 0 0 0 0
"john" 0 0 0 0.0237586124970302 0 0 0 0 0 0 0 0 0 0 0 0 0 0.0234027615258601 0 0.0340831629175187 0.0147666863555818 0.0558737253806398 0 0.147383935151069 0.0401284109149278 0.0311074243052675 0 0.043917435221783 0
"load" 0 0 0.0202040610162643 0.0118793062485151 0 0 0.0134553283100108 0 0 0 0 0 0.041063545837183 0.0352030039896738 0.0170459388050797 0 0 0.0234027615258601 0 0.0170415814587594 0.0295333727111636 0.0139684313451599 0 0 0.120385232744783 0.0207382828701783 0 0 0
"meeting" 0 0 0 0.0118793062485151 0.0136481506755835 0.0813228517213337 0 0.117198945209493 0 0.012132977432662 0.0116427989288625 0.00938086303939963 0 0 0 0 0 0.01170138076293 0 0 0 0.0139684313451599 0 0 0.0200642054574639 0 0 0.0146391450739277 0
"miles" 0.0112334306897326 0 0 0.0356379187455453 0 0.0271076172404446 0 0 0 0 0.0116427989288625 0.0187617260787993 0 0 0.00852296940253985 0 0.0670690811535882 0.0234027615258601 0.0198945588381578 0.0170415814587594 0.0147666863555818 0.0139684313451599 0.0189825360668185 0.0368459837877671 0 0.0103691414350892 0 0.043917435221783 0
"mountain" 0 0.018875047187618 0 0 0 0 0 0 0 0 0.0814995925020375 0.0187617260787993 0.0513294322964788 0 0 0.0659891777748449 0 0.0468055230517201 0 0 0 0 0.0569476082004556 0 0 0 0 0 0
"news" 0 0 0 0.0118793062485151 0 0.0271076172404446 0 0.0292997363023733 0 0 0.0116427989288625 0.0375234521575985 0.0205317729185915 0 0 0.013197835554969 0 0.0234027615258601 0.0198945588381578 0.0340831629175187 0.0147666863555818 0.0139684313451599 0 0.0368459837877671 0 0.0207382828701783 0 0.0146391450739277 0
"pearl" 0 0 0 0 0 0 0 0 0 0 0.0116427989288625 0 0 0.28162403191739 0 0 0 0 0 0 0 0 0 0.0368459837877671 0 0 0 0 0
"prisoners" 0 0 0 0 0 0 0.0134553283100108 0 0 0 0 0.00938086303939963 0.0102658864592958 0 0 0 0 0.0819096653405102 0.0198945588381578 0.0511247443762781 0.0443000590667454 0 0.13287775246773 0 0 0.0207382828701783 0 0 0
"rather" 0.0224668613794653 0.018875047187618 0.0101020305081321 0.0118793062485151 0.0409444520267504 0 0.0269106566200215 0 0.0254950284694485 0.012132977432662 0.0116427989288625 0.0187617260787993 0 0.0234686693264492 0 0.013197835554969 0.0223563603845294 0 0.0198945588381578 0 0 0.0139684313451599 0.0189825360668185 0 0 0 0.0182848784055586 0.0146391450739277 0
"security" 0 0 0 0 0 0.0135538086202223 0 0.0195331575349155 0 0 0 0 0 0 0.0852296940253984 0 0 0.0585069038146501 0.00994727941907888 0 0 0 0 0 0.0401284109149278 0 0 0.0292782901478554 0.0725952813067151
"story" 0 0 0 0.0118793062485151 0 0.0135538086202223 0.0403659849300323 0.0488328938372888 0 0 0 0.00938086303939963 0.0205317729185915 0.0234686693264492 0.00852296940253985 0.026395671109938 0 0.01170138076293 0 0 0 0.0558737253806398 0.0189825360668185 0.0184229918938836 0 0 0.0365697568111172 0 0
"subconscious" 0 0 0 0 0 0 0 0 0 0 0 0 0 0 0.230120173868576 0 0 0 0 0 0 0 0 0 0 0 0 0 0
"swear" 0.0561671534486632 0 0 0.0237586124970302 0 0.0135538086202223 0 0.0292997363023733 0 0.012132977432662 0.0116427989288625 0.0187617260787993 0.0102658864592958 0.0234686693264492 0.00852296940253985 0.013197835554969 0.0223563603845294 0 0.0298418382572366 0.0170415814587594 0 0.0139684313451599 0 0 0.0200642054574639 0 0 0 0
"takes" 0.0112334306897326 0 0 0.0237586124970302 0 0 0.0269106566200215 0 0.016996685646299 0.024265954865324 0.023285597857725 0.0375234521575985 0.0205317729185915 0 0.0170459388050797 0.013197835554969 0.0447127207690588 0.01170138076293 0.00994727941907888 0 0.0147666863555818 0 0 0 0 0 0 0.0292782901478554 0
"third" 0.0112334306897326 0 0 0 0.0272963013511669 0 0 0 0.00849834282314949 0.0485319097306479 0.0116427989288625 0.00938086303939963 0.0102658864592958 0 0.0255689082076195 0 0 0 0 0.0170415814587594 0.0443000590667454 0.0139684313451599 0.0379650721336371 0.0184229918938836 0.0200642054574639 0.0103691414350892 0 0.043917435221783 0
"aah" 0 0 0 0 0 0.121984277582001 0.228740581270183 0 0 0 0 0 0 0 0 0 0 0 0 0 0 0 0 0 0 0 0 0 0
"baby" 0.0112334306897326 0.0377500943752359 0.0101020305081321 0.0237586124970302 0.0136481506755835 0 0 0.0292997363023733 0.0339933712925979 0.024265954865324 0 0 0 0 0 0.013197835554969 0.0223563603845294 0.0234027615258601 0 0 0 0.0419052940354798 0 0 0.0200642054574639 0 0 0.0292782901478554 0
"baggins" 0 0 0 0 0 0 0 0 0 0 0.244498777506112 0.0187617260787993 0.0307976593778873 0 0 0 0 0 0 0 0 0 0 0 0 0 0 0 0
"bullshit" 0.0112334306897326 0 0 0 0 0 0 0 0.00849834282314949 0 0 0 0 0 0 0 0.156494522691706 0 0.0298418382572366 0 0 0.0838105880709596 0 0 0.0200642054574639 0.062214848610535 0.0182848784055586 0 0
"child" 0.0224668613794653 0.018875047187618 0 0 0 0.0271076172404446 0 0.0488328938372888 0.0254950284694485 0.012132977432662 0 0.0375234521575985 0.0102658864592958 0.0469373386528984 0 0.013197835554969 0 0 0 0 0 0.0139684313451599 0 0 0 0 0.0182848784055586 0 0
"code" 0.0224668613794653 0 0 0 0 0.0406614258606668 0 0 0.00849834282314949 0 0 0 0 0.199483689274818 0 0 0 0.01170138076293 0 0 0 0 0 0 0 0 0 0.0292782901478554 0
"drive" 0 0 0 0.0356379187455453 0 0.0135538086202223 0 0.0488328938372888 0 0 0.0116427989288625 0.00938086303939963 0.0205317729185915 0 0.0170459388050797 0.026395671109938 0 0.0468055230517201 0.00994727941907888 0 0 0 0 0 0 0 0 0.0292782901478554 0.0362976406533575
"fighting" 0 0 0.0202040610162643 0 0 0 0.0269106566200215 0 0 0 0.0116427989288625 0.00938086303939963 0.0307976593778873 0 0.00852296940253985 0 0 0.0351041422887901 0 0.0170415814587594 0.0295333727111636 0.0558737253806398 0 0 0 0 0.0548546352166758 0.0292782901478554 0.0181488203266788
"gold" 0 0 0.0707142135569249 0 0 0 0 0 0.016996685646299 0.012132977432662 0 0 0.0102658864592958 0.0938746773057968 0 0.026395671109938 0 0.01170138076293 0 0 0 0 0 0 0.0601926163723917 0 0 0.0146391450739277 0
"gollum" 0 0 0 0 0 0 0 0 0 0 0.069856793573175 0.131332082551595 0.0615953187557746 0 0 0 0 0 0 0 0 0 0 0 0 0 0 0 0
"island" 0.0112334306897326 0.018875047187618 0 0 0 0 0 0.00976657876745776 0 0 0 0 0 0.140812015958695 0 0 0 0 0 0 0 0.0698421567257997 0 0.0552689756816507 0.0401284109149278 0 0 0.0146391450739277 0
"kick" 0.0224668613794653 0 0 0.0118793062485151 0 0 0 0.00976657876745776 0 0.012132977432662 0 0 0 0 0.153413449245717 0 0 0.01170138076293 0 0 0.0147666863555818 0 0 0 0 0 0 0 0.0181488203266788
"lock" 0 0 0.0707142135569249 0 0 0.0135538086202223 0.0134553283100108 0 0 0 0 0 0 0.0117343346632246 0.00852296940253985 0.013197835554969 0.0670690811535882 0 0 0 0.0147666863555818 0.0139684313451599 0 0 0.0601926163723917 0.0103691414350892 0 0.0146391450739277 0.0725952813067151
"ma" 0 0 0 0.0118793062485151 0 0.0135538086202223 0 0.00976657876745776 0.0764850854083454 0 0 0 0 0 0 0 0 0.01170138076293 0.00994727941907888 0 0.0443000590667454 0.0139684313451599 0 0.0736919675755343 0.0401284109149278 0.0207382828701783 0 0 0
"mama" 0 0 0 0.0118793062485151 0 0.0677690431011114 0.0134553283100108 0.0292997363023733 0 0 0 0.0281425891181989 0 0.0117343346632246 0 0 0 0 0 0 0 0.0279368626903199 0 0.0184229918938836 0 0.0725839900456242 0.0365697568111172 0 0
"plane" 0 0.0566251415628539 0 0 0 0 0 0.0195331575349155 0 0 0 0 0 0 0.0426148470126992 0.013197835554969 0 0 0 0.0511247443762781 0.0590667454223272 0 0.0759301442672741 0.0184229918938836 0 0 0.0548546352166758 0 0
"reason" 0 0.018875047187618 0 0 0 0 0 0.0292997363023733 0 0.012132977432662 0.0116427989288625 0 0 0.058671673316123 0.0170459388050797 0 0 0.01170138076293 0.0198945588381578 0 0 0 0.0379650721336371 0.0184229918938836 0 0.0103691414350892 0.0365697568111172 0.043917435221783 0.0181488203266788
"risk" 0.0112334306897326 0 0.0101020305081321 0.0118793062485151 0.0136481506755835 0 0.0134553283100108 0.00976657876745776 0 0 0.0349283967865875 0.0281425891181989 0.0307976593778873 0.0117343346632246 0.0340918776101594 0 0 0.0351041422887901 0 0.0170415814587594 0 0 0 0 0 0.0207382828701783 0 0 0
"secret" 0 0.0566251415628539 0.0202040610162643 0 0 0.0542152344808891 0 0 0 0.0363989322979859 0.069856793573175 0.0187617260787993 0.0307976593778873 0.0117343346632246 0.0170459388050797 0 0 0 0 0 0 0 0 0 0 0 0 0 0
"serious" 0.0112334306897326 0.018875047187618 0 0.0237586124970302 0 0.0271076172404446 0 0.00976657876745776 0.016996685646299 0.012132977432662 0 0.00938086303939963 0 0 0.0170459388050797 0.039593506664907 0 0.01170138076293 0.0298418382572366 0.0170415814587594 0 0 0.0189825360668185 0 0 0.0103691414350892 0.0365697568111172 0.0146391450739277 0
"service" 0 0.018875047187618 0.0101020305081321 0.0356379187455453 0 0 0.0269106566200215 0.0488328938372888 0 0 0.0116427989288625 0 0.0615953187557746 0 0 0.039593506664907 0 0 0 0.0170415814587594 0.0147666863555818 0 0 0.0184229918938836 0 0.0103691414350892 0 0 0
"short" 0 0 0.0404081220325285 0 0 0.0135538086202223 0 0 0 0 0.0116427989288625 0.0375234521575985 0 0.0234686693264492 0 0 0.0223563603845294 0.0351041422887901 0.00994727941907888 0.0511247443762781 0 0.0279368626903199 0.0189825360668185 0 0 0.0311074243052675 0 0 0
"sort" 0.0112334306897326 0.018875047187618 0.0101020305081321 0.0356379187455453 0.0272963013511669 0.0135538086202223 0 0 0.016996685646299 0.0606648871633099 0.023285597857725 0 0.0102658864592958 0.0117343346632246 0 0.026395671109938 0 0 0 0 0 0.0139684313451599 0 0 0 0.0207382828701783 0 0.0146391450739277 0
"strunk" 0 0 0 0 0 0 0 0 0 0 0 0 0 0 0 0 0 0 0 0 0 0 0.493545937737282 0 0 0 0 0 0
"thinking" 0.0224668613794653 0 0.0101020305081321 0.0118793062485151 0 0.0271076172404446 0.0134553283100108 0.0195331575349155 0.0254950284694485 0 0.0116427989288625 0 0.0205317729185915 0.0117343346632246 0.00852296940253985 0 0.0447127207690588 0.0234027615258601 0.00994727941907888 0 0 0 0 0 0 0.0311074243052675 0 0.0146391450739277 0
"thoden" 0 0 0 0 0 0 0 0 0 0 0 0.159474671669794 0.0923929781336618 0 0 0 0 0 0 0 0 0 0 0 0 0 0 0 0
"trees" 0 0 0 0.0118793062485151 0 0 0 0 0 0.012132977432662 0.023285597857725 0.131332082551595 0.0513294322964788 0 0 0 0 0 0.00994727941907888 0 0.0295333727111636 0 0 0 0 0 0 0 0
"wizard" 0.0449337227589306 0 0 0 0 0 0 0 0 0.12132977432662 0.023285597857725 0.0562851782363977 0.0307976593778873 0 0 0 0 0 0 0 0 0 0.0189825360668185 0 0 0 0 0 0
"-where" 0 0 0.0404081220325285 0 0 0 0 0 0 0 0.069856793573175 0.0187617260787993 0 0 0 0 0 0.01170138076293 0 0.102249488752556 0 0.0279368626903199 0 0 0 0 0 0.0585565802957107 0
"andy" 0 0 0 0 0 0.338845215505557 0 0 0 0 0 0 0 0 0 0 0 0 0 0 0 0 0 0 0 0 0 0 0
"asking" 0.0112334306897326 0.018875047187618 0.0303060915243964 0.0237586124970302 0 0 0 0.0195331575349155 0.00849834282314949 0 0 0 0.0102658864592958 0 0.0170459388050797 0 0 0.0585069038146501 0 0 0.0295333727111636 0.0139684313451599 0.0379650721336371 0 0.0200642054574639 0 0.0182848784055586 0 0
"camelot" 0 0 0 0 0.341203766889586 0 0 0 0 0 0 0 0 0 0 0 0 0 0 0 0 0 0 0 0 0 0 0 0
"clock" 0 0 0 0.166310287479211 0 0.0135538086202223 0 0 0 0 0 0 0 0 0.00852296940253985 0 0 0.0468055230517201 0 0.0340831629175187 0 0 0 0 0 0.0103691414350892 0.0365697568111172 0 0
"e" 0 0 0 0 0 0 0 0 0.0424917141157474 0.0363989322979859 0 0 0 0 0 0 0 0 0.0895255147717099 0.0170415814587594 0 0.0139684313451599 0 0.0184229918938836 0.0802568218298555 0.0103691414350892 0 0 0
"eight" 0.0112334306897326 0.018875047187618 0 0.0118793062485151 0.0272963013511669 0.0271076172404446 0.0269106566200215 0 0.00849834282314949 0 0.0116427989288625 0 0 0.0234686693264492 0 0 0.0447127207690588 0.01170138076293 0 0.0170415814587594 0.0295333727111636 0 0 0 0 0.0414765657403567 0 0 0.0362976406533575
"fair" 0.0224668613794653 0 0.0202040610162643 0 0.0409444520267504 0 0 0 0 0.012132977432662 0 0.00938086303939963 0.0102658864592958 0.058671673316123 0 0 0 0 0 0 0 0.0279368626903199 0.0569476082004556 0 0 0.0103691414350892 0.0182848784055586 0.043917435221783 0
"forest" 0 0 0 0 0.0545926027023338 0 0 0 0 0.0727978645959718 0 0.103189493433396 0 0 0 0.039593506664907 0 0 0.00994727941907888 0 0 0 0 0 0 0 0 0 0
"gives" 0 0 0.0101020305081321 0 0 0 0.0134553283100108 0.00976657876745776 0 0.0363989322979859 0 0.00938086303939963 0 0.0117343346632246 0.0426148470126992 0.013197835554969 0 0.01170138076293 0 0.0170415814587594 0.0590667454223272 0.0139684313451599 0 0 0.0401284109149278 0 0 0.0146391450739277 0.0181488203266788
"happening" 0.0337002920691979 0.018875047187618 0 0 0 0.0542152344808891 0 0 0.00849834282314949 0.024265954865324 0 0.0187617260787993 0.0102658864592958 0.0234686693264492 0.0170459388050797 0 0.0223563603845294 0 0.0198945588381578 0 0.0147666863555818 0.0139684313451599 0 0 0 0.0103691414350892 0 0.0146391450739277 0
"lip" 0 0 0 0 0 0 0 0 0 0 0 0 0 0 0 0 0 0 0.188998308962499 0.0511247443762781 0.0443000590667454 0 0 0 0 0 0 0 0
"low" 0 0 0.0101020305081321 0 0 0 0 0 0 0 0 0 0.0102658864592958 0 0 0 0.0223563603845294 0.01170138076293 0.00994727941907888 0.0511247443762781 0.132900177200236 0 0 0.0736919675755343 0.0200642054574639 0.0311074243052675 0 0 0
"mcfly" 0 0 0 0.296982656212877 0 0 0 0 0 0 0 0 0 0 0 0 0 0 0 0 0 0 0 0 0 0 0 0 0
"meant" 0.0224668613794653 0.0377500943752359 0.0202040610162643 0.0356379187455453 0.0272963013511669 0.0135538086202223 0 0.00976657876745776 0 0 0.04657119571545 0.0187617260787993 0.0102658864592958 0.0352030039896738 0.0170459388050797 0 0 0 0 0 0 0 0 0 0 0 0 0 0
"met" 0.0112334306897326 0 0 0.0118793062485151 0.0136481506755835 0 0 0 0.0254950284694485 0.0606648871633099 0.0116427989288625 0.00938086303939963 0.0102658864592958 0.0352030039896738 0.0170459388050797 0 0 0 0.00994727941907888 0 0 0 0.0379650721336371 0.0368459837877671 0 0 0 0.0146391450739277 0
"ofthe" 0 0 0 0 0 0 0 0 0.212458570578737 0 0 0 0 0 0 0 0 0 0 0 0 0 0 0 0 0 0 0 0
"pain" 0.0224668613794653 0 0 0 0 0 0.0134553283100108 0.00976657876745776 0.016996685646299 0 0.0349283967865875 0.0281425891181989 0.0205317729185915 0.0352030039896738 0.0340918776101594 0 0 0.01170138076293 0.0198945588381578 0 0 0 0 0 0 0 0.0182848784055586 0 0
"port" 0 0 0.0303060915243964 0.0118793062485151 0 0.0271076172404446 0 0 0.0254950284694485 0 0 0 0 0.117343346632246 0.00852296940253985 0 0 0 0 0 0 0.0139684313451599 0 0 0.0200642054574639 0.0311074243052675 0 0 0
"present" 0 0.018875047187618 0.0101020305081321 0 0.0136481506755835 0.121984277582001 0 0.00976657876745776 0 0 0 0 0 0.0117343346632246 0 0 0 0.01170138076293 0.0198945588381578 0 0.0147666863555818 0.0279368626903199 0.0379650721336371 0 0 0 0.0548546352166758 0 0
"push" 0.0224668613794653 0.0566251415628539 0.0202040610162643 0.0118793062485151 0.0272963013511669 0 0 0.00976657876745776 0.00849834282314949 0.012132977432662 0 0 0 0 0 0 0 0 0.00994727941907888 0.0170415814587594 0 0 0 0.0184229918938836 0.0200642054574639 0.0207382828701783 0.0548546352166758 0 0.0544464609800363
"reiben" 0 0 0 0 0 0 0 0 0 0 0 0 0 0 0 0 0 0 0 0 0 0 0 0 0 0.259228535877229 0 0 0
"sense" 0.0337002920691979 0 0.0202040610162643 0.0237586124970302 0.0136481506755835 0 0.0134553283100108 0.00976657876745776 0.016996685646299 0 0 0.0187617260787993 0 0.0352030039896738 0.00852296940253985 0.013197835554969 0 0.01170138076293 0 0 0 0 0 0 0 0.0414765657403567 0 0.0146391450739277 0
"shadow" 0 0 0 0 0 0 0 0 0.00849834282314949 0 0.104785190359762 0.0562851782363977 0.0923929781336618 0 0 0 0 0 0 0 0 0 0 0 0 0 0 0 0
"ships" 0.0112334306897326 0 0.0606121830487928 0 0 0 0 0 0 0 0 0 0.0615953187557746 0.0234686693264492 0 0 0 0.01170138076293 0 0 0 0 0.0379650721336371 0.0368459837877671 0 0 0 0.0731957253696384 0
"sid" 0 0 0 0 0 0.216860937923557 0 0 0 0 0 0 0 0 0 0 0 0 0 0 0 0 0 0.0736919675755343 0.100321027287319 0 0 0 0
"sing" 0.0112334306897326 0 0 0 0.0272963013511669 0 0 0.00976657876745776 0 0 0 0 0.0205317729185915 0.0234686693264492 0 0 0 0 0.00994727941907888 0 0.0147666863555818 0 0.284738041002278 0 0 0 0 0 0
"stories" 0 0 0.0303060915243964 0.0356379187455453 0 0 0 0.00976657876745776 0.016996685646299 0 0 0.0375234521575985 0 0.058671673316123 0 0 0 0 0.0596836765144733 0 0 0.0139684313451599 0 0 0 0 0 0 0
"tough" 0.0224668613794653 0 0 0 0.0272963013511669 0.0135538086202223 0 0 0.00849834282314949 0 0 0 0 0 0 0 0.0223563603845294 0 0.0298418382572366 0.136332651670075 0 0.0279368626903199 0 0.0184229918938836 0.0200642054574639 0.0103691414350892 0 0.0292782901478554 0
"universe" 0.179734891035722 0 0.0303060915243964 0 0 0.0542152344808891 0 0 0.00849834282314949 0 0 0 0 0 0 0.013197835554969 0 0 0 0 0 0 0 0 0 0 0 0 0
"unless" 0 0.018875047187618 0.0101020305081321 0.0356379187455453 0 0 0 0 0.00849834282314949 0.012132977432662 0.0116427989288625 0.0187617260787993 0.0102658864592958 0.0234686693264492 0.0255689082076195 0.026395671109938 0 0.01170138076293 0 0 0 0 0.0189825360668185 0.0184229918938836 0.0200642054574639 0.0103691414350892 0 0.0146391450739277 0.0181488203266788
"upham" 0 0 0 0 0 0 0 0 0 0 0 0 0 0 0 0 0 0 0 0 0 0 0 0 0 0.259228535877229 0 0 0
"woods" 0 0 0 0.0118793062485151 0.0136481506755835 0 0 0 0 0 0.04657119571545 0.0562851782363977 0 0 0 0 0 0 0.0895255147717099 0.0170415814587594 0 0 0 0 0 0.0103691414350892 0 0.0292782901478554 0
"aboard" 0.0112334306897326 0 0.0606121830487928 0 0 0.0135538086202223 0 0 0.0594883997620464 0 0 0 0 0.0704060079793476 0.00852296940253985 0 0 0 0 0 0 0.0139684313451599 0 0 0.0200642054574639 0 0 0 0
"bastards" 0.0112334306897326 0.018875047187618 0 0.0356379187455453 0.0136481506755835 0 0 0.00976657876745776 0.00849834282314949 0 0 0 0 0 0.00852296940253985 0 0 0 0.00994727941907888 0.0170415814587594 0 0.0419052940354798 0 0.0921149594694178 0.0200642054574639 0.0103691414350892 0.0365697568111172 0.0146391450739277 0
"combat" 0 0 0 0 0 0.0135538086202223 0.0134553283100108 0 0 0 0 0 0 0 0 0 0 0.01170138076293 0.0895255147717099 0.0170415814587594 0 0.0838105880709596 0 0.0184229918938836 0 0.0311074243052675 0.0182848784055586 0 0
"cool" 0.0674005841383959 0 0 0 0 0.0813228517213337 0 0 0.00849834282314949 0.024265954865324 0.0116427989288625 0.0187617260787993 0.0102658864592958 0 0 0 0.0447127207690588 0 0 0 0 0.0139684313451599 0 0 0 0.0103691414350892 0 0 0.0181488203266788
"cross" 0 0 0 0 0.0545926027023338 0 0.0134553283100108 0 0 0 0.0116427989288625 0 0 0 0.00852296940253985 0 0 0 0.00994727941907888 0.0170415814587594 0.0295333727111636 0 0.0569476082004556 0 0.0802568218298555 0.0103691414350892 0.091424392027793 0 0
"dr" 0 0.245375613439034 0 0.0831551437396056 0.0272963013511669 0 0 0 0.00849834282314949 0 0 0 0 0 0 0 0 0 0 0 0 0 0 0 0.0200642054574639 0 0 0 0
"faster" 0.0112334306897326 0.018875047187618 0.0101020305081321 0 0 0 0 0 0.0339933712925979 0.024265954865324 0.0349283967865875 0.00938086303939963 0.0205317729185915 0 0 0 0 0 0 0 0 0 0 0.0184229918938836 0 0.0311074243052675 0.0731395136222344 0.0146391450739277 0
"finally" 0.0224668613794653 0 0 0.0118793062485151 0 0.0271076172404446 0.0269106566200215 0 0.0254950284694485 0.012132977432662 0.0116427989288625 0 0 0.0234686693264492 0 0.013197835554969 0 0 0.0198945588381578 0 0 0.0139684313451599 0.0189825360668185 0.0368459837877671 0.0401284109149278 0 0.0182848784055586 0 0
"flank" 0.0112334306897326 0 0 0 0 0 0 0 0 0 0 0.00938086303939963 0.0205317729185915 0 0 0 0 0 0.00994727941907888 0.0511247443762781 0.0886001181334908 0 0 0.0368459837877671 0.0401284109149278 0.0518457071754459 0 0.0146391450739277 0
"frank" 0 0 0 0 0.0136481506755835 0 0 0.0292997363023733 0 0 0 0 0 0 0 0 0 0 0.0298418382572366 0 0.0147666863555818 0 0 0.0184229918938836 0 0 0 0.0146391450739277 0.254083484573503
"funny" 0 0 0.0202040610162643 0.0118793062485151 0 0.0271076172404446 0 0.0195331575349155 0.00849834282314949 0.0485319097306479 0 0 0 0.0117343346632246 0.00852296940253985 0.013197835554969 0.0447127207690588 0.0351041422887901 0.00994727941907888 0 0 0.0139684313451599 0 0 0 0.0103691414350892 0 0.0146391450739277 0
"ha" 0 0.018875047187618 0 0 0 0.257522363784223 0.0269106566200215 0 0 0.012132977432662 0 0 0 0 0 0 0 0 0 0 0 0 0.0189825360668185 0 0 0 0 0 0
"handle" 0.0224668613794653 0 0.0101020305081321 0 0.0272963013511669 0.0135538086202223 0 0.0488328938372888 0.00849834282314949 0.024265954865324 0 0 0 0.0117343346632246 0 0.026395671109938 0 0 0 0.0170415814587594 0.0443000590667454 0.0139684313451599 0 0 0.0401284109149278 0 0 0 0
"hanging" 0.0112334306897326 0 0.0101020305081321 0.0356379187455453 0.0136481506755835 0 0 0.00976657876745776 0.00849834282314949 0.012132977432662 0.0116427989288625 0 0 0.0117343346632246 0 0 0 0 0 0.0170415814587594 0 0 0 0.0184229918938836 0.180577849117175 0 0 0.0146391450739277 0.0181488203266788
"hmm" 0.0112334306897326 0 0 0 0 0.0677690431011114 0.0269106566200215 0 0.0509900569388969 0 0 0 0 0 0.0255689082076195 0 0.0447127207690588 0 0 0 0 0 0.0759301442672741 0.0184229918938836 0 0 0 0 0
"krauts" 0 0 0 0 0 0 0 0 0 0 0 0 0 0 0 0 0 0 0.0596836765144733 0.136332651670075 0.0886001181334908 0 0.0189825360668185 0 0 0.0311074243052675 0 0 0
"level" 0 0.018875047187618 0.0606121830487928 0 0 0 0 0 0.016996685646299 0 0 0 0.0102658864592958 0 0.102275632830478 0 0 0 0 0 0 0 0 0 0 0.0207382828701783 0 0 0
"lies" 0.0224668613794653 0 0.0101020305081321 0 0.0545926027023338 0 0 0 0 0.024265954865324 0.0116427989288625 0.0656660412757974 0.041063545837183 0.0352030039896738 0 0 0 0 0 0 0 0 0 0 0 0 0 0 0
"lorraine" 0 0 0 0.201948206224756 0 0 0 0 0 0 0 0 0 0 0 0 0 0 0 0 0.103366804489073 0 0 0 0 0 0 0 0
"mate" 0 0 0 0.0118793062485151 0.0136481506755835 0 0.0134553283100108 0 0.00849834282314949 0.024265954865324 0 0 0 0.129077681295471 0 0 0 0.01170138076293 0 0 0 0 0.0569476082004556 0 0 0 0 0.043917435221783 0
"middle" 0.0224668613794653 0 0 0.0475172249940603 0.0136481506755835 0.0135538086202223 0 0 0.0254950284694485 0.012132977432662 0 0 0 0 0.0426148470126992 0 0 0 0 0.0170415814587594 0.0295333727111636 0 0 0 0 0.0311074243052675 0 0.0146391450739277 0
"situation" 0.0449337227589306 0 0.0101020305081321 0.0118793062485151 0 0 0 0 0.00849834282314949 0 0 0 0 0.0117343346632246 0 0.026395671109938 0 0.0468055230517201 0 0.0340831629175187 0.0147666863555818 0.0139684313451599 0 0 0 0.0311074243052675 0.0182848784055586 0.0146391450739277 0.0181488203266788
"started" 0 0 0.0101020305081321 0 0.0136481506755835 0 0 0.0292997363023733 0.00849834282314949 0 0 0.00938086303939963 0 0 0.00852296940253985 0.0527913422198759 0.0223563603845294 0.0234027615258601 0.00994727941907888 0.0170415814587594 0.0295333727111636 0 0 0.0552689756816507 0 0.0103691414350892 0.0182848784055586 0 0
"stuck" 0.0112334306897326 0.0755001887504719 0 0.0356379187455453 0 0.0135538086202223 0 0 0.016996685646299 0 0 0 0.0102658864592958 0 0.0255689082076195 0 0.0223563603845294 0 0.0198945588381578 0 0.0147666863555818 0 0.0189825360668185 0.0184229918938836 0 0.0103691414350892 0 0 0.0362976406533575
"sun" 0.0224668613794653 0.0566251415628539 0 0 0.0136481506755835 0 0.0403659849300323 0 0 0.012132977432662 0 0.0375234521575985 0.041063545837183 0 0 0.013197835554969 0 0.01170138076293 0 0 0 0.0139684313451599 0.0189825360668185 0.0184229918938836 0 0 0.0182848784055586 0 0
"tanks" 0 0 0 0 0 0 0 0 0 0 0 0 0 0 0 0 0 0.01170138076293 0.0298418382572366 0.0511247443762781 0 0.0419052940354798 0 0 0.0200642054574639 0.0725839900456242 0.0731395136222344 0.0146391450739277 0.0181488203266788
"tommy" 0 0 0 0 0 0 0 0 0.0509900569388969 0 0 0 0 0 0 0 0 0 0 0 0.0147666863555818 0 0 0 0 0 0 0 0.308529945553539
"victory" 0 0 0 0 0.0136481506755835 0 0.0134553283100108 0 0 0 0.023285597857725 0.0375234521575985 0.0821270916743661 0 0 0 0 0.01170138076293 0 0.0340831629175187 0 0 0 0.0368459837877671 0 0.0103691414350892 0 0.0292782901478554 0
"vision" 0.179734891035722 0 0 0.0356379187455453 0 0 0.0538213132400431 0 0 0 0 0 0 0 0 0 0 0.01170138076293 0 0 0 0 0 0 0 0 0 0 0
"wall" 0 0.018875047187618 0 0 0 0 0 0 0.00849834282314949 0.012132977432662 0 0.0656660412757974 0.0307976593778873 0 0.00852296940253985 0 0.0223563603845294 0.01170138076293 0 0 0 0 0 0 0 0.0311074243052675 0 0.0292782901478554 0.0544464609800363
"-we" 0 0 0.0505101525406607 0 0 0 0 0 0 0 0.0582139946443125 0.0281425891181989 0 0 0 0.013197835554969 0 0.0234027615258601 0 0.0681663258350375 0 0.0139684313451599 0 0 0 0 0 0.0292782901478554 0
"aid" 0.0112334306897326 0 0 0 0 0 0 0 0 0 0.0116427989288625 0.00938086303939963 0.0307976593778873 0 0.00852296940253985 0 0 0 0.129314632448025 0 0.0147666863555818 0.0139684313451599 0 0.0184229918938836 0 0 0 0 0
"area" 0 0.018875047187618 0.0202040610162643 0 0 0.0271076172404446 0 0 0.00849834282314949 0 0 0 0 0 0 0.013197835554969 0 0.0585069038146501 0.0198945588381578 0.0340831629175187 0 0.0279368626903199 0 0 0 0 0.0182848784055586 0.0585565802957107 0
"asleep" 0 0 0 0.0237586124970302 0 0 0 0 0 0.024265954865324 0 0.00938086303939963 0.0102658864592958 0 0.0340918776101594 0.026395671109938 0 0 0 0.0340831629175187 0.0295333727111636 0 0.0189825360668185 0 0 0.0518457071754459 0.0182848784055586 0 0
"assault" 0.0449337227589306 0 0.0101020305081321 0 0.0136481506755835 0 0 0 0 0 0.0116427989288625 0 0 0 0 0 0 0 0.0198945588381578 0 0.0147666863555818 0.0139684313451599 0 0 0.0200642054574639 0 0.109709270433352 0.0731957253696384 0
"beat" 0.0112334306897326 0 0.0101020305081321 0.0237586124970302 0.0409444520267504 0 0 0.00976657876745776 0 0 0 0 0 0.0234686693264492 0 0 0 0 0.00994727941907888 0.0170415814587594 0 0.0279368626903199 0.0949126803340926 0 0 0.0311074243052675 0.0182848784055586 0 0
"biff" 0 0 0 0.273224043715847 0 0 0 0 0 0 0 0 0 0 0 0 0 0 0 0 0 0 0 0 0 0 0 0 0
"build" 0 0 0 0.0356379187455453 0.0272963013511669 0 0.0134553283100108 0.00976657876745776 0.00849834282314949 0 0.0116427989288625 0.00938086303939963 0 0.0117343346632246 0.0681837552203188 0 0 0 0.00994727941907888 0 0 0.0139684313451599 0.0189825360668185 0 0 0 0 0 0.0181488203266788
"choice" 0.0112334306897326 0 0.0404081220325285 0 0 0 0 0 0.00849834282314949 0 0.04657119571545 0.00938086303939963 0.0102658864592958 0 0.0255689082076195 0 0.0223563603845294 0 0.0198945588381578 0.0340831629175187 0 0 0.0189825360668185 0 0.0200642054574639 0.0103691414350892 0 0 0
"corporal" 0 0 0 0 0 0 0 0 0 0 0 0 0 0 0 0 0 0 0 0 0.0147666863555818 0 0.0189825360668185 0.0552689756816507 0.0401284109149278 0.134798838656159 0.0365697568111172 0.0146391450739277 0
"different" 0.0112334306897326 0 0.0101020305081321 0 0 0 0.0269106566200215 0.0195331575349155 0.00849834282314949 0 0.0116427989288625 0.00938086303939963 0.0102658864592958 0.0117343346632246 0.0426148470126992 0.039593506664907 0.0223563603845294 0 0 0 0 0.0139684313451599 0 0 0 0.0103691414350892 0.0182848784055586 0 0
"doubt" 0 0 0 0 0.0136481506755835 0.0271076172404446 0.0134553283100108 0.00976657876745776 0.00849834282314949 0.012132977432662 0.0349283967865875 0.0281425891181989 0.0205317729185915 0.0469373386528984 0.00852296940253985 0.013197835554969 0.0223563603845294 0 0 0 0 0 0 0 0 0.0103691414350892 0 0 0
"empire" 0 0 0.0808162440650571 0 0 0 0.0672766415500538 0 0 0 0 0 0 0 0.0340918776101594 0 0 0 0 0 0 0 0.0379650721336371 0.0736919675755343 0 0 0 0 0
"father^s" 0 0 0.0101020305081321 0 0 0 0.0269106566200215 0.0683660513722043 0 0 0.0116427989288625 0 0.0205317729185915 0.0117343346632246 0.0681837552203188 0 0 0 0 0 0 0 0 0.0184229918938836 0 0 0 0 0
"hagrid" 0 0 0 0 0 0 0 0 0 0.279058480951225 0 0 0 0 0 0 0 0 0 0 0 0 0 0 0 0 0 0 0
"holding" 0 0 0.0303060915243964 0 0 0 0 0 0.00849834282314949 0.024265954865324 0 0.0187617260787993 0 0 0.00852296940253985 0 0 0.0351041422887901 0.00994727941907888 0.0511247443762781 0.0443000590667454 0.0139684313451599 0.0189825360668185 0 0 0 0 0 0.0362976406533575
"ice" 0 0 0 0 0 0.0135538086202223 0 0 0.0594883997620464 0 0 0 0 0 0 0.0791870133298139 0.201207243460765 0 0 0 0 0 0 0 0 0 0 0 0
"information" 0 0.0566251415628539 0.0505101525406607 0.0237586124970302 0 0.0135538086202223 0 0.00976657876745776 0 0 0 0 0.0102658864592958 0.0117343346632246 0.0426148470126992 0 0 0.01170138076293 0 0.0170415814587594 0 0 0.0189825360668185 0 0 0.0103691414350892 0 0 0
"killing" 0.0224668613794653 0 0.0101020305081321 0 0 0 0 0.00976657876745776 0 0 0 0.00938086303939963 0 0.0352030039896738 0.00852296940253985 0 0 0.0351041422887901 0.00994727941907888 0 0.0147666863555818 0.0139684313451599 0 0.0184229918938836 0.0200642054574639 0.0414765657403567 0.0365697568111172 0 0
"knight" 0 0 0.0202040610162643 0 0.177425958782585 0 0 0 0 0.0363989322979859 0 0 0.0102658864592958 0 0 0 0.0670690811535882 0.01170138076293 0 0 0 0 0 0 0 0 0 0 0
"letter" 0 0 0 0.0118793062485151 0 0 0 0.00976657876745776 0.00849834282314949 0.0485319097306479 0 0 0 0 0.00852296940253985 0.013197835554969 0 0.01170138076293 0 0.0511247443762781 0 0 0 0.0368459837877671 0 0.0207382828701783 0.0548546352166758 0.043917435221783 0
"looked" 0 0.0377500943752359 0 0 0.0136481506755835 0.0135538086202223 0.0134553283100108 0 0 0.024265954865324 0.0116427989288625 0.00938086303939963 0.0102658864592958 0 0.0170459388050797 0 0.0223563603845294 0 0.00994727941907888 0.0511247443762781 0.0147666863555818 0 0 0 0 0.0103691414350892 0 0.0146391450739277 0.0544464609800363
"ones" 0.0112334306897326 0 0 0 0.0136481506755835 0.0135538086202223 0 0 0.016996685646299 0.012132977432662 0.0116427989288625 0.0187617260787993 0.0102658864592958 0.0117343346632246 0 0.013197835554969 0 0 0.0198945588381578 0.0511247443762781 0 0.0279368626903199 0 0.0184229918938836 0 0.0103691414350892 0.0182848784055586 0.0146391450739277 0
"points" 0.0112334306897326 0 0.0101020305081321 0 0 0 0 0 0 0.242659548653239 0 0 0 0 0 0 0 0 0 0 0 0 0 0 0 0 0 0.0146391450739277 0
"pop" 0.0112334306897326 0 0 0.0356379187455453 0 0.0135538086202223 0 0.0976657876745776 0 0 0 0 0 0 0.00852296940253985 0 0 0 0.00994727941907888 0 0.0443000590667454 0.0139684313451599 0 0.0184229918938836 0 0 0 0 0.0181488203266788
"pressure" 0 0 0.0101020305081321 0 0 0.0135538086202223 0 0 0.016996685646299 0 0 0 0 0 0 0 0 0.0585069038146501 0.00994727941907888 0 0 0 0 0 0.0601926163723917 0.0829531314807134 0 0 0.0362976406533575
"promise" 0.0224668613794653 0 0.0101020305081321 0 0 0.0135538086202223 0.0134553283100108 0 0.0424917141157474 0 0.023285597857725 0.0187617260787993 0 0.0117343346632246 0.0255689082076195 0.026395671109938 0.0223563603845294 0 0 0 0 0 0 0.0184229918938836 0 0 0 0.0146391450739277 0
"ranger" 0 0 0 0 0 0.108430468961778 0 0 0 0 0.0349283967865875 0.00938086303939963 0.0307976593778873 0 0 0 0 0.0702082845775802 0 0 0 0.0139684313451599 0 0 0 0.0103691414350892 0 0 0
"relax" 0 0 0 0.0237586124970302 0.0136481506755835 0 0 0.0195331575349155 0 0.0606648871633099 0 0 0 0 0 0 0.0223563603845294 0 0.00994727941907888 0 0 0 0 0.0368459837877671 0 0 0 0.0292782901478554 0.127041742286751
"rescue" 0 0 0.0404081220325285 0.0118793062485151 0.0545926027023338 0.0542152344808891 0 0 0 0 0 0 0 0.0234686693264492 0 0 0.0447127207690588 0.0234027615258601 0 0.0170415814587594 0 0 0 0 0 0.0103691414350892 0.0365697568111172 0 0
"scared" 0 0 0 0.0237586124970302 0.0272963013511669 0.0271076172404446 0 0.0195331575349155 0 0.0606648871633099 0 0 0 0 0 0.0527913422198759 0 0.01170138076293 0 0 0.0443000590667454 0 0 0 0.0401284109149278 0 0 0 0
"secure" 0 0 0.0101020305081321 0 0 0 0 0 0 0 0 0.00938086303939963 0 0 0.00852296940253985 0 0 0.0819096653405102 0 0.0511247443762781 0.0443000590667454 0 0 0 0 0.0207382828701783 0.0548546352166758 0 0.0362976406533575
"senate" 0 0 0.0606121830487928 0.0118793062485151 0 0 0.215285252960172 0 0 0 0 0 0 0 0 0 0 0 0 0 0 0 0 0 0 0 0 0 0
"seven" 0 0 0.0303060915243964 0 0 0.0271076172404446 0 0 0 0.024265954865324 0.0116427989288625 0.00938086303939963 0.0102658864592958 0.0117343346632246 0 0 0 0.01170138076293 0 0.0852079072937969 0.0295333727111636 0 0.0189825360668185 0 0.0200642054574639 0 0 0.0146391450739277 0.0181488203266788
"tank" 0 0 0.0101020305081321 0 0 0 0 0 0 0 0 0 0 0 0 0 0 0 0.0198945588381578 0.0511247443762781 0 0.0838105880709596 0 0 0.0200642054574639 0.0518457071754459 0 0.0146391450739277 0.0725952813067151
"weeks" 0.0112334306897326 0.018875047187618 0 0.0237586124970302 0 0.0135538086202223 0.0269106566200215 0 0 0.024265954865324 0 0.00938086303939963 0 0.0117343346632246 0.00852296940253985 0 0.0447127207690588 0.0234027615258601 0.00994727941907888 0 0 0.0279368626903199 0 0.0184229918938836 0 0 0.0365697568111172 0.0146391450739277 0
"weren^t" 0.0224668613794653 0 0.0101020305081321 0.0237586124970302 0 0 0.0403659849300323 0.0195331575349155 0.016996685646299 0 0.0116427989288625 0 0 0 0.00852296940253985 0.013197835554969 0 0.01170138076293 0.00994727941907888 0.0340831629175187 0.0147666863555818 0.0279368626903199 0 0 0 0.0103691414350892 0 0 0
"whose" 0 0.0377500943752359 0 0.0118793062485151 0.0545926027023338 0 0 0 0 0.012132977432662 0 0.0187617260787993 0.041063545837183 0.058671673316123 0.00852296940253985 0 0 0 0 0 0 0 0.0189825360668185 0 0 0.0103691414350892 0.0182848784055586 0 0
"-how" 0 0 0.0303060915243964 0 0 0 0 0 0 0 0 0.0375234521575985 0 0 0 0 0.0223563603845294 0.0234027615258601 0 0.136332651670075 0 0.0279368626903199 0 0 0 0 0 0.0292782901478554 0
"action" 0 0 0.0101020305081321 0 0.0136481506755835 0.0813228517213337 0 0.0292997363023733 0 0 0 0 0 0.0117343346632246 0 0 0 0 0 0.0170415814587594 0 0.0279368626903199 0 0 0 0.0518457071754459 0 0.0292782901478554 0
"anywhere" 0 0.018875047187618 0.0202040610162643 0.0118793062485151 0.0136481506755835 0.0135538086202223 0 0 0 0 0.0116427989288625 0 0 0 0 0.026395671109938 0.0223563603845294 0.01170138076293 0.00994727941907888 0.0340831629175187 0 0.0139684313451599 0.0379650721336371 0.0184229918938836 0 0.0414765657403567 0 0 0
"bilbo" 0 0 0 0 0 0 0 0 0 0 0.197927581790662 0 0.0513294322964788 0 0 0 0 0 0 0 0 0 0 0 0 0 0 0 0
"dawson" 0 0 0 0 0 0 0 0 0.186963542109289 0 0 0 0 0 0 0 0 0 0 0 0 0 0 0 0 0 0 0 0
"dinner" 0.0112334306897326 0 0.0101020305081321 0.0237586124970302 0 0.0135538086202223 0 0.0781326301396621 0.0424917141157474 0 0.0116427989288625 0 0 0 0 0 0 0 0.00994727941907888 0 0 0 0.0189825360668185 0 0 0 0.0182848784055586 0 0
"division" 0 0 0 0 0 0 0 0 0 0 0 0 0 0 0 0 0 0 0.0497363970953944 0 0.0443000590667454 0.0279368626903199 0 0.0736919675755343 0 0.0207382828701783 0 0.0878348704435661 0
"dreams" 0 0 0 0 0 0.0135538086202223 0 0 0.00849834282314949 0.012132977432662 0 0.0281425891181989 0 0 0.119321571635558 0 0 0 0 0 0 0.0139684313451599 0.0189825360668185 0 0 0 0 0 0
"feeling" 0 0.0377500943752359 0.0202040610162643 0.0237586124970302 0 0 0 0 0 0.012132977432662 0 0 0.0102658864592958 0.0117343346632246 0.0255689082076195 0 0 0 0.0198945588381578 0.0170415814587594 0.0147666863555818 0 0 0.0184229918938836 0 0.0103691414350892 0 0.0585565802957107 0
"fought" 0.0337002920691979 0 0.0101020305081321 0 0.0272963013511669 0 0.0269106566200215 0 0 0.012132977432662 0.023285597857725 0.0281425891181989 0.0102658864592958 0 0 0 0 0.0234027615258601 0 0 0 0.0139684313451599 0 0 0.0200642054574639 0.0103691414350892 0.0365697568111172 0 0
"guarnere" 0 0 0 0 0 0 0 0 0 0 0 0 0 0 0 0 0 0 0.109420073609868 0.0170415814587594 0.147666863555818 0 0 0 0 0 0 0 0
"hall" 0 0 0 0 0.0136481506755835 0 0 0 0 0 0.0116427989288625 0.0187617260787993 0.0102658864592958 0 0 0 0 0 0 0 0.206733608978145 0.0279368626903199 0 0 0 0 0.0182848784055586 0 0
"here^s" 0 0 0 0.0356379187455453 0.0409444520267504 0 0 0 0 0.012132977432662 0.0349283967865875 0 0.0102658864592958 0 0.00852296940253985 0.039593506664907 0 0 0.00994727941907888 0 0.0147666863555818 0 0 0 0 0.0103691414350892 0 0.0292782901478554 0.0362976406533575
"imagine" 0.0224668613794653 0 0.0303060915243964 0 0 0 0.0134553283100108 0.00976657876745776 0.016996685646299 0.024265954865324 0.0116427989288625 0 0.0102658864592958 0.0234686693264492 0.0340918776101594 0 0 0 0 0 0 0 0.0189825360668185 0.0184229918938836 0.0200642054574639 0 0 0 0
"kept" 0 0.018875047187618 0.0101020305081321 0 0 0 0 0.0195331575349155 0 0.012132977432662 0.04657119571545 0.00938086303939963 0.0205317729185915 0 0.00852296940253985 0.013197835554969 0 0 0.0298418382572366 0.0170415814587594 0 0 0.0379650721336371 0.0184229918938836 0 0 0 0.0146391450739277 0
"l^m" 0 0 0 0 0 0 0 0 0 0 0 0 0 0 0 0 0.447127207690588 0 0 0 0 0 0 0 0 0.0207382828701783 0 0 0
"malarkey" 0 0 0 0 0 0 0 0 0 0 0 0 0 0 0 0 0 0 0.0497363970953944 0.0511247443762781 0.206733608978145 0 0 0 0 0 0 0 0
"mark" 0 0 0.0101020305081321 0 0 0 0.0269106566200215 0 0.00849834282314949 0.0363989322979859 0 0.00938086303939963 0 0.0234686693264492 0.00852296940253985 0 0 0.0351041422887901 0 0 0.0295333727111636 0 0 0 0 0.0311074243052675 0.0365697568111172 0 0.0181488203266788
"missed" 0.0112334306897326 0 0 0 0 0.0135538086202223 0.0403659849300323 0.00976657876745776 0.016996685646299 0 0 0 0 0.0234686693264492 0.00852296940253985 0.013197835554969 0 0.0234027615258601 0.00994727941907888 0.0170415814587594 0.0443000590667454 0 0 0.0368459837877671 0 0.0103691414350892 0 0 0
"neither" 0 0 0 0 0.0136481506755835 0 0 0.00976657876745776 0.0254950284694485 0.024265954865324 0.023285597857725 0.00938086303939963 0 0.0117343346632246 0.00852296940253985 0 0.0447127207690588 0.01170138076293 0.00994727941907888 0.0170415814587594 0 0.0139684313451599 0.0379650721336371 0 0 0 0.0182848784055586 0.0146391450739277 0
"professor" 0 0.0377500943752359 0 0 0 0 0 0 0 0.230526571220578 0 0 0 0 0 0 0 0 0 0 0 0 0 0.0184229918938836 0 0 0 0 0
"sake" 0.0112334306897326 0.018875047187618 0 0 0 0 0 0.00976657876745776 0.0424917141157474 0.012132977432662 0.0116427989288625 0 0 0 0.00852296940253985 0 0.0223563603845294 0 0.00994727941907888 0.0170415814587594 0.0147666863555818 0 0.0759301442672741 0 0.0200642054574639 0 0 0.0292782901478554 0
"smell" 0 0 0.0202040610162643 0 0 0 0 0 0.0254950284694485 0 0.023285597857725 0.0281425891181989 0.0102658864592958 0.0117343346632246 0 0 0 0 0.0397891176763155 0 0 0 0.0189825360668185 0.0184229918938836 0.0401284109149278 0.0103691414350892 0.0182848784055586 0 0
"sollozzo" 0 0 0 0 0 0 0 0.214864732884071 0 0 0 0 0 0 0 0 0 0 0 0 0 0 0 0 0 0 0 0 0
"turned" 0.0112334306897326 0 0.0202040610162643 0 0.0409444520267504 0 0 0.00976657876745776 0 0 0.04657119571545 0 0.0205317729185915 0.0234686693264492 0 0.026395671109938 0.0223563603845294 0 0 0 0 0.0139684313451599 0 0 0 0.0207382828701783 0 0.0146391450739277 0
"ways" 0 0 0.0404081220325285 0 0.0545926027023338 0.0135538086202223 0.0134553283100108 0 0 0.012132977432662 0.023285597857725 0.00938086303939963 0.0102658864592958 0 0.0255689082076195 0 0 0 0.00994727941907888 0 0 0 0.0189825360668185 0.0184229918938836 0 0.0103691414350892 0 0 0
"winters" 0 0 0 0 0 0 0 0 0.00849834282314949 0 0 0.00938086303939963 0 0 0 0.026395671109938 0 0 0.0895255147717099 0.0511247443762781 0.0886001181334908 0 0 0 0 0 0 0 0
"within" 0.0224668613794653 0.018875047187618 0.0101020305081321 0 0 0 0.0134553283100108 0.00976657876745776 0 0 0.023285597857725 0.0187617260787993 0 0 0.0681837552203188 0.013197835554969 0 0.01170138076293 0 0 0 0 0 0 0 0.0103691414350892 0 0.0146391450739277 0
"zone" 0 0 0.0101020305081321 0 0.0136481506755835 0.0135538086202223 0 0 0 0 0 0 0 0 0.00852296940253985 0 0 0.0468055230517201 0 0.0170415814587594 0.0443000590667454 0.0139684313451599 0 0 0 0.0207382828701783 0 0.0878348704435661 0.0181488203266788
"accept" 0 0 0 0.0118793062485151 0 0 0.0269106566200215 0.00976657876745776 0 0.012132977432662 0 0.0187617260787993 0.0307976593778873 0.0234686693264492 0.0255689082076195 0 0 0 0 0.0170415814587594 0.0295333727111636 0.0139684313451599 0.0189825360668185 0 0 0 0.0182848784055586 0 0
"america" 0 0 0 0 0 0 0 0.0781326301396621 0.0339933712925979 0 0 0 0 0 0.00852296940253985 0.039593506664907 0.0223563603845294 0 0 0 0 0.0279368626903199 0 0.0184229918938836 0 0.0103691414350892 0 0 0
"arms" 0 0 0.0101020305081321 0 0.0136481506755835 0 0.0269106566200215 0 0.00849834282314949 0 0 0.00938086303939963 0.0307976593778873 0.0117343346632246 0 0 0 0 0.00994727941907888 0 0 0.0139684313451599 0 0 0 0.0311074243052675 0 0.0292782901478554 0.0725952813067151
"brown" 0 0 0 0.106913756236636 0 0 0 0 0.0509900569388969 0 0 0 0.0205317729185915 0.0117343346632246 0 0 0 0 0.00994727941907888 0 0 0.0279368626903199 0 0 0 0 0 0 0
"bushmaster" 0 0 0 0 0 0 0 0 0 0 0 0 0 0 0 0 0 0 0 0 0 0 0 0 0 0 0 0 0.381125226860254
"corner" 0 0 0 0.0118793062485151 0 0 0 0 0 0 0.0116427989288625 0 0.0102658864592958 0 0 0.013197835554969 0 0.0936110461034402 0 0 0 0.0139684313451599 0 0 0 0.0207382828701783 0 0.0146391450739277 0.0907441016333938
"cp" 0 0 0 0 0 0 0 0 0 0 0 0 0 0 0 0 0 0 0.119367353028947 0.102249488752556 0 0 0 0.0368459837877671 0 0 0 0.0146391450739277 0
"crew" 0.0112334306897326 0 0.0303060915243964 0 0 0 0 0 0.016996685646299 0 0 0 0 0.129077681295471 0.00852296940253985 0 0 0.01170138076293 0 0 0 0 0.0189825360668185 0 0 0.0103691414350892 0 0 0
"curse" 0.0224668613794653 0 0.0101020305081321 0 0 0 0 0 0 0.0363989322979859 0.023285597857725 0.0281425891181989 0 0.117343346632246 0 0 0 0 0 0 0 0 0 0 0 0 0 0 0
"during" 0 0 0.0101020305081321 0 0 0 0 0 0 0.012132977432662 0 0.00938086303939963 0 0 0.00852296940253985 0.0659891777748449 0 0 0.0298418382572366 0 0 0.0279368626903199 0.0189825360668185 0 0 0.0207382828701783 0.0548546352166758 0.0146391450739277 0
"dying" 0.0449337227589306 0.018875047187618 0.0101020305081321 0 0.0136481506755835 0 0.0941872981700753 0 0 0 0 0.00938086303939963 0.0205317729185915 0 0.0170459388050797 0 0 0 0 0 0 0 0 0 0 0 0.0182848784055586 0.0146391450739277 0
"fact" 0.0224668613794653 0 0.0202040610162643 0.0118793062485151 0 0.0271076172404446 0 0 0.016996685646299 0.012132977432662 0.0116427989288625 0.0187617260787993 0.0205317729185915 0.0117343346632246 0.00852296940253985 0.026395671109938 0 0 0 0 0.0147666863555818 0 0 0 0 0.0103691414350892 0 0 0
"finished" 0 0.0377500943752359 0 0.0237586124970302 0 0 0.0134553283100108 0.00976657876745776 0.00849834282314949 0 0 0.00938086303939963 0.0205317729185915 0 0 0.013197835554969 0.0447127207690588 0.0234027615258601 0.00994727941907888 0 0 0 0 0 0.0200642054574639 0.0103691414350892 0.0548546352166758 0 0
"freedom" 0 0 0 0 0.0272963013511669 0 0.107642626480086 0.00976657876745776 0 0 0.0116427989288625 0 0 0.0234686693264492 0 0 0 0 0 0 0 0.0419052940354798 0 0.0184229918938836 0 0.0207382828701783 0 0.0146391450739277 0
"french" 0.0112334306897326 0.018875047187618 0 0 0.0818889040535007 0 0 0 0.00849834282314949 0 0 0 0 0.0117343346632246 0 0.013197835554969 0 0.01170138076293 0 0 0 0 0 0 0 0.0518457071754459 0 0.0585565802957107 0
"god^s" 0 0 0 0 0.0136481506755835 0 0 0 0.0509900569388969 0.012132977432662 0 0 0 0 0.0170459388050797 0 0.0223563603845294 0 0 0 0 0 0.0379650721336371 0.0184229918938836 0.0200642054574639 0.0103691414350892 0 0.0731957253696384 0
"grenades" 0.0224668613794653 0 0 0 0 0 0 0 0 0 0 0 0 0 0 0 0 0.01170138076293 0 0.0681663258350375 0.0147666863555818 0.0139684313451599 0 0.0184229918938836 0 0.0311074243052675 0.091424392027793 0 0.0544464609800363
"hasn^t" 0.0224668613794653 0 0 0.0118793062485151 0.0136481506755835 0 0 0 0 0.024265954865324 0.023285597857725 0 0 0.0234686693264492 0.0255689082076195 0.013197835554969 0 0.01170138076293 0 0.0170415814587594 0.0147666863555818 0 0 0.0184229918938836 0 0 0.0365697568111172 0.0146391450739277 0
"held" 0.0112334306897326 0.018875047187618 0 0 0.0272963013511669 0.0135538086202223 0.0134553283100108 0.0488328938372888 0 0 0 0.00938086303939963 0.0307976593778873 0 0.00852296940253985 0 0 0 0.00994727941907888 0 0 0 0 0 0 0.0207382828701783 0.0182848784055586 0.0146391450739277 0
"hide" 0 0 0.0101020305081321 0 0 0 0 0 0.00849834282314949 0.024265954865324 0.04657119571545 0.0281425891181989 0.0307976593778873 0 0.00852296940253985 0.013197835554969 0.0447127207690588 0 0.00994727941907888 0 0 0.0139684313451599 0.0189825360668185 0 0 0 0 0 0
"loved" 0 0.018875047187618 0 0 0 0 0.121097954790097 0 0 0 0 0.00938086303939963 0 0 0.0170459388050797 0 0 0 0.0397891176763155 0 0 0 0.0189825360668185 0.0184229918938836 0 0.0207382828701783 0 0 0
"lt^s" 0 0 0 0 0 0 0 0 0 0 0 0 0 0 0 0 0.424770847306059 0 0 0 0 0 0 0 0 0.0207382828701783 0 0 0
"macready" 0 0 0 0 0 0 0 0 0 0 0 0 0 0 0 0 0.469483568075117 0 0 0 0 0 0 0 0 0 0 0 0
"marion" 0 0.396375990939977 0 0 0 0 0 0 0 0 0 0 0 0 0 0 0 0 0 0 0 0 0 0 0 0 0 0 0
"minas" 0 0 0 0 0 0 0 0 0 0 0.0116427989288625 0.0187617260787993 0.184785956267324 0 0 0 0 0 0 0 0 0 0 0 0 0 0 0 0
"normandy" 0 0 0 0 0 0 0 0 0 0 0 0 0 0 0 0 0 0 0.0497363970953944 0.0511247443762781 0.0443000590667454 0 0 0 0 0.0311074243052675 0 0.102474015517494 0
"passed" 0 0.018875047187618 0 0 0.0136481506755835 0 0 0 0.016996685646299 0 0.0349283967865875 0.0375234521575985 0.0307976593778873 0 0.00852296940253985 0 0 0 0 0 0 0.0279368626903199 0.0189825360668185 0.0184229918938836 0 0.0103691414350892 0 0.0146391450739277 0
"perfect" 0 0.018875047187618 0 0.0593965312425754 0 0.0135538086202223 0 0.0292997363023733 0 0.024265954865324 0 0.00938086303939963 0 0 0 0.013197835554969 0.0447127207690588 0.01170138076293 0 0 0 0 0 0 0 0.0103691414350892 0 0.0146391450739277 0.0362976406533575
"proud" 0 0 0.0101020305081321 0 0 0.0135538086202223 0.0269106566200215 0.0292997363023733 0.00849834282314949 0.012132977432662 0 0.00938086303939963 0.0102658864592958 0.0117343346632246 0 0 0 0.0234027615258601 0 0 0 0.0139684313451599 0.0569476082004556 0 0 0 0.0548546352166758 0 0
"search" 0 0 0.0101020305081321 0 0.0409444520267504 0.0135538086202223 0.0134553283100108 0.00976657876745776 0.00849834282314949 0 0 0.00938086303939963 0.0102658864592958 0.0352030039896738 0.0170459388050797 0.026395671109938 0 0.01170138076293 0 0 0 0.0279368626903199 0 0 0 0 0.0182848784055586 0 0
"single" 0.0112334306897326 0 0.0101020305081321 0 0 0 0.0538213132400431 0.00976657876745776 0 0.024265954865324 0 0.00938086303939963 0 0.0352030039896738 0 0.026395671109938 0 0.01170138076293 0.00994727941907888 0 0 0.0139684313451599 0 0 0 0.0103691414350892 0.0182848784055586 0 0.0181488203266788
"sniper" 0 0 0 0 0 0 0 0 0 0 0 0 0 0 0 0 0 0.0234027615258601 0.0497363970953944 0.0170415814587594 0.0147666863555818 0.153652744796759 0 0 0.0200642054574639 0 0 0 0
"spot" 0 0.018875047187618 0 0.0237586124970302 0 0.0406614258606668 0 0.0195331575349155 0.00849834282314949 0 0 0.00938086303939963 0.0102658864592958 0 0 0.013197835554969 0 0 0.00994727941907888 0.0340831629175187 0 0 0.0189825360668185 0.0552689756816507 0.0200642054574639 0 0 0.0146391450739277 0
"staff" 0 0.151000377500944 0 0 0 0.0542152344808891 0 0 0 0 0 0.0375234521575985 0.0102658864592958 0 0 0.026395671109938 0 0 0 0 0 0 0 0 0 0.0207382828701783 0 0 0
"strike" 0 0 0.0101020305081321 0.0356379187455453 0 0 0.0269106566200215 0 0 0 0 0.0281425891181989 0.0205317729185915 0.0234686693264492 0 0 0 0.0234027615258601 0 0.0340831629175187 0 0 0 0 0.0601926163723917 0 0 0 0.0181488203266788
"throw" 0.0112334306897326 0.0566251415628539 0 0.0237586124970302 0.0136481506755835 0 0 0.00976657876745776 0.00849834282314949 0 0.0116427989288625 0 0.0205317729185915 0 0.00852296940253985 0 0 0 0.00994727941907888 0 0 0.0419052940354798 0 0.0184229918938836 0 0.0103691414350892 0.0182848784055586 0.0146391450739277 0
"worse" 0 0 0 0 0.0136481506755835 0.0135538086202223 0 0.00976657876745776 0.00849834282314949 0.024265954865324 0 0 0.0102658864592958 0.0234686693264492 0.0426148470126992 0.013197835554969 0.0223563603845294 0 0 0 0 0 0 0 0 0.0103691414350892 0.0365697568111172 0.0292782901478554 0
"-it" 0 0 0.0404081220325285 0 0 0 0 0 0 0 0.0582139946443125 0.0562851782363977 0 0 0 0.013197835554969 0 0.01170138076293 0 0.0170415814587594 0 0 0 0 0 0 0 0.0292782901478554 0
"beginning" 0.0112334306897326 0.018875047187618 0.0202040610162643 0.0118793062485151 0 0 0.0269106566200215 0.00976657876745776 0 0 0.023285597857725 0 0 0 0.00852296940253985 0 0 0.01170138076293 0.00994727941907888 0.0340831629175187 0.0147666863555818 0 0.0189825360668185 0 0 0.0103691414350892 0.0365697568111172 0 0
"bird" 0 0.018875047187618 0 0 0.0136481506755835 0.0677690431011114 0 0 0 0 0 0.00938086303939963 0 0 0 0 0 0.12871518839223 0 0 0 0 0 0 0 0.0103691414350892 0 0 0
"blue" 0 0 0 0 0.0272963013511669 0 0 0 0.00849834282314949 0 0.0116427989288625 0 0 0 0 0 0 0 0 0 0 0 0.0569476082004556 0 0 0 0.0182848784055586 0.043917435221783 0.163339382940109
"boromir" 0 0 0 0 0 0 0 0 0 0 0.0582139946443125 0.0562851782363977 0.0923929781336618 0 0 0 0 0 0 0 0 0 0 0 0 0 0 0 0
"brothers" 0 0 0 0 0 0 0.0269106566200215 0 0.00849834282314949 0 0 0 0.0102658864592958 0 0 0 0 0 0 0 0 0 0 0.0184229918938836 0 0.145167980091248 0 0 0.0181488203266788
"built" 0 0 0 0.0118793062485151 0.0682407533779173 0 0 0 0.0254950284694485 0 0 0 0 0 0.0681837552203188 0.026395671109938 0 0 0 0 0 0 0 0 0 0 0 0 0.0181488203266788
"calm" 0 0 0 0.0118793062485151 0 0.0406614258606668 0 0 0.0254950284694485 0.012132977432662 0 0 0 0.0117343346632246 0.0340918776101594 0 0 0.0234027615258601 0 0 0 0 0.0189825360668185 0 0.0200642054574639 0.0103691414350892 0.0365697568111172 0 0
"certain" 0.0224668613794653 0.0566251415628539 0 0.0118793062485151 0.0272963013511669 0 0.0134553283100108 0 0.00849834282314949 0.012132977432662 0 0 0.0205317729185915 0.0117343346632246 0.0170459388050797 0 0 0.0234027615258601 0 0 0.0147666863555818 0 0 0 0 0 0 0.0146391450739277 0
"childs" 0 0 0 0 0 0 0 0 0 0 0 0 0 0 0 0 0.447127207690588 0 0 0 0 0 0 0 0 0 0 0 0
"coffee" 0 0 0 0 0 0 0 0.00976657876745776 0.00849834282314949 0.012132977432662 0 0 0 0 0 0.039593506664907 0 0.0351041422887901 0.00994727941907888 0.0340831629175187 0 0 0 0.0552689756816507 0.0601926163723917 0 0 0.0292782901478554 0
"duty" 0 0 0 0 0.0136481506755835 0 0.0403659849300323 0 0 0 0 0.00938086303939963 0.0205317729185915 0.0117343346632246 0 0.013197835554969 0 0.0234027615258601 0 0 0 0.0139684313451599 0.0189825360668185 0 0 0.0414765657403567 0.0182848784055586 0.0146391450739277 0.0181488203266788
"elves" 0 0 0 0 0 0 0 0 0 0 0.104785190359762 0.0938086303939962 0.0102658864592958 0 0 0 0 0 0 0 0 0 0 0 0 0 0 0 0
"england" 0 0.018875047187618 0 0 0.0272963013511669 0 0 0 0 0 0 0 0 0.0469373386528984 0 0 0 0 0 0.0340831629175187 0.073833431777909 0 0.0569476082004556 0 0 0.0103691414350892 0 0.0292782901478554 0
"english" 0 0 0 0 0.0955370547290842 0 0 0.0195331575349155 0.016996685646299 0 0 0 0 0 0 0 0 0 0 0.0340831629175187 0 0 0.0759301442672741 0 0 0.0103691414350892 0.0182848784055586 0.0146391450739277 0
"eugene" 0 0 0 0 0 0 0 0 0 0 0 0 0 0 0 0 0 0 0.0696309559335522 0 0.0590667454223272 0 0 0.0736919675755343 0.100321027287319 0 0 0 0
"faramir" 0 0 0 0 0 0 0 0 0 0 0 0.0938086303939962 0.102658864592958 0 0 0 0 0 0 0 0 0 0 0 0 0 0 0 0
"fellas" 0 0 0 0.0237586124970302 0 0.0135538086202223 0 0 0 0 0 0 0 0 0 0 0.0223563603845294 0 0.0596836765144733 0 0 0 0 0.0368459837877671 0.0401284109149278 0.0414765657403567 0 0.0292782901478554 0
"frogman" 0 0 0 0 0 0 0 0 0 0 0 0 0 0 0 0 0 0 0 0 0 0 0 0 0 0 0 0 0.362976406533575
"grond" 0 0 0 0 0 0 0 0 0 0 0 0 0.205317729185915 0 0 0 0 0 0 0 0 0 0 0 0 0 0 0 0
"guard" 0 0 0.0101020305081321 0.0237586124970302 0.0272963013511669 0 0.0403659849300323 0 0 0.012132977432662 0.0349283967865875 0 0.0513294322964788 0 0 0.013197835554969 0 0 0 0 0.0147666863555818 0 0 0.0184229918938836 0 0 0 0 0
"hair" 0.0112334306897326 0 0 0.0475172249940603 0 0 0.0134553283100108 0.0292997363023733 0.00849834282314949 0.012132977432662 0 0 0.0205317729185915 0.0117343346632246 0 0.039593506664907 0 0 0.00994727941907888 0 0 0 0.0189825360668185 0 0 0 0 0.0146391450739277 0
"hill" 0.0112334306897326 0 0 0.0593965312425754 0.0136481506755835 0 0 0 0 0 0 0 0.0205317729185915 0 0 0 0 0 0.00994727941907888 0 0.0147666863555818 0 0.0189825360668185 0 0.0401284109149278 0.0103691414350892 0 0.0731957253696384 0
"hogwarts" 0 0 0 0 0 0 0 0 0 0.242659548653239 0 0 0 0 0 0 0 0 0 0 0 0 0 0 0 0 0 0 0
"hospital" 0 0 0 0 0 0 0 0.0781326301396621 0 0.024265954865324 0 0 0 0 0.00852296940253985 0 0 0 0.00994727941907888 0.0340831629175187 0.0147666863555818 0 0.0189825360668185 0 0 0.0103691414350892 0.0548546352166758 0 0
"hungry" 0.0224668613794653 0 0 0 0 0.0271076172404446 0.0134553283100108 0.0195331575349155 0 0.012132977432662 0.0116427989288625 0.00938086303939963 0.0205317729185915 0.0117343346632246 0 0.013197835554969 0 0.01170138076293 0.00994727941907888 0 0.0147666863555818 0.0279368626903199 0 0 0.0200642054574639 0 0 0 0
"joker" 0 0 0 0 0 0 0 0 0 0 0 0 0 0 0 0 0 0 0 0 0 0.279368626903199 0 0 0 0 0 0 0
"luz" 0 0 0 0 0 0 0 0 0 0 0 0 0 0 0 0 0 0 0.0994727941907888 0.0511247443762781 0.103366804489073 0 0 0 0 0 0 0 0
"ok" 0 0 0 0 0 0 0 0 0 0 0 0 0 0 0 0 0 0 0 0 0 0 0 0 0 0.134798838656159 0.12799414883891 0 0
"places" 0 0.018875047187618 0 0 0 0.0542152344808891 0 0 0.0254950284694485 0 0.023285597857725 0 0.0513294322964788 0 0.0170459388050797 0.013197835554969 0 0 0 0 0 0 0.0189825360668185 0.0184229918938836 0 0 0 0 0
"reality" 0.0786340148281285 0 0 0 0 0 0 0 0.00849834282314949 0 0 0 0 0 0.102275632830478 0 0 0 0 0 0 0 0 0 0 0 0 0 0
"rebel" 0 0 0.181836549146378 0 0 0.0271076172404446 0 0 0 0 0 0 0 0 0 0 0 0 0 0 0 0 0 0 0 0 0 0 0
"request" 0 0 0.0101020305081321 0 0.0136481506755835 0 0 0.0195331575349155 0 0.012132977432662 0 0 0 0.0234686693264492 0.00852296940253985 0 0 0.0585069038146501 0 0 0 0.0139684313451599 0.0189825360668185 0 0 0 0 0.0585565802957107 0.0181488203266788
"rid" 0 0 0 0 0 0.0135538086202223 0 0.0585994726047466 0.00849834282314949 0.012132977432662 0.023285597857725 0 0.0102658864592958 0.0117343346632246 0 0 0 0 0.0298418382572366 0 0 0 0.0189825360668185 0 0 0.0207382828701783 0 0.0146391450739277 0
"seek" 0.0112334306897326 0 0 0 0.150129657431418 0 0 0 0 0.012132977432662 0.0116427989288625 0.0281425891181989 0.0205317729185915 0 0 0 0 0 0.00994727941907888 0 0 0 0 0 0 0 0 0 0
"sight" 0 0 0.0202040610162643 0.0118793062485151 0.0136481506755835 0 0 0.00976657876745776 0 0 0.0116427989288625 0.0281425891181989 0.041063545837183 0.0117343346632246 0 0 0.0223563603845294 0.0234027615258601 0 0 0 0 0 0 0.0200642054574639 0.0207382828701783 0 0 0
"special" 0.0112334306897326 0.018875047187618 0.0101020305081321 0 0.0409444520267504 0.0271076172404446 0.0134553283100108 0.0195331575349155 0 0.012132977432662 0.0116427989288625 0.0187617260787993 0.0102658864592958 0.0117343346632246 0 0 0 0 0 0 0 0 0 0.0184229918938836 0 0 0.0365697568111172 0 0
"speed" 0 0 0.0707142135569249 0.0118793062485151 0.0136481506755835 0.0271076172404446 0 0 0.0254950284694485 0 0.0116427989288625 0.0281425891181989 0 0.0117343346632246 0 0 0 0 0 0 0.0147666863555818 0 0 0 0 0 0 0 0
"states" 0 0.0377500943752359 0 0.0118793062485151 0 0 0 0 0 0 0 0 0 0.0117343346632246 0.0170459388050797 0.013197835554969 0 0 0.0397891176763155 0.0170415814587594 0 0.0419052940354798 0 0.0368459837877671 0 0.0207382828701783 0 0.0146391450739277 0
"survive" 0 0 0 0 0 0 0.0269106566200215 0 0.00849834282314949 0.012132977432662 0 0 0.0102658864592958 0 0.00852296940253985 0.013197835554969 0.0223563603845294 0 0.00994727941907888 0 0.0147666863555818 0.0279368626903199 0.0759301442672741 0 0 0 0.0731395136222344 0 0
"teach" 0 0 0 0 0 0.0271076172404446 0.0134553283100108 0.00976657876745776 0.016996685646299 0.0363989322979859 0 0 0 0.0234686693264492 0.0170459388050797 0 0 0 0 0.0170415814587594 0 0.0279368626903199 0.0379650721336371 0 0 0.0103691414350892 0.0182848784055586 0 0
"tight" 0 0 0.0303060915243964 0 0 0 0.0134553283100108 0.00976657876745776 0.0254950284694485 0.012132977432662 0 0.00938086303939963 0.0102658864592958 0 0 0 0.0223563603845294 0.01170138076293 0.0298418382572366 0.0170415814587594 0 0.0139684313451599 0 0.0184229918938836 0 0 0 0.0146391450739277 0
"van" 0 0 0 0 0.0136481506755835 0.0406614258606668 0 0 0 0 0 0 0 0 0.0511378164152391 0 0 0 0 0.102249488752556 0 0 0 0 0 0 0 0.0585565802957107 0
"witch" 0 0 0 0 0.232018561484919 0 0 0 0 0.0363989322979859 0 0 0 0 0 0 0 0 0 0 0 0 0 0 0 0 0 0 0
"write" 0 0 0 0.0118793062485151 0 0 0 0 0.016996685646299 0 0 0 0 0 0 0.013197835554969 0 0 0 0 0 0.0139684313451599 0 0.0921149594694178 0.0401284109149278 0.0414765657403567 0.0365697568111172 0.0292782901478554 0
"ya" 0.0224668613794653 0.018875047187618 0 0 0 0.162645703442667 0 0 0 0 0 0 0 0 0 0 0.111781801922647 0 0 0 0 0 0 0 0 0 0 0 0
"-well" 0 0 0.0606121830487928 0 0 0 0 0 0 0 0.0116427989288625 0 0 0 0 0 0 0.0351041422887901 0 0.0681663258350375 0 0 0 0 0 0 0 0.0731957253696384 0
"alderaan" 0 0 0.191938579654511 0 0 0 0 0 0 0 0 0 0 0 0 0 0 0 0 0 0 0 0 0 0 0 0 0 0
"blair" 0 0 0 0 0 0 0 0 0 0 0 0 0 0 0 0 0.424770847306059 0 0 0 0 0 0 0 0 0 0 0 0
"blast" 0.0112334306897326 0 0.0909182745731892 0 0 0.0135538086202223 0 0.00976657876745776 0 0 0 0 0 0.0234686693264492 0 0 0.0223563603845294 0 0 0 0.0590667454223272 0 0 0 0 0 0 0 0
"cabin" 0 0.018875047187618 0 0.0118793062485151 0 0 0 0 0.00849834282314949 0 0 0 0 0.0117343346632246 0.0170459388050797 0.013197835554969 0.0223563603845294 0 0 0 0 0 0.208807896735004 0 0 0 0 0 0
"commodore" 0 0 0 0 0 0 0 0 0 0 0 0 0 0.222952358601267 0 0 0 0 0 0 0 0 0 0 0 0 0 0 0
"commodus" 0 0 0 0 0 0 0.255651237890204 0 0 0 0 0 0 0 0 0 0 0 0 0 0 0 0 0 0 0 0 0 0
"corpsman" 0 0 0 0 0 0 0 0 0 0 0 0 0 0 0 0 0 0 0 0 0 0 0 0.0184229918938836 0.36115569823435 0 0 0 0
"dumbledore" 0 0 0 0 0 0 0 0 0 0.230526571220578 0 0 0 0 0 0 0 0 0 0 0 0 0 0 0 0 0 0 0
"enemies" 0.0112334306897326 0 0 0 0.0136481506755835 0 0.0672766415500538 0.0292997363023733 0 0.012132977432662 0 0.00938086303939963 0.0102658864592958 0 0 0 0.0223563603845294 0 0 0 0 0 0.0379650721336371 0 0 0.0103691414350892 0 0 0.0362976406533575
"extra" 0 0 0.0303060915243964 0.0118793062485151 0 0 0 0.00976657876745776 0.00849834282314949 0 0.0116427989288625 0 0 0 0 0.013197835554969 0 0.01170138076293 0.0198945588381578 0.0511247443762781 0.0147666863555818 0 0.0189825360668185 0 0 0.0311074243052675 0 0 0
"girls" 0 0 0 0.0356379187455453 0 0 0 0.039066315069831 0.0254950284694485 0.024265954865324 0 0 0 0 0 0.026395671109938 0 0.01170138076293 0 0 0 0.0139684313451599 0.0569476082004556 0 0 0 0 0 0
"history" 0.0224668613794653 0.0377500943752359 0 0.0593965312425754 0.0136481506755835 0.0135538086202223 0.0134553283100108 0 0.00849834282314949 0.012132977432662 0.0116427989288625 0 0 0 0 0 0 0.01170138076293 0 0 0 0.0139684313451599 0.0189825360668185 0 0.0200642054574639 0 0 0 0
"idiot" 0.0112334306897326 0.0377500943752359 0 0.0118793062485151 0 0.0677690431011114 0 0 0.00849834282314949 0.012132977432662 0 0 0 0.0234686693264492 0 0 0 0 0.00994727941907888 0 0 0 0.0189825360668185 0 0.0200642054574639 0 0.0548546352166758 0 0
"ladies" 0 0 0 0 0.0136481506755835 0.0135538086202223 0.0134553283100108 0 0.0254950284694485 0 0 0 0 0 0 0 0 0.01170138076293 0.00994727941907888 0 0 0.125715882106439 0 0.0368459837877671 0 0 0 0 0
"less" 0 0 0.0101020305081321 0.0118793062485151 0.0136481506755835 0.0135538086202223 0 0 0.00849834282314949 0.012132977432662 0.0116427989288625 0.0187617260787993 0.0102658864592958 0 0.00852296940253985 0.013197835554969 0 0.01170138076293 0.0198945588381578 0 0.0147666863555818 0.0139684313451599 0 0 0 0 0.0182848784055586 0.0146391450739277 0
"major" 0 0 0 0.0237586124970302 0 0 0 0 0 0 0 0 0 0 0.00852296940253985 0 0 0 0 0 0.0295333727111636 0.0279368626903199 0 0 0 0 0.0365697568111172 0.146391450739277 0
"mortars" 0 0 0 0 0 0 0 0 0 0 0 0 0 0 0 0 0 0 0.0198945588381578 0.0170415814587594 0.0295333727111636 0 0 0 0.180577849117175 0.0103691414350892 0 0.0585565802957107 0
"mouth" 0 0 0.0101020305081321 0.0237586124970302 0 0 0.0134553283100108 0.0195331575349155 0.00849834282314949 0 0 0.00938086303939963 0.0102658864592958 0 0 0.0527913422198759 0 0.01170138076293 0 0.0340831629175187 0 0.0139684313451599 0 0 0 0.0207382828701783 0 0 0
"navy" 0 0 0 0 0 0 0 0 0 0 0 0 0 0.0469373386528984 0 0 0 0 0 0.0170415814587594 0.0147666863555818 0.0139684313451599 0 0.110537951363301 0.0200642054574639 0.0207382828701783 0 0.0292782901478554 0.0181488203266788
"negative" 0 0 0.0303060915243964 0 0 0.0271076172404446 0 0 0 0 0 0 0 0 0.00852296940253985 0 0 0.0468055230517201 0 0 0 0.0419052940354798 0 0 0 0 0 0 0.108892921960073
"ought" 0 0.018875047187618 0.0101020305081321 0.0475172249940603 0 0 0 0 0 0.0485319097306479 0 0.00938086303939963 0 0 0 0.026395671109938 0.0223563603845294 0 0 0.0170415814587594 0 0.0139684313451599 0.0189825360668185 0 0 0 0 0.0292782901478554 0
"parents" 0 0 0 0.0593965312425754 0 0 0 0.00976657876745776 0 0.109196796893958 0 0 0 0 0 0 0 0.01170138076293 0 0 0 0.0139684313451599 0.0189825360668185 0 0 0.0103691414350892 0 0 0
"range" 0.0112334306897326 0 0.111122335589453 0 0 0 0.0269106566200215 0 0.00849834282314949 0 0 0 0 0.0117343346632246 0 0 0 0 0 0 0.0147666863555818 0 0 0 0 0.0103691414350892 0 0 0.0181488203266788
"rd" 0.0112334306897326 0 0 0 0 0 0 0.00976657876745776 0 0 0 0 0 0 0 0 0 0 0.0795782353526311 0.0511247443762781 0.0443000590667454 0 0 0 0.0401284109149278 0 0.0182848784055586 0 0
"repeat" 0.0224668613794653 0 0 0 0 0.0542152344808891 0 0 0 0.012132977432662 0 0 0 0 0 0 0 0.0234027615258601 0 0.0340831629175187 0 0 0 0 0 0 0 0.102474015517494 0.0181488203266788
"rock" 0 0 0.0101020305081321 0.0118793062485151 0.0272963013511669 0 0 0 0.00849834282314949 0 0 0.0469043151969981 0 0.0117343346632246 0 0 0 0 0.00994727941907888 0 0 0.0558737253806398 0 0.0184229918938836 0 0 0 0.0146391450739277 0.0181488203266788
"she^ll" 0 0.0755001887504719 0.0303060915243964 0 0 0 0 0.00976657876745776 0.00849834282314949 0 0 0 0 0.0352030039896738 0.0255689082076195 0.026395671109938 0 0 0 0 0 0 0.0189825360668185 0 0 0.0103691414350892 0 0 0
"shore" 0 0 0 0 0 0 0 0 0.016996685646299 0 0.0349283967865875 0.0187617260787993 0.0102658864592958 0.0234686693264492 0.0170459388050797 0 0 0 0 0 0 0 0 0.0368459837877671 0 0.0414765657403567 0 0.0146391450739277 0
"sick" 0 0 0 0 0 0.0271076172404446 0 0.0683660513722043 0 0.012132977432662 0 0.0375234521575985 0 0 0 0 0 0 0 0 0 0.0139684313451599 0 0.0184229918938836 0 0 0.0182848784055586 0.0146391450739277 0.0181488203266788
"sign" 0 0 0.0303060915243964 0 0.0136481506755835 0.0135538086202223 0.0269106566200215 0.00976657876745776 0 0.012132977432662 0 0.00938086303939963 0 0 0 0 0 0.01170138076293 0.00994727941907888 0 0.0295333727111636 0 0 0.0184229918938836 0 0 0 0.043917435221783 0.0181488203266788
"spell" 0.0449337227589306 0 0 0 0 0.0406614258606668 0 0 0 0.0849308420286338 0.0116427989288625 0.0281425891181989 0 0 0 0 0 0 0 0 0.0147666863555818 0 0 0 0 0 0 0 0
"steady" 0.0112334306897326 0 0 0 0.0136481506755835 0 0.0269106566200215 0 0.0764850854083454 0.012132977432662 0.023285597857725 0 0.0205317729185915 0.0117343346632246 0 0 0 0 0 0 0 0 0 0 0 0 0 0 0
"table" 0.0224668613794653 0 0 0 0.122833356080251 0 0 0.039066315069831 0 0 0 0 0 0 0 0 0.0223563603845294 0 0 0.0170415814587594 0 0 0.0189825360668185 0.0184229918938836 0 0 0 0 0
"tea" 0 0 0 0 0.0272963013511669 0.0271076172404446 0 0 0.016996685646299 0.012132977432662 0.0582139946443125 0 0 0 0 0 0 0.0234027615258601 0 0 0.0147666863555818 0 0.0189825360668185 0 0 0 0 0.0146391450739277 0.0362976406533575
"thinks" 0 0 0 0.0237586124970302 0 0.0135538086202223 0 0.00976657876745776 0 0.012132977432662 0 0.0375234521575985 0.0102658864592958 0.0117343346632246 0.00852296940253985 0 0 0 0.00994727941907888 0 0 0.0279368626903199 0 0.0184229918938836 0.0200642054574639 0.0207382828701783 0 0 0
"training" 0 0 0 0 0.0136481506755835 0.0135538086202223 0.0134553283100108 0 0 0 0 0 0 0 0.0255689082076195 0 0 0.01170138076293 0.00994727941907888 0.0511247443762781 0.0443000590667454 0.0139684313451599 0 0 0.0200642054574639 0.0103691414350892 0 0.0292782901478554 0
"troops" 0 0 0.0202040610162643 0 0 0.0135538086202223 0 0 0 0 0 0 0 0 0 0 0 0.01170138076293 0.0198945588381578 0.0170415814587594 0 0 0 0.0184229918938836 0 0.0207382828701783 0.0182848784055586 0.0585565802957107 0.0725952813067151
"wade" 0 0 0 0 0 0 0 0 0 0 0 0 0 0 0 0 0 0 0 0 0 0 0 0 0 0.197013687266694 0 0 0
"wedding" 0.0224668613794653 0 0 0 0.0136481506755835 0 0 0.107432366442035 0.00849834282314949 0 0 0 0 0.0234686693264492 0 0 0 0 0 0 0.0147666863555818 0 0 0.0184229918938836 0 0 0 0 0
"where^d" 0.0449337227589306 0.0377500943752359 0.0101020305081321 0 0.0136481506755835 0.0135538086202223 0 0 0 0 0 0 0 0 0 0 0.0223563603845294 0 0.0298418382572366 0.0681663258350375 0.0147666863555818 0 0 0 0 0.0103691414350892 0 0 0
"wild" 0 0 0 0 0 0 0.0134553283100108 0.0195331575349155 0 0 0.023285597857725 0.0281425891181989 0.0102658864592958 0 0 0 0 0.01170138076293 0.00994727941907888 0 0 0 0 0 0 0 0 0 0.14519056261343
"wood" 0 0 0 0.0118793062485151 0.0818889040535007 0 0 0 0 0.0363989322979859 0.0116427989288625 0 0.0307976593778873 0.0117343346632246 0 0 0 0 0.00994727941907888 0 0 0.0139684313451599 0.0379650721336371 0 0 0 0 0 0
"works" 0.0449337227589306 0 0 0.0712758374910905 0 0.0135538086202223 0 0.00976657876745776 0.00849834282314949 0.012132977432662 0 0.00938086303939963 0 0 0 0 0 0 0 0.0170415814587594 0 0 0.0189825360668185 0 0.0200642054574639 0 0 0.0146391450739277 0
"worried" 0 0 0 0.0118793062485151 0.0136481506755835 0.0542152344808891 0 0.039066315069831 0 0 0.0116427989288625 0 0 0 0 0 0.0223563603845294 0 0.00994727941907888 0.0170415814587594 0 0 0 0.0184229918938836 0.0200642054574639 0 0 0.0292782901478554 0.0181488203266788
"-that^s" 0 0 0.0707142135569249 0 0 0 0 0 0 0 0.0116427989288625 0.00938086303939963 0 0 0 0 0 0.01170138076293 0 0.0852079072937969 0 0 0 0 0 0 0 0.043917435221783 0
"act" 0.0112334306897326 0 0.0101020305081321 0.0356379187455453 0.0136481506755835 0.0135538086202223 0.0134553283100108 0.0292997363023733 0.00849834282314949 0.012132977432662 0.0116427989288625 0.0187617260787993 0 0.0117343346632246 0 0 0 0.01170138076293 0 0 0 0 0 0 0 0 0 0 0
"agreed" 0 0 0 0.0118793062485151 0 0 0.0269106566200215 0.0292997363023733 0 0.012132977432662 0 0.0187617260787993 0 0.058671673316123 0 0.013197835554969 0 0 0.00994727941907888 0 0 0 0 0 0 0 0.0365697568111172 0 0
"airfield" 0 0 0 0 0 0 0 0 0 0 0 0 0 0 0 0 0 0.01170138076293 0 0 0 0 0 0.165806927044952 0.160513643659711 0 0 0 0
"artoo" 0 0 0.181836549146378 0 0 0 0 0 0 0 0 0 0 0 0 0 0 0 0 0 0 0 0 0 0 0 0 0 0
"asshole" 0.0224668613794653 0 0 0 0 0 0 0 0 0 0 0 0 0 0.0170459388050797 0 0.0223563603845294 0.01170138076293 0.00994727941907888 0 0 0.0419052940354798 0 0 0 0.0207382828701783 0.109709270433352 0 0
"bear" 0 0 0 0 0 0.0135538086202223 0 0 0 0.012132977432662 0.04657119571545 0.0281425891181989 0.0205317729185915 0 0.00852296940253985 0 0 0 0.0198945588381578 0 0 0 0 0 0 0.0103691414350892 0.0182848784055586 0.0292782901478554 0
"besides" 0.0112334306897326 0.0377500943752359 0.0303060915243964 0.0356379187455453 0 0 0 0 0 0.024265954865324 0.0116427989288625 0 0 0 0 0 0 0.01170138076293 0.00994727941907888 0 0.0147666863555818 0 0.0189825360668185 0 0.0200642054574639 0 0 0.0146391450739277 0
"born" 0.0112334306897326 0 0.0101020305081321 0.0475172249940603 0 0 0.0134553283100108 0.00976657876745776 0 0.012132977432662 0 0 0.0205317729185915 0 0 0 0 0 0 0.0170415814587594 0.0147666863555818 0.0558737253806398 0 0 0 0.0103691414350892 0 0 0
"boss" 0.0224668613794653 0.0377500943752359 0.0303060915243964 0 0 0 0 0.0292997363023733 0.0424917141157474 0 0 0 0 0 0 0 0 0.01170138076293 0 0.0170415814587594 0.0147666863555818 0 0 0 0 0 0 0 0
"c" 0 0.018875047187618 0 0 0 0.0271076172404446 0 0 0.0254950284694485 0.012132977432662 0 0 0 0 0 0 0 0 0 0 0.0147666863555818 0 0 0.0184229918938836 0.0802568218298555 0.0311074243052675 0 0.0146391450739277 0.0181488203266788
"camp" 0 0.018875047187618 0 0 0 0.0135538086202223 0 0 0 0 0 0 0 0 0 0 0.156494522691706 0.01170138076293 0 0 0.0147666863555818 0 0.0949126803340926 0.0184229918938836 0.0200642054574639 0 0 0 0
"co" 0 0 0 0 0 0 0 0 0 0 0 0 0 0 0 0 0 0 0.0696309559335522 0.0852079072937969 0.0147666863555818 0 0 0 0 0.0207382828701783 0 0 0.0544464609800363
"courage" 0 0 0.0303060915243964 0 0.0136481506755835 0 0.0269106566200215 0 0 0.024265954865324 0 0.00938086303939963 0.0615953187557746 0.0117343346632246 0 0 0 0 0 0 0 0 0 0 0 0.0103691414350892 0.0182848784055586 0 0
"direction" 0 0.018875047187618 0.0202040610162643 0 0.0272963013511669 0 0 0 0.00849834282314949 0 0 0 0 0 0 0 0 0.01170138076293 0.00994727941907888 0 0.0295333727111636 0.0558737253806398 0.0189825360668185 0 0 0 0 0.043917435221783 0
"failed" 0.0224668613794653 0 0.0101020305081321 0 0 0 0 0 0 0 0.0349283967865875 0.00938086303939963 0.041063545837183 0.0234686693264492 0.0255689082076195 0 0 0 0 0 0 0.0279368626903199 0 0 0 0 0 0 0
"fate" 0.0449337227589306 0 0.0101020305081321 0 0 0 0.0269106566200215 0 0 0 0.069856793573175 0.0187617260787993 0.0102658864592958 0.0117343346632246 0 0 0 0 0 0 0 0 0 0 0 0 0.0182848784055586 0 0
"fault" 0.0112334306897326 0 0.0505101525406607 0.0118793062485151 0 0.0271076172404446 0 0.0195331575349155 0 0.012132977432662 0.0116427989288625 0 0 0 0.00852296940253985 0 0 0.01170138076293 0 0 0 0.0139684313451599 0 0 0 0 0.0365697568111172 0 0
"firing" 0 0 0.0101020305081321 0 0 0 0 0 0 0 0 0 0 0.0117343346632246 0 0 0 0 0.00994727941907888 0 0.147666863555818 0 0 0 0.0200642054574639 0.0207382828701783 0.0182848784055586 0 0.0181488203266788
"foot" 0 0.018875047187618 0 0 0.0136481506755835 0 0 0 0 0.012132977432662 0.0116427989288625 0.00938086303939963 0 0 0 0 0 0.0585069038146501 0.0198945588381578 0 0.0147666863555818 0 0 0 0 0.0207382828701783 0.0365697568111172 0.0146391450739277 0
"fun" 0.0112334306897326 0 0.0101020305081321 0 0 0.0135538086202223 0 0 0.00849834282314949 0.012132977432662 0.0116427989288625 0.00938086303939963 0.0102658864592958 0 0 0.026395671109938 0 0.01170138076293 0 0.0170415814587594 0.0147666863555818 0.0279368626903199 0 0.0184229918938836 0 0 0.0365697568111172 0 0
"gift" 0 0 0 0 0 0 0 0.00976657876745776 0.016996685646299 0 0.0349283967865875 0.0281425891181989 0.0205317729185915 0.0352030039896738 0.00852296940253985 0 0 0 0.0298418382572366 0 0 0 0 0 0 0 0 0 0
"grenade" 0 0 0 0 0.0818889040535007 0 0 0 0 0 0 0 0 0 0 0 0 0.01170138076293 0.00994727941907888 0.0170415814587594 0.0443000590667454 0 0 0.0184229918938836 0 0.0414765657403567 0 0 0.0181488203266788
"grow" 0 0 0.0101020305081321 0 0 0 0.0134553283100108 0.00976657876745776 0.00849834282314949 0 0 0.00938086303939963 0.0205317729185915 0 0.0596607858177789 0 0 0.0234027615258601 0.00994727941907888 0 0 0.0139684313451599 0 0 0 0 0 0 0
"headed" 0 0.018875047187618 0.0101020305081321 0 0 0.0135538086202223 0 0 0.00849834282314949 0 0 0 0 0 0.00852296940253985 0 0 0.01170138076293 0.0198945588381578 0.0340831629175187 0.0295333727111636 0 0 0.0736919675755343 0 0.0103691414350892 0 0 0.0181488203266788
"ho" 0 0 0 0 0 0.0135538086202223 0 0 0.00849834282314949 0 0 0 0 0.105609011969021 0 0 0 0 0 0 0 0.0419052940354798 0 0 0.0802568218298555 0 0 0 0
"impossible" 0 0 0.0303060915243964 0 0 0 0 0.00976657876745776 0.00849834282314949 0.012132977432662 0 0 0 0 0.0596607858177789 0.013197835554969 0 0 0 0 0 0 0 0 0 0 0.0548546352166758 0.0146391450739277 0
"isengard" 0 0 0 0 0 0 0 0 0 0 0.0582139946443125 0.103189493433396 0.0205317729185915 0 0 0 0 0 0 0 0 0 0 0 0 0 0 0 0
"itself" 0 0 0 0 0 0 0 0 0 0 0 0.00938086303939963 0.0102658864592958 0.0234686693264492 0.0255689082076195 0.039593506664907 0.0223563603845294 0.01170138076293 0.0298418382572366 0 0 0 0.0189825360668185 0 0 0.0207382828701783 0 0 0
"jap" 0 0 0 0 0 0 0 0 0 0 0 0 0 0 0 0 0 0 0 0 0 0 0 0.184229918938836 0.160513643659711 0 0 0 0
"lands" 0 0 0 0 0 0.0135538086202223 0 0 0 0 0.04657119571545 0.0656660412757974 0.0513294322964788 0 0 0 0 0 0 0 0 0 0 0.0184229918938836 0 0 0 0 0
"learned" 0 0.018875047187618 0.0101020305081321 0.0118793062485151 0 0 0 0 0 0.024265954865324 0 0.00938086303939963 0.0205317729185915 0.0469373386528984 0.00852296940253985 0 0 0 0 0 0 0.0279368626903199 0 0.0368459837877671 0 0.0103691414350892 0 0 0
"legs" 0.0112334306897326 0 0 0 0.0136481506755835 0.0271076172404446 0 0 0.00849834282314949 0 0 0.00938086303939963 0 0 0 0.013197835554969 0 0 0.00994727941907888 0 0.0147666863555818 0.0139684313451599 0 0 0 0.0414765657403567 0 0 0.0725952813067151
"lipton" 0 0 0 0 0 0 0 0 0 0 0 0 0 0 0 0 0 0 0.109420073609868 0.0340831629175187 0.073833431777909 0 0 0 0 0 0 0 0
"locked" 0 0 0.0202040610162643 0 0 0.0135538086202223 0 0.00976657876745776 0.016996685646299 0.0485319097306479 0 0 0 0.0117343346632246 0.0255689082076195 0 0.0447127207690588 0.01170138076293 0 0 0 0.0139684313451599 0 0 0 0 0 0 0
"magic" 0.0561671534486632 0.018875047187618 0 0 0 0 0.0134553283100108 0 0 0.0970638194612958 0.0116427989288625 0.00938086303939963 0 0 0 0 0 0 0 0 0 0.0139684313451599 0 0 0 0 0 0 0
"march" 0 0 0 0 0 0 0 0 0 0 0 0.0375234521575985 0.0718612052150703 0.0117343346632246 0 0 0 0 0.0198945588381578 0.0170415814587594 0 0 0.0379650721336371 0 0 0.0103691414350892 0 0 0
"missing" 0 0.018875047187618 0 0.0118793062485151 0 0 0 0 0.00849834282314949 0 0 0 0 0.0117343346632246 0.00852296940253985 0.026395671109938 0.0447127207690588 0.01170138076293 0.0198945588381578 0.0170415814587594 0.0295333727111636 0.0139684313451599 0 0 0 0 0 0.0146391450739277 0.0181488203266788
"mistake" 0.0112334306897326 0 0 0 0.0136481506755835 0.0677690431011114 0 0 0 0.024265954865324 0.0116427989288625 0.00938086303939963 0 0.0117343346632246 0 0.013197835554969 0 0.01170138076293 0 0 0 0.0139684313451599 0 0 0.0200642054574639 0 0.0182848784055586 0.0146391450739277 0
"mmm" 0.0449337227589306 0.0566251415628539 0 0 0 0.0135538086202223 0 0 0.0254950284694485 0 0 0 0 0 0 0 0 0 0 0 0 0.0279368626903199 0.0949126803340926 0 0 0 0 0 0
"months" 0 0 0 0 0 0 0 0.039066315069831 0 0 0.0116427989288625 0 0.0102658864592958 0 0.00852296940253985 0.0527913422198759 0 0 0 0.0340831629175187 0 0.0139684313451599 0.0189825360668185 0 0 0 0 0.043917435221783 0
"pack" 0.0112334306897326 0 0 0 0.0136481506755835 0.0135538086202223 0 0 0 0 0 0 0 0.0117343346632246 0 0.013197835554969 0 0 0 0.0170415814587594 0.073833431777909 0.0279368626903199 0 0 0.0601926163723917 0.0103691414350892 0 0.0146391450739277 0
"perimeter" 0.0112334306897326 0 0 0 0 0 0 0 0 0 0 0 0 0 0 0 0 0.14041656915516 0.00994727941907888 0.0170415814587594 0 0 0 0 0.0401284109149278 0.0103691414350892 0 0 0
"pirates" 0 0.018875047187618 0 0 0 0 0 0 0 0 0 0 0 0.199483689274818 0 0 0 0 0 0 0 0 0 0 0 0 0 0 0
"plenty" 0 0.018875047187618 0 0 0 0 0 0 0.0254950284694485 0.012132977432662 0 0 0.0102658864592958 0 0.00852296940253985 0.039593506664907 0.0223563603845294 0.01170138076293 0 0.0170415814587594 0 0 0.0379650721336371 0 0.0200642054574639 0.0103691414350892 0.0182848784055586 0 0
"quest" 0.0112334306897326 0 0 0 0.177425958782585 0 0 0 0 0 0.023285597857725 0.0187617260787993 0 0 0 0 0 0 0 0 0 0 0 0 0 0 0 0 0
"r" 0 0.018875047187618 0.121224366097586 0 0 0.0406614258606668 0 0 0.00849834282314949 0 0 0 0 0 0 0 0.0223563603845294 0 0 0 0 0 0 0 0 0 0 0 0
"realize" 0 0.018875047187618 0.0101020305081321 0.0356379187455453 0 0.0135538086202223 0.0134553283100108 0 0 0.024265954865324 0 0 0 0.0117343346632246 0.0170459388050797 0 0 0.0234027615258601 0 0 0.0295333727111636 0 0.0189825360668185 0 0 0 0.0182848784055586 0 0
"runner" 0 0 0 0 0 0 0 0 0 0 0 0 0 0 0 0 0 0 0.00994727941907888 0 0 0 0 0.165806927044952 0.100321027287319 0.0311074243052675 0 0 0
"saito" 0 0 0 0 0 0 0 0 0 0 0 0 0 0 0.153413449245717 0 0 0 0 0 0 0 0 0 0 0 0 0 0
"seconds" 0 0 0.0202040610162643 0.0237586124970302 0 0.0271076172404446 0 0 0 0 0 0 0 0 0.00852296940253985 0 0 0 0 0 0 0.11174745076128 0.0189825360668185 0 0 0.0103691414350892 0 0 0.0181488203266788
"seeing" 0 0 0 0.0118793062485151 0 0 0.0134553283100108 0.00976657876745776 0.016996685646299 0.012132977432662 0.0116427989288625 0 0.0102658864592958 0.0117343346632246 0.00852296940253985 0 0 0 0.0298418382572366 0.0170415814587594 0.0443000590667454 0 0 0 0 0 0 0.0146391450739277 0
"signal" 0.0337002920691979 0 0.0303060915243964 0 0 0.0271076172404446 0.0134553283100108 0 0 0 0 0 0 0.0234686693264492 0 0 0 0.01170138076293 0 0.0852079072937969 0 0 0 0 0 0 0 0 0.0181488203266788
"soul" 0.123567737587059 0.018875047187618 0 0 0 0 0 0 0 0.024265954865324 0 0 0 0.0117343346632246 0 0.013197835554969 0 0 0 0 0 0.0139684313451599 0 0.0184229918938836 0 0 0 0 0
"spread" 0 0 0 0 0 0 0 0 0.00849834282314949 0 0 0.00938086303939963 0 0.0117343346632246 0 0 0 0.01170138076293 0.0397891176763155 0 0.0443000590667454 0 0 0.0368459837877671 0.0601926163723917 0 0 0.0292782901478554 0
"stopped" 0.0337002920691979 0.018875047187618 0.0101020305081321 0 0 0.0135538086202223 0 0.00976657876745776 0.00849834282314949 0.012132977432662 0 0 0 0 0 0 0 0.01170138076293 0.0198945588381578 0 0.0147666863555818 0 0 0.0184229918938836 0 0.0414765657403567 0 0 0
"storm" 0 0 0 0.0237586124970302 0 0 0.0134553283100108 0 0.00849834282314949 0 0 0.0187617260787993 0.0102658864592958 0.0234686693264492 0 0.0659891777748449 0.0447127207690588 0.01170138076293 0 0 0 0 0.0189825360668185 0 0 0 0 0 0
"super" 0 0 0 0 0 0 0 0 0 0 0 0 0 0 0 0 0 0.19892347296981 0 0 0 0 0 0 0 0 0.0182848784055586 0 0
"tattaglia" 0 0 0 0 0 0 0 0.17579841781424 0 0 0 0 0 0 0 0 0 0 0 0 0 0 0 0 0 0 0 0 0
"they^d" 0.0112334306897326 0 0.0101020305081321 0 0.0272963013511669 0.0135538086202223 0 0.00976657876745776 0 0 0 0 0.0102658864592958 0 0.0170459388050797 0 0 0 0.0298418382572366 0 0.0147666863555818 0.0279368626903199 0 0 0 0.0207382828701783 0 0.0146391450739277 0
"toye" 0 0 0 0 0 0 0 0 0 0 0 0 0 0 0 0 0 0 0.119367353028947 0 0.0886001181334908 0 0 0 0 0 0 0 0
"trip" 0.0337002920691979 0.018875047187618 0.0303060915243964 0.0356379187455453 0 0 0 0 0 0 0 0 0 0.0234686693264492 0 0.026395671109938 0 0 0.00994727941907888 0 0 0 0.0379650721336371 0.0184229918938836 0 0 0 0 0
"won" 0 0 0 0 0 0 0.0538213132400431 0 0.016996685646299 0.024265954865324 0 0 0 0 0 0 0.0223563603845294 0 0 0 0 0.0139684313451599 0.0759301442672741 0.0368459837877671 0 0 0.0182848784055586 0.0146391450739277 0
"worst" 0.0112334306897326 0 0.0404081220325285 0 0.0136481506755835 0 0 0 0 0.012132977432662 0 0 0.0205317729185915 0.0469373386528984 0.00852296940253985 0.013197835554969 0 0 0 0 0.0147666863555818 0 0 0.0184229918938836 0 0.0103691414350892 0 0 0
"would^ve" 0.0449337227589306 0.0377500943752359 0 0 0 0.0271076172404446 0 0 0 0 0 0 0.041063545837183 0.0234686693264492 0 0 0 0 0.0198945588381578 0.0170415814587594 0 0 0 0 0 0.0103691414350892 0 0 0
"-he" 0 0 0.0505101525406607 0 0 0 0 0 0 0 0.023285597857725 0.0469043151969981 0 0 0 0 0 0.0351041422887901 0 0.0170415814587594 0 0 0 0 0 0 0 0.0146391450739277 0
"-jack" 0 0 0 0 0 0 0 0 0.144471827993541 0 0 0 0 0 0 0 0 0 0 0 0 0 0 0 0 0 0 0 0
"-sir" 0 0 0.0101020305081321 0 0 0 0.0134553283100108 0 0 0 0 0 0 0 0 0 0 0.0234027615258601 0 0.0340831629175187 0 0.11174745076128 0 0 0 0 0 0.043917435221783 0
"afternoon" 0 0.0377500943752359 0 0 0 0 0 0 0.00849834282314949 0.0849308420286338 0.0116427989288625 0 0 0 0 0 0 0.01170138076293 0.0198945588381578 0 0.0147666863555818 0 0 0 0 0.0103691414350892 0 0.0146391450739277 0
"ahh" 0 0 0 0 0 0 0 0 0 0 0 0 0 0 0 0 0 0 0 0 0.0147666863555818 0 0 0.128960943257185 0.180577849117175 0 0 0 0
"american" 0 0.0377500943752359 0 0 0 0 0 0.0488328938372888 0 0 0 0 0 0 0 0 0 0.01170138076293 0 0.0170415814587594 0 0.0279368626903199 0 0.0184229918938836 0 0.0414765657403567 0 0.0146391450739277 0
"barzini" 0 0 0 0 0 0 0 0.166031839046782 0 0 0 0 0 0 0 0 0 0 0 0 0 0 0 0 0 0 0 0 0
"broke" 0.0224668613794653 0 0 0.0118793062485151 0 0 0 0.00976657876745776 0 0.012132977432662 0 0.00938086303939963 0.0102658864592958 0 0.00852296940253985 0 0 0 0.00994727941907888 0.0170415814587594 0.0147666863555818 0 0.0189825360668185 0.0184229918938836 0 0.0103691414350892 0.0365697568111172 0.0146391450739277 0
"cal" 0 0 0 0.0237586124970302 0 0 0 0 0.101980113877794 0 0 0 0 0 0 0 0 0 0 0.0340831629175187 0 0 0 0.0184229918938836 0 0 0 0 0
"cast" 0.0112334306897326 0 0 0.0118793062485151 0.0136481506755835 0 0 0 0 0.012132977432662 0.023285597857725 0.00938086303939963 0 0 0 0 0 0.01170138076293 0 0 0 0 0 0 0 0 0 0 0.163339382940109
"closed" 0.0224668613794653 0.018875047187618 0 0 0 0.0135538086202223 0.0134553283100108 0 0.0424917141157474 0 0 0.00938086303939963 0 0 0.0170459388050797 0.026395671109938 0.0223563603845294 0 0 0 0.0147666863555818 0 0 0 0 0 0 0 0
"commander" 0 0 0.0404081220325285 0 0 0 0.0134553283100108 0 0 0 0 0 0 0 0 0 0 0 0.0397891176763155 0.0170415814587594 0.0147666863555818 0.0139684313451599 0 0 0 0.0103691414350892 0.0182848784055586 0.043917435221783 0
"cup" 0.0337002920691979 0.018875047187618 0 0 0 0 0 0.00976657876745776 0.00849834282314949 0.0606648871633099 0 0 0 0 0 0 0 0.01170138076293 0.00994727941907888 0 0.0147666863555818 0 0 0 0.0200642054574639 0 0 0.0292782901478554 0
"darkness" 0 0 0 0 0 0 0 0 0.00849834282314949 0 0.0814995925020375 0.0469043151969981 0.041063545837183 0 0 0 0 0 0 0 0 0 0 0 0 0 0 0 0
"decide" 0 0.018875047187618 0 0 0 0 0.0134553283100108 0.00976657876745776 0.00849834282314949 0.012132977432662 0.069856793573175 0.00938086303939963 0 0.0117343346632246 0.0170459388050797 0 0 0 0.00994727941907888 0 0 0 0 0 0 0.0103691414350892 0 0 0
"destroyed" 0.0337002920691979 0 0.0202040610162643 0 0 0 0 0 0 0.012132977432662 0.0814995925020375 0.0187617260787993 0 0 0.00852296940253985 0 0 0 0 0 0 0 0 0.0184229918938836 0 0 0 0 0
"dick" 0 0 0 0 0 0 0 0.00976657876745776 0 0 0 0 0 0 0 0.0923848488847829 0 0 0.0198945588381578 0.0340831629175187 0.073833431777909 0 0 0 0 0 0 0 0
"dude" 0.0674005841383959 0 0 0 0 0.0135538086202223 0 0 0 0 0 0 0 0 0 0 0 0.0585069038146501 0 0 0 0 0 0 0 0 0 0 0.0907441016333938
"dwarf" 0.0112334306897326 0 0 0 0 0 0 0 0 0 0.0582139946443125 0.0844277673545966 0.0205317729185915 0 0 0 0 0 0 0 0 0 0 0 0 0 0 0 0
"foxhole" 0 0 0 0 0 0 0 0 0 0 0 0 0 0 0 0 0 0 0.159156470705262 0.0170415814587594 0 0 0 0 0 0 0 0 0
"foy" 0 0 0 0 0 0 0 0 0 0 0 0 0 0 0 0 0 0 0.169103750124341 0 0 0 0 0 0 0 0 0 0
"grady" 0 0 0 0 0 0 0 0 0 0 0 0 0 0 0 0.224363204434473 0 0 0 0 0 0 0 0 0 0 0 0 0
"heads" 0 0 0 0 0.0136481506755835 0.0135538086202223 0 0.0292997363023733 0 0.012132977432662 0 0 0.0102658864592958 0 0 0 0 0 0.00994727941907888 0 0 0.0139684313451599 0 0.0184229918938836 0.0401284109149278 0.0207382828701783 0.0365697568111172 0 0.0181488203266788
"inbound" 0 0 0 0 0 0 0 0 0.00849834282314949 0 0 0 0 0 0 0 0 0.0702082845775802 0 0 0 0 0 0 0 0 0 0 0.181488203266788
"josef" 0 0 0 0 0 0 0 0 0 0 0 0 0 0 0 0 0 0 0 0 0 0 0.322703113135915 0 0 0 0 0 0
"kdk" 0 0 0 0 0 0 0 0 0 0 0 0 0 0 0 0.224363204434473 0 0 0 0 0 0 0 0 0 0 0 0 0
"kenobi" 0 0 0.171734518638246 0 0 0 0 0 0 0 0 0 0 0 0 0 0 0 0 0 0 0 0 0 0 0 0 0 0
"kiss" 0 0 0 0.0712758374910905 0 0 0.0269106566200215 0.0195331575349155 0 0 0 0 0 0 0.00852296940253985 0 0 0.01170138076293 0 0.0170415814587594 0 0.0139684313451599 0 0 0.0601926163723917 0 0 0 0
"learn" 0 0 0.0303060915243964 0 0 0 0.0134553283100108 0.0195331575349155 0.00849834282314949 0 0.0116427989288625 0.00938086303939963 0 0 0.00852296940253985 0 0.0223563603845294 0.01170138076293 0 0.0170415814587594 0.0147666863555818 0.0279368626903199 0 0 0 0.0103691414350892 0 0 0
"lovely" 0 0.018875047187618 0 0 0.0272963013511669 0.0135538086202223 0 0 0.00849834282314949 0.024265954865324 0.0116427989288625 0.0187617260787993 0 0.0234686693264492 0.0170459388050797 0 0 0 0 0 0.0147666863555818 0 0.0379650721336371 0 0 0 0 0 0
"map" 0.0112334306897326 0.113250283125708 0 0 0 0 0.0134553283100108 0 0 0.012132977432662 0 0 0 0.0117343346632246 0 0 0.0447127207690588 0 0 0 0.0295333727111636 0 0 0 0 0 0.0182848784055586 0.0146391450739277 0.0181488203266788
"meat" 0 0 0 0.0356379187455453 0 0 0 0 0.00849834282314949 0 0.0116427989288625 0.0187617260787993 0.0102658864592958 0 0 0.013197835554969 0 0 0 0 0 0.0419052940354798 0.0189825360668185 0.0184229918938836 0.0200642054574639 0 0.0365697568111172 0 0
"memory" 0.0112334306897326 0 0.0202040610162643 0 0 0 0.0134553283100108 0 0.00849834282314949 0 0.0116427989288625 0.0281425891181989 0.0205317729185915 0 0.0340918776101594 0 0 0 0 0 0 0 0 0 0 0.0207382828701783 0 0 0
"message" 0 0 0.0606121830487928 0 0.0136481506755835 0 0 0.0195331575349155 0 0.012132977432662 0 0 0 0 0 0 0 0.01170138076293 0.00994727941907888 0 0 0 0 0 0.0200642054574639 0.0207382828701783 0 0.0292782901478554 0
"nearly" 0.0224668613794653 0.018875047187618 0 0 0.0272963013511669 0 0.0403659849300323 0 0 0.0363989322979859 0.0116427989288625 0 0 0.0234686693264492 0 0 0 0 0.00994727941907888 0 0 0 0 0 0 0.0207382828701783 0 0 0
"paid" 0.0224668613794653 0 0.0303060915243964 0 0 0 0.0269106566200215 0.0195331575349155 0 0 0 0.00938086303939963 0 0.0469373386528984 0.00852296940253985 0 0 0.01170138076293 0 0 0 0 0 0 0 0 0 0.0146391450739277 0
"picture" 0 0.018875047187618 0 0.0356379187455453 0 0 0 0.0292997363023733 0.0339933712925979 0 0 0 0 0 0 0.013197835554969 0 0 0.00994727941907888 0 0 0.0139684313451599 0 0 0.0200642054574639 0.0103691414350892 0 0 0.0181488203266788
"pieces" 0.0112334306897326 0.113250283125708 0.0101020305081321 0 0 0 0.0134553283100108 0 0 0 0 0 0.0102658864592958 0.0234686693264492 0.00852296940253985 0.013197835554969 0 0 0.00994727941907888 0 0 0.0139684313451599 0.0189825360668185 0 0 0 0 0 0
"playing" 0 0 0.0101020305081321 0.0118793062485151 0 0.0135538086202223 0.0134553283100108 0.0195331575349155 0.016996685646299 0.0363989322979859 0 0 0 0 0.00852296940253985 0 0 0.01170138076293 0.00994727941907888 0 0.0147666863555818 0 0 0 0 0 0.0365697568111172 0 0
"prepare" 0 0 0.0101020305081321 0 0.0136481506755835 0.0135538086202223 0 0 0.00849834282314949 0 0 0.00938086303939963 0.0307976593778873 0.0117343346632246 0 0 0.0223563603845294 0.01170138076293 0 0 0.0295333727111636 0.0139684313451599 0 0 0 0 0 0.0146391450739277 0.0362976406533575
"ran" 0 0 0.0101020305081321 0.0118793062485151 0.0272963013511669 0.0271076172404446 0 0 0.016996685646299 0.012132977432662 0 0.00938086303939963 0 0 0.00852296940253985 0.013197835554969 0 0 0 0 0.0147666863555818 0.0139684313451599 0.0189825360668185 0 0 0.0103691414350892 0 0 0.0181488203266788
"release" 0 0 0.0202040610162643 0.0237586124970302 0 0 0 0.00976657876745776 0 0 0 0.0375234521575985 0.0513294322964788 0.0117343346632246 0 0 0 0 0 0 0 0 0 0.0184229918938836 0 0 0 0.0146391450739277 0
"respect" 0.0112334306897326 0 0 0.0118793062485151 0 0 0.0269106566200215 0.0683660513722043 0.00849834282314949 0 0 0 0 0 0 0 0 0.0234027615258601 0.0198945588381578 0 0 0 0 0 0 0 0.0182848784055586 0 0
"robin" 0 0 0 0 0.232018561484919 0 0 0 0 0 0 0 0 0 0 0 0 0 0 0 0 0 0 0 0 0 0 0 0
"roll" 0 0 0 0.0475172249940603 0 0 0 0 0 0 0 0 0.0102658864592958 0 0 0 0 0.0234027615258601 0 0.0511247443762781 0.0295333727111636 0.0279368626903199 0 0 0 0 0.0365697568111172 0 0.0181488203266788
"rule" 0 0 0 0 0 0 0.0672766415500538 0 0 0 0.04657119571545 0.00938086303939963 0.0307976593778873 0 0 0.026395671109938 0 0 0 0 0 0 0.0379650721336371 0 0 0 0 0 0
"silly" 0 0 0 0.0118793062485151 0.109185205404668 0 0.0134553283100108 0 0 0.012132977432662 0 0 0.0102658864592958 0 0.00852296940253985 0.013197835554969 0 0 0 0 0 0 0.0189825360668185 0 0 0 0.0182848784055586 0 0.0181488203266788
"slow" 0.0337002920691979 0 0 0.0237586124970302 0 0 0 0 0.00849834282314949 0 0 0.0187617260787993 0.0102658864592958 0 0.00852296940253985 0.013197835554969 0 0.0351041422887901 0 0 0.0147666863555818 0.0139684313451599 0.0189825360668185 0 0 0 0 0 0
"snape" 0 0 0 0 0 0 0 0 0 0.206260616355254 0 0 0 0 0 0 0 0 0 0 0 0 0 0 0 0 0 0 0
"spent" 0 0.018875047187618 0 0 0 0 0.0269106566200215 0.00976657876745776 0 0 0.0349283967865875 0.00938086303939963 0.0102658864592958 0.0234686693264492 0 0 0 0 0.0298418382572366 0 0 0 0.0569476082004556 0 0 0 0 0 0
"thankyou" 0 0 0 0 0 0 0 0 0.144471827993541 0 0 0 0 0 0 0 0 0 0 0 0 0 0 0 0 0 0 0 0
"tired" 0.0112334306897326 0 0.0101020305081321 0 0.0136481506755835 0 0.0403659849300323 0.039066315069831 0.00849834282314949 0.012132977432662 0 0 0 0 0 0.026395671109938 0.0447127207690588 0 0 0 0 0 0 0 0 0.0103691414350892 0 0 0
"tirith" 0 0 0 0 0 0 0 0 0 0 0 0 0.174520069808028 0 0 0 0 0 0 0 0 0 0 0 0 0 0 0 0
"titanic" 0 0 0 0 0 0 0 0 0.144471827993541 0 0 0 0 0 0 0 0 0 0 0 0 0 0 0 0 0 0 0 0
"travel" 0 0.018875047187618 0.0101020305081321 0.0475172249940603 0 0.0135538086202223 0 0 0.0254950284694485 0 0.023285597857725 0.00938086303939963 0 0 0 0.013197835554969 0 0 0 0 0 0 0 0 0 0.0103691414350892 0 0.0292782901478554 0
"v" 0 0 0 0 0 0 0 0 0 0.0363989322979859 0 0 0 0 0 0 0 0 0 0.0170415814587594 0 0.153652744796759 0 0 0 0.0103691414350892 0 0.0146391450739277 0
"waste" 0.0112334306897326 0.0377500943752359 0.0101020305081321 0 0.0136481506755835 0 0 0 0.016996685646299 0.012132977432662 0 0 0.0102658864592958 0.0352030039896738 0 0 0 0 0 0 0 0.0419052940354798 0 0 0.0200642054574639 0.0103691414350892 0 0 0
"watching" 0.0224668613794653 0 0 0 0 0 0.0134553283100108 0 0 0.012132977432662 0.0116427989288625 0.0281425891181989 0.0102658864592958 0.0234686693264492 0 0 0.0223563603845294 0 0.0198945588381578 0 0 0.0139684313451599 0 0.0184229918938836 0 0.0103691414350892 0 0 0
"wonderful" 0.0112334306897326 0 0.0303060915243964 0 0.0136481506755835 0.0135538086202223 0 0 0.00849834282314949 0.024265954865324 0.023285597857725 0 0 0.0117343346632246 0 0.013197835554969 0 0 0 0 0 0 0.0379650721336371 0 0 0 0 0.0292782901478554 0
"wound" 0 0 0 0 0.0136481506755835 0 0.0134553283100108 0 0 0 0.0116427989288625 0.00938086303939963 0 0 0 0 0 0.0585069038146501 0.0298418382572366 0 0.0147666863555818 0 0.0569476082004556 0 0 0.0103691414350892 0 0 0
"zero" 0 0 0 0.0237586124970302 0 0 0 0 0 0 0 0 0 0 0 0.013197835554969 0 0 0 0 0 0 0 0.0184229918938836 0 0 0 0 0.235934664246824
"-what^s" 0 0 0.0505101525406607 0 0 0 0 0 0 0 0 0.0187617260787993 0 0 0 0 0 0.0351041422887901 0 0.0340831629175187 0 0.0279368626903199 0 0 0 0 0 0.0292782901478554 0
"-yeah" 0 0 0.0303060915243964 0 0 0 0 0 0 0 0 0 0 0 0 0 0 0.0468055230517201 0 0.119291070211316 0 0 0 0 0 0 0 0.0292782901478554 0
"accident" 0 0 0 0 0 0.0406614258606668 0 0.0195331575349155 0.0254950284694485 0.012132977432662 0 0 0 0.0117343346632246 0 0.026395671109938 0 0.01170138076293 0.00994727941907888 0 0 0 0 0 0 0 0.0182848784055586 0.0146391450739277 0
"artillery" 0 0 0 0 0 0 0 0 0 0 0 0 0 0 0 0 0 0 0.0497363970953944 0.0340831629175187 0.0147666863555818 0 0 0 0.0401284109149278 0.0103691414350892 0.0731395136222344 0.0146391450739277 0
"babe" 0 0 0 0 0 0 0 0 0.00849834282314949 0 0 0 0 0 0 0.013197835554969 0 0.01170138076293 0.0795782353526311 0.0852079072937969 0 0 0 0 0 0 0 0 0
"bag" 0 0 0 0 0 0.0135538086202223 0 0 0 0 0.0116427989288625 0 0.0102658864592958 0 0 0 0 0 0 0 0.073833431777909 0 0 0.0184229918938836 0 0 0.0182848784055586 0 0.108892921960073
"bastard" 0 0 0 0.0118793062485151 0.0136481506755835 0 0 0.0292997363023733 0.0254950284694485 0 0 0 0 0.0117343346632246 0 0 0 0 0.00994727941907888 0 0.0147666863555818 0 0 0 0.0200642054574639 0.0207382828701783 0.0365697568111172 0 0
"belongs" 0 0 0.0303060915243964 0 0 0 0 0 0.016996685646299 0.012132977432662 0.0116427989288625 0.0281425891181989 0 0 0 0 0.0223563603845294 0 0 0 0 0.0279368626903199 0.0379650721336371 0 0 0 0.0182848784055586 0 0
"blade" 0.0112334306897326 0 0 0 0 0 0.0134553283100108 0 0.00849834282314949 0 0.0349283967865875 0.00938086303939963 0.0615953187557746 0.0352030039896738 0 0 0 0 0 0 0 0 0 0 0 0 0 0 0
"bottom" 0 0 0 0 0.0272963013511669 0 0.0134553283100108 0 0.0339933712925979 0 0 0.0187617260787993 0 0.0117343346632246 0.0170459388050797 0 0 0 0 0 0 0 0 0.0184229918938836 0 0.0103691414350892 0 0.0146391450739277 0.0181488203266788
"bull" 0 0 0 0 0 0.0135538086202223 0 0 0 0 0 0 0 0 0 0 0 0 0.0397891176763155 0.187457396046353 0 0 0 0 0 0 0 0 0
"busy" 0 0 0.0101020305081321 0 0.0272963013511669 0.0135538086202223 0.0269106566200215 0.00976657876745776 0.00849834282314949 0 0 0 0 0 0 0.026395671109938 0.0447127207690588 0.01170138076293 0.00994727941907888 0 0 0 0.0189825360668185 0 0 0 0 0.0146391450739277 0
"closer" 0 0 0 0 0 0 0.0134553283100108 0 0.0254950284694485 0 0 0.0281425891181989 0.0205317729185915 0.0117343346632246 0.0255689082076195 0 0 0.01170138076293 0 0 0 0 0 0 0 0 0.0365697568111172 0 0
"completely" 0 0 0 0.0237586124970302 0.0136481506755835 0 0 0.00976657876745776 0.00849834282314949 0 0 0 0 0.0117343346632246 0.0255689082076195 0.0527913422198759 0.0223563603845294 0 0 0 0 0 0.0189825360668185 0 0 0 0.0182848784055586 0 0
"covering" 0 0 0 0 0 0 0 0 0 0 0 0.00938086303939963 0 0 0 0 0 0 0.0298418382572366 0 0.103366804489073 0 0 0 0.0200642054574639 0.0207382828701783 0.0182848784055586 0 0.0181488203266788
"darling" 0 0 0 0.0237586124970302 0 0 0 0 0.0424917141157474 0.024265954865324 0 0 0 0.0234686693264492 0.00852296940253985 0.026395671109938 0 0 0 0.0170415814587594 0 0.0139684313451599 0 0 0 0 0 0 0
"decided" 0 0 0 0.0118793062485151 0.0136481506755835 0.0135538086202223 0 0.00976657876745776 0.00849834282314949 0.012132977432662 0 0.0187617260787993 0.0205317729185915 0 0.00852296940253985 0 0 0.01170138076293 0.00994727941907888 0.0170415814587594 0.0147666863555818 0 0 0.0184229918938836 0 0 0 0 0
"doom" 0 0 0 0 0 0 0 0 0 0 0.104785190359762 0.0187617260787993 0.0513294322964788 0 0 0 0 0 0 0 0 0 0 0 0 0 0 0 0
"dragon" 0 0 0 0 0.0136481506755835 0 0 0 0 0.0727978645959718 0.04657119571545 0 0.0307976593778873 0 0 0 0 0.01170138076293 0 0 0 0 0 0 0 0 0 0 0.0181488203266788
"droids" 0 0 0.161632488130114 0 0 0 0 0 0 0 0 0 0 0 0 0 0 0 0 0 0 0 0 0 0 0 0 0 0
"especially" 0 0 0 0 0 0 0 0.00976657876745776 0 0.024265954865324 0.0116427989288625 0.00938086303939963 0 0 0 0.013197835554969 0 0 0.0497363970953944 0 0 0 0 0.0184229918938836 0 0.0311074243052675 0.0182848784055586 0 0
"excellent" 0 0 0 0 0 0 0 0 0.016996685646299 0 0.0116427989288625 0 0 0.0234686693264492 0.0170459388050797 0 0 0 0.0198945588381578 0.0170415814587594 0 0 0.0949126803340926 0 0 0.0103691414350892 0 0 0
"explain" 0 0 0.0101020305081321 0.0118793062485151 0.0409444520267504 0.0271076172404446 0 0 0 0.024265954865324 0 0 0.0102658864592958 0 0.0170459388050797 0.026395671109938 0 0.01170138076293 0 0 0 0 0 0 0 0.0103691414350892 0 0 0
"families" 0.0337002920691979 0 0 0 0 0 0 0.0976657876745776 0 0.012132977432662 0 0 0 0 0 0 0 0 0 0 0 0 0 0.0184229918938836 0 0.0103691414350892 0 0 0
"favorite" 0.0112334306897326 0 0 0.0118793062485151 0.0409444520267504 0.0542152344808891 0 0 0 0 0 0.00938086303939963 0 0 0 0.026395671109938 0 0 0.00994727941907888 0.0170415814587594 0 0.0139684313451599 0 0.0184229918938836 0 0 0 0 0
"felt" 0 0 0.0303060915243964 0.0237586124970302 0.0136481506755835 0 0.0269106566200215 0 0.016996685646299 0.012132977432662 0 0.00938086303939963 0 0 0 0 0 0 0.0198945588381578 0 0 0 0 0 0 0.0207382828701783 0 0 0
"godfather" 0 0 0 0 0 0 0 0.136732102744409 0 0 0 0 0 0 0.0170459388050797 0 0 0 0 0 0 0 0 0 0 0 0 0 0
"gryffindor" 0 0 0 0 0 0 0 0 0 0.194127638922592 0 0 0 0 0 0 0 0 0 0 0 0 0 0 0 0 0 0 0
"heir" 0 0 0.0101020305081321 0 0 0 0.0269106566200215 0 0.00849834282314949 0 0.0349283967865875 0.0281425891181989 0.041063545837183 0 0.0170459388050797 0 0 0 0 0 0 0 0 0 0 0 0 0 0
"hermione" 0 0 0 0 0 0 0 0 0 0.194127638922592 0 0 0 0 0 0 0 0 0 0 0 0 0 0 0 0 0 0 0
"hook" 0 0 0 0.0475172249940603 0 0 0 0.00976657876745776 0.00849834282314949 0 0 0 0 0.0117343346632246 0 0 0 0.01170138076293 0 0 0.0147666863555818 0 0 0.0184229918938836 0.0200642054574639 0.0207382828701783 0 0 0.0544464609800363
"horse" 0 0 0 0 0.0136481506755835 0 0.0269106566200215 0.00976657876745776 0 0 0 0.0469043151969981 0 0.0234686693264492 0 0 0 0 0.0198945588381578 0 0 0.0279368626903199 0 0 0 0 0.0182848784055586 0 0
"incoming" 0.0337002920691979 0 0 0 0 0.0135538086202223 0 0 0 0 0 0 0 0 0 0 0 0.0234027615258601 0.0298418382572366 0.0170415814587594 0.0590667454223272 0.0279368626903199 0 0 0 0 0 0 0
"kay" 0 0 0 0 0 0 0 0.156265260279324 0 0 0 0 0 0 0 0 0 0 0 0 0 0 0 0 0 0 0 0 0
"key" 0 0 0 0 0 0 0 0.00976657876745776 0.0254950284694485 0.0363989322979859 0 0.00938086303939963 0.0102658864592958 0 0.00852296940253985 0 0.0670690811535882 0.01170138076293 0.00994727941907888 0.0170415814587594 0 0 0 0 0 0 0 0 0
"lancelot" 0 0 0 0 0.218370410809335 0 0 0 0 0 0 0 0 0 0 0 0 0 0 0 0 0 0 0 0 0 0 0 0
"lights" 0 0 0 0 0 0.0135538086202223 0 0 0.00849834282314949 0 0.0116427989288625 0.0187617260787993 0.0205317729185915 0 0 0.026395671109938 0.0894254415381176 0 0 0 0.0147666863555818 0.0139684313451599 0 0 0 0 0 0.0146391450739277 0
"middle-earth" 0 0 0 0 0 0 0 0 0 0 0.069856793573175 0.0375234521575985 0.0615953187557746 0 0 0 0 0 0 0 0 0 0 0 0 0 0 0 0
"nasty" 0 0.0377500943752359 0 0 0.0409444520267504 0 0 0 0 0.024265954865324 0 0.0281425891181989 0.041063545837183 0 0 0 0.0223563603845294 0 0 0 0 0 0.0189825360668185 0 0 0 0 0 0
"ni" 0 0 0 0 0.218370410809335 0 0 0 0 0 0 0 0 0 0 0 0 0 0 0 0 0 0 0 0 0 0 0 0
"obi-wan" 0 0 0.161632488130114 0 0 0 0 0 0 0 0 0 0 0 0 0 0 0 0 0 0 0 0 0 0 0 0 0 0
"ours" 0 0 0 0 0.0272963013511669 0 0 0 0 0 0 0.00938086303939963 0.041063545837183 0.0234686693264492 0 0 0.0223563603845294 0 0.0198945588381578 0 0.0147666863555818 0.0139684313451599 0 0 0.0200642054574639 0 0.0182848784055586 0 0
"p" 0 0 0 0.0118793062485151 0 0 0 0 0 0 0 0 0 0 0 0 0 0 0 0 0 0.0419052940354798 0.0189825360668185 0.0736919675755343 0.140449438202247 0 0 0 0
"person" 0.0112334306897326 0 0.0303060915243964 0 0.0409444520267504 0 0 0 0.016996685646299 0.024265954865324 0.0116427989288625 0 0 0.0117343346632246 0 0 0 0 0.00994727941907888 0.0170415814587594 0 0.0139684313451599 0 0 0 0 0 0 0
"picked" 0 0 0.0303060915243964 0.0237586124970302 0 0.0271076172404446 0 0.00976657876745776 0 0 0.0116427989288625 0.0187617260787993 0 0 0 0 0 0 0.00994727941907888 0.0170415814587594 0 0 0 0 0 0.0103691414350892 0 0.0292782901478554 0
"pilot" 0 0 0.0505101525406607 0 0 0 0 0 0 0 0 0 0 0 0 0 0.0447127207690588 0.0234027615258601 0 0 0.0147666863555818 0 0.0759301442672741 0 0 0.0207382828701783 0 0 0
"pocket" 0.0112334306897326 0 0 0 0 0.0135538086202223 0 0.0292997363023733 0.0339933712925979 0.012132977432662 0.023285597857725 0 0 0 0 0 0 0 0 0 0 0 0 0 0 0 0.0365697568111172 0 0.0362976406533575
"police" 0 0 0 0 0 0 0 0.117198945209493 0 0 0 0 0 0 0.00852296940253985 0.013197835554969 0 0 0 0 0.0147666863555818 0.0139684313451599 0 0 0 0 0 0 0
"powerful" 0.0337002920691979 0 0.0202040610162643 0.0118793062485151 0 0 0.0269106566200215 0.0195331575349155 0 0 0.0116427989288625 0 0 0 0.0426148470126992 0 0 0 0 0 0 0 0 0 0 0 0 0 0
"profane" 0 0 0 0 0.0136481506755835 0 0 0 0 0 0 0 0 0 0 0 0 0 0 0 0 0 0 0 0 0 0 0 0.272232304900181
"rangers" 0 0 0 0 0 0 0 0 0 0 0.0116427989288625 0.0187617260787993 0 0 0 0.013197835554969 0 0.0819096653405102 0 0 0 0 0 0 0 0.0311074243052675 0 0.0292782901478554 0
"regret" 0.0224668613794653 0.018875047187618 0.0202040610162643 0.0237586124970302 0 0 0 0 0 0 0.0116427989288625 0.00938086303939963 0.0102658864592958 0 0.0426148470126992 0 0 0 0 0 0 0.0139684313451599 0 0 0 0 0 0 0
"robert" 0 0 0 0 0 0 0 0 0 0 0 0 0 0 0.110798602233018 0 0 0 0 0 0 0 0.0379650721336371 0 0.0200642054574639 0 0 0 0
"ron" 0 0 0 0 0 0 0 0 0 0.194127638922592 0 0 0 0 0 0 0 0 0 0 0 0 0 0 0 0 0 0 0
"senator" 0 0 0 0 0 0 0.17491926803014 0.0292997363023733 0 0 0 0 0 0 0 0 0 0 0 0 0 0 0 0 0 0 0 0 0
"serve" 0.0224668613794653 0 0.0101020305081321 0 0 0 0.0403659849300323 0 0 0 0.0116427989288625 0.0187617260787993 0.0102658864592958 0.0117343346632246 0 0 0 0 0 0 0 0.0279368626903199 0.0189825360668185 0.0184229918938836 0 0 0 0.0146391450739277 0
"sitting" 0 0 0 0 0 0.0135538086202223 0 0 0.016996685646299 0 0 0.00938086303939963 0.0102658864592958 0 0.00852296940253985 0 0 0.01170138076293 0.0298418382572366 0.0170415814587594 0 0 0.0189825360668185 0.0184229918938836 0 0 0.0182848784055586 0.0292782901478554 0
"sounds" 0 0 0.0101020305081321 0.0118793062485151 0 0.0271076172404446 0 0 0.00849834282314949 0.012132977432662 0 0.00938086303939963 0 0.0117343346632246 0 0.026395671109938 0 0.01170138076293 0 0 0.0295333727111636 0.0139684313451599 0 0 0.0200642054574639 0 0 0 0.0181488203266788
"square" 0 0 0 0.0118793062485151 0 0 0 0.00976657876745776 0 0.012132977432662 0 0 0 0.0234686693264492 0.00852296940253985 0 0 0 0 0 0 0.0279368626903199 0.0189825360668185 0.0184229918938836 0 0.0414765657403567 0 0.0292782901478554 0
"stars" 0 0 0 0.0118793062485151 0 0.0135538086202223 0 0.00976657876745776 0.00849834282314949 0 0 0.00938086303939963 0.041063545837183 0 0 0.013197835554969 0 0 0 0 0 0.0419052940354798 0 0 0 0.0103691414350892 0.0182848784055586 0.0146391450739277 0
"stones" 0.157268029656257 0 0 0 0 0 0 0 0 0 0 0.00938086303939963 0 0.0117343346632246 0 0 0 0 0 0 0 0 0 0 0 0 0 0 0
"trained" 0 0.018875047187618 0 0 0 0 0 0.00976657876745776 0 0.024265954865324 0 0 0 0.0117343346632246 0.0255689082076195 0 0 0.0468055230517201 0.00994727941907888 0 0.0443000590667454 0 0 0 0 0 0 0 0
"turns" 0.0112334306897326 0 0 0 0.0136481506755835 0 0 0 0.00849834282314949 0.024265954865324 0.0116427989288625 0.00938086303939963 0.0102658864592958 0.0234686693264492 0.00852296940253985 0 0 0.01170138076293 0.0198945588381578 0 0 0 0.0189825360668185 0 0 0.0103691414350892 0 0 0
"wise" 0 0 0.0202040610162643 0 0.0272963013511669 0 0.0134553283100108 0 0 0.012132977432662 0.04657119571545 0 0.0102658864592958 0.0117343346632246 0 0.026395671109938 0 0 0.00994727941907888 0 0 0 0 0 0 0 0.0182848784055586 0 0
"worked" 0 0 0.0101020305081321 0.0237586124970302 0.0136481506755835 0 0 0.0195331575349155 0.00849834282314949 0.012132977432662 0 0 0 0.0117343346632246 0.0170459388050797 0 0.0223563603845294 0 0 0 0 0 0 0.0184229918938836 0 0.0207382828701783 0.0182848784055586 0 0
"writing" 0 0 0 0.0237586124970302 0.0136481506755835 0 0 0.0195331575349155 0 0.012132977432662 0.0116427989288625 0 0 0 0 0.039593506664907 0 0 0 0 0 0 0 0.0184229918938836 0.0200642054574639 0 0.0182848784055586 0.043917435221783 0
"york" 0.0449337227589306 0 0 0 0 0 0 0.0781326301396621 0.00849834282314949 0 0 0 0 0 0 0 0 0 0 0 0 0 0 0.0368459837877671 0 0.0103691414350892 0 0 0
"-why" 0 0 0.0303060915243964 0 0 0 0 0 0.00849834282314949 0 0.0349283967865875 0.0375234521575985 0 0 0 0 0 0.01170138076293 0 0 0 0.0419052940354798 0 0 0 0 0 0 0
"aaah" 0 0 0.0101020305081321 0 0.0136481506755835 0.17619951206289 0 0 0 0 0 0 0 0 0 0 0 0 0 0 0 0 0 0 0 0 0 0 0
"age" 0 0 0.0101020305081321 0.0118793062485151 0 0 0 0 0.00849834282314949 0 0.04657119571545 0.0281425891181989 0.0307976593778873 0.0117343346632246 0 0 0 0 0 0 0 0 0 0 0 0 0 0 0.0181488203266788
"alpha" 0 0 0 0 0 0.0135538086202223 0 0 0 0 0 0 0 0 0 0 0 0 0 0 0 0 0 0 0 0 0 0 0.254083484573503
"armies" 0 0 0 0 0 0 0.0269106566200215 0 0 0 0.0116427989288625 0.0375234521575985 0.0615953187557746 0.0234686693264492 0 0 0 0 0 0 0 0 0 0 0 0 0 0 0
"b" 0 0 0 0.0475172249940603 0 0 0 0 0.016996685646299 0 0 0 0 0 0 0 0.0223563603845294 0 0 0 0 0.0139684313451599 0 0.0552689756816507 0.0200642054574639 0.0207382828701783 0 0.0146391450739277 0
"barbossa" 0 0 0 0 0 0 0 0 0 0 0 0 0 0.176015019948369 0 0 0 0 0 0 0 0 0 0 0 0 0 0 0
"below" 0 0 0.0101020305081321 0 0 0 0 0 0.016996685646299 0 0 0 0 0.0234686693264492 0.0255689082076195 0.013197835554969 0.0447127207690588 0 0 0 0 0 0 0 0.0401284109149278 0.0103691414350892 0 0.0146391450739277 0
"body" 0 0 0.0202040610162643 0 0.0136481506755835 0 0 0 0.016996685646299 0.012132977432662 0 0 0.0102658864592958 0 0.00852296940253985 0 0 0.01170138076293 0 0.0170415814587594 0 0.0419052940354798 0 0 0 0.0207382828701783 0 0 0
"boots" 0 0 0 0 0 0.0135538086202223 0 0 0 0 0 0 0 0.0117343346632246 0 0 0 0.01170138076293 0.0497363970953944 0.0170415814587594 0 0 0 0.0184229918938836 0.0200642054574639 0 0.0365697568111172 0.0292782901478554 0
"bound" 0 0 0 0 0 0 0 0 0 0 0.0582139946443125 0.0375234521575985 0.0102658864592958 0.0234686693264492 0 0 0 0 0.0198945588381578 0 0 0 0 0 0 0.0103691414350892 0 0 0
"burning" 0.0112334306897326 0.018875047187618 0 0 0 0 0 0 0 0.012132977432662 0 0.0187617260787993 0.0513294322964788 0.0117343346632246 0 0 0 0.0234027615258601 0 0 0 0 0 0 0 0 0.0182848784055586 0 0.0181488203266788
"caught" 0.0112334306897326 0 0.0101020305081321 0.0118793062485151 0 0 0 0 0 0.012132977432662 0.04657119571545 0.0187617260787993 0.0102658864592958 0.0234686693264492 0 0 0.0223563603845294 0 0 0 0.0147666863555818 0 0 0 0 0 0 0 0
"choose" 0.0224668613794653 0 0.0101020305081321 0 0 0 0.0134553283100108 0 0 0.012132977432662 0.0116427989288625 0 0.0102658864592958 0 0.0596607858177789 0 0 0.01170138076293 0 0 0 0 0 0 0 0 0 0 0
"complete" 0 0 0.0303060915243964 0 0 0.0135538086202223 0 0 0 0 0 0 0 0.0117343346632246 0.0170459388050797 0.026395671109938 0 0.01170138076293 0 0 0.0295333727111636 0 0 0 0.0200642054574639 0.0103691414350892 0 0 0.0181488203266788
"defend" 0 0 0 0 0 0 0 0 0 0 0.0116427989288625 0.0562851782363977 0.041063545837183 0 0.0170459388050797 0 0 0 0 0.0170415814587594 0.0147666863555818 0 0 0 0 0 0 0 0
"diamond" 0 0 0 0 0 0 0.0269106566200215 0 0.110478456700943 0 0 0 0 0 0 0 0 0 0 0 0 0 0 0 0 0 0 0 0
"difference" 0 0 0 0.0118793062485151 0 0.0135538086202223 0.0134553283100108 0.00976657876745776 0.00849834282314949 0.012132977432662 0 0 0 0 0.00852296940253985 0 0 0.0351041422887901 0.0198945588381578 0.0170415814587594 0 0 0 0.0184229918938836 0 0 0 0.0146391450739277 0
"dig" 0 0.0377500943752359 0.0101020305081321 0 0 0 0 0 0 0 0 0.00938086303939963 0.0102658864592958 0 0 0 0.0447127207690588 0 0.0198945588381578 0.0340831629175187 0 0 0 0.0368459837877671 0.0200642054574639 0.0103691414350892 0 0 0
"everything^s" 0 0 0.0101020305081321 0.0118793062485151 0 0.0135538086202223 0 0 0.00849834282314949 0 0 0 0 0.0117343346632246 0 0.0527913422198759 0 0.0234027615258601 0 0 0.0295333727111636 0 0 0 0.0401284109149278 0 0 0 0
"falling" 0 0.018875047187618 0 0 0 0.0271076172404446 0 0 0 0 0.0116427989288625 0.00938086303939963 0.0307976593778873 0 0.0170459388050797 0 0 0 0 0.0170415814587594 0 0 0 0 0.0200642054574639 0.0311074243052675 0 0 0
"forces" 0 0 0 0 0 0 0 0 0 0 0.04657119571545 0.00938086303939963 0 0 0.00852296940253985 0 0 0.0468055230517201 0 0 0 0.0279368626903199 0 0 0.0200642054574639 0 0.0182848784055586 0.0146391450739277 0
"forgive" 0 0 0 0 0.0136481506755835 0 0.0134553283100108 0.0195331575349155 0.016996685646299 0 0 0.0187617260787993 0.0102658864592958 0.0117343346632246 0.0170459388050797 0 0 0 0 0 0 0 0 0 0 0 0.0548546352166758 0 0
"forgotten" 0 0.018875047187618 0.0101020305081321 0 0 0.0135538086202223 0.0269106566200215 0 0 0.024265954865324 0.0349283967865875 0 0.0205317729185915 0 0 0 0 0.01170138076293 0 0 0.0147666863555818 0 0 0 0 0 0.0182848784055586 0 0
"gates" 0 0 0 0 0 0 0.0672766415500538 0.00976657876745776 0.0339933712925979 0 0.023285597857725 0 0.0102658864592958 0 0 0 0 0 0 0 0 0 0 0 0 0.0207382828701783 0 0 0
"goodbye" 0 0 0 0 0 0 0 0 0 0.0363989322979859 0.0349283967865875 0 0 0.0234686693264492 0 0 0 0 0.00994727941907888 0.0340831629175187 0 0 0 0.0184229918938836 0 0 0.0182848784055586 0.0146391450739277 0.0181488203266788
"grey" 0 0 0 0 0 0 0 0 0 0 0.0349283967865875 0.0375234521575985 0.041063545837183 0 0 0 0 0.01170138076293 0 0 0 0 0 0 0.0601926163723917 0 0 0 0
"hat" 0 0 0 0 0.0136481506755835 0.094876660341556 0 0.00976657876745776 0 0.012132977432662 0.0116427989288625 0 0 0.0352030039896738 0 0 0 0 0 0.0170415814587594 0 0 0 0 0 0 0 0 0
"hitler" 0 0.018875047187618 0 0 0 0 0 0.00976657876745776 0 0 0 0 0 0 0 0 0 0 0.00994727941907888 0.0170415814587594 0 0 0.0759301442672741 0.0184229918938836 0 0.0414765657403567 0.0365697568111172 0 0
"hundred" 0 0 0 0 0 0 0.0269106566200215 0 0 0.012132977432662 0.0116427989288625 0.00938086303939963 0 0.0234686693264492 0 0 0 0.0234027615258601 0 0 0 0 0 0 0.0200642054574639 0.0103691414350892 0.0182848784055586 0.043917435221783 0
"immediately" 0 0.0377500943752359 0.0202040610162643 0 0.0136481506755835 0 0 0.00976657876745776 0.00849834282314949 0.012132977432662 0 0 0 0.0117343346632246 0 0 0 0.01170138076293 0 0 0.0147666863555818 0 0 0 0 0 0.0731395136222344 0 0
"indeed" 0 0 0.0101020305081321 0.0118793062485151 0.0136481506755835 0 0 0 0.00849834282314949 0 0.023285597857725 0.0281425891181989 0.0102658864592958 0.0117343346632246 0 0.026395671109938 0 0 0 0 0 0 0.0379650721336371 0 0 0 0 0 0
"kidding" 0.0112334306897326 0.018875047187618 0.0101020305081321 0 0 0.0135538086202223 0 0 0 0 0 0 0 0 0 0 0.0223563603845294 0.01170138076293 0.0198945588381578 0.0340831629175187 0.0443000590667454 0 0 0 0.0200642054574639 0 0 0.0146391450739277 0
"led" 0 0.018875047187618 0.0101020305081321 0 0 0 0 0 0 0 0.0116427989288625 0.0469043151969981 0.0205317729185915 0.0117343346632246 0 0 0 0 0.0198945588381578 0 0 0 0 0 0 0.0103691414350892 0 0.0146391450739277 0
"liar" 0 0 0 0 0.0136481506755835 0.0135538086202223 0 0 0.0254950284694485 0.012132977432662 0 0.00938086303939963 0.0307976593778873 0 0 0 0 0 0 0 0 0 0.0759301442672741 0 0.0200642054574639 0 0 0 0
"lightning" 0 0.018875047187618 0 0.106913756236636 0 0 0 0.00976657876745776 0 0 0 0 0 0 0 0 0 0 0.0198945588381578 0.0340831629175187 0 0 0 0 0 0 0 0 0
"luca" 0 0 0 0 0 0 0 0.146498681511866 0 0 0 0 0 0 0 0 0 0 0 0 0 0 0 0 0 0 0 0 0
"m" 0.0224668613794653 0 0 0.0593965312425754 0 0.0135538086202223 0 0 0.016996685646299 0 0 0 0 0 0 0 0 0 0 0 0 0.0139684313451599 0 0.0184229918938836 0 0 0.0365697568111172 0 0.0181488203266788
"marcus" 0 0.0943752359380898 0 0 0 0 0.121097954790097 0 0 0.012132977432662 0 0 0 0 0 0 0 0 0 0 0 0 0 0 0 0 0 0 0
"million" 0 0 0.0202040610162643 0.0118793062485151 0 0 0 0.039066315069831 0 0 0 0 0 0 0.00852296940253985 0 0.0447127207690588 0 0 0 0 0.0139684313451599 0 0 0 0 0.0182848784055586 0.043917435221783 0
"mountains" 0 0.018875047187618 0 0 0 0 0 0 0 0 0.0582139946443125 0.0562851782363977 0.0102658864592958 0 0 0.013197835554969 0 0 0 0 0 0 0 0 0 0 0 0.0146391450739277 0
"named" 0.0224668613794653 0 0.0202040610162643 0.0118793062485151 0.0136481506755835 0 0 0 0.016996685646299 0.012132977432662 0 0 0 0.0234686693264492 0 0.013197835554969 0 0 0 0 0.0147666863555818 0.0139684313451599 0 0 0 0.0103691414350892 0 0 0
"names" 0.0337002920691979 0 0 0.0118793062485151 0.0272963013511669 0 0 0.00976657876745776 0 0 0 0.0187617260787993 0.0205317729185915 0 0 0 0 0 0 0 0 0.0279368626903199 0.0189825360668185 0 0 0.0103691414350892 0 0 0
"neck" 0 0 0.0202040610162643 0 0 0 0 0 0.016996685646299 0 0 0.0187617260787993 0.0102658864592958 0.0117343346632246 0 0.039593506664907 0 0 0.00994727941907888 0.0170415814587594 0 0.0139684313451599 0.0189825360668185 0 0 0 0 0 0
"nose" 0 0 0 0 0.0682407533779173 0.0135538086202223 0 0.00976657876745776 0 0.012132977432662 0.023285597857725 0 0 0 0.00852296940253985 0 0 0 0.00994727941907888 0.0170415814587594 0 0.0139684313451599 0 0 0 0 0.0182848784055586 0 0
"nuts" 0 0 0 0.0118793062485151 0 0 0 0 0 0 0 0 0 0 0 0 0 0 0.0994727941907888 0.0170415814587594 0 0 0 0 0 0.0103691414350892 0.0365697568111172 0 0
"ofcourse" 0 0 0 0 0 0 0 0 0.127475142347242 0 0 0 0 0 0 0 0 0 0 0 0 0 0 0 0 0 0 0 0
"path" 0.0112334306897326 0 0.0202040610162643 0 0.0272963013511669 0 0 0 0.00849834282314949 0.012132977432662 0.0116427989288625 0.0187617260787993 0.041063545837183 0.0117343346632246 0 0 0 0 0 0 0 0 0 0 0 0 0 0 0
"plant" 0 0 0 0 0 0 0 0.00976657876745776 0 0.012132977432662 0.0116427989288625 0.00938086303939963 0 0 0.0511378164152391 0 0.0223563603845294 0 0 0 0.0147666863555818 0 0 0.0184229918938836 0.0200642054574639 0 0.0182848784055586 0 0
"pleasure" 0 0 0.0101020305081321 0.0118793062485151 0 0 0.0269106566200215 0 0.0339933712925979 0.012132977432662 0 0 0 0 0.00852296940253985 0.026395671109938 0 0 0.00994727941907888 0 0 0 0.0189825360668185 0 0 0.0103691414350892 0 0 0
"promised" 0.0224668613794653 0 0 0 0 0 0 0.00976657876745776 0 0 0 0.00938086303939963 0.0205317729185915 0.0352030039896738 0.0255689082076195 0 0 0 0.00994727941907888 0 0.0295333727111636 0 0 0 0 0 0 0 0
"pulled" 0 0 0 0 0 0.0135538086202223 0 0.00976657876745776 0 0 0 0.00938086303939963 0 0 0.0255689082076195 0 0 0 0.0298418382572366 0 0.0443000590667454 0.0139684313451599 0 0.0184229918938836 0 0 0 0 0.0181488203266788
"putting" 0 0 0 0 0 0.0135538086202223 0 0.00976657876745776 0.016996685646299 0 0 0 0.0102658864592958 0 0 0 0 0.0351041422887901 0 0 0 0 0.0189825360668185 0.0552689756816507 0 0 0.0365697568111172 0.0146391450739277 0
"roof" 0 0 0 0 0 0 0 0 0 0.012132977432662 0 0.00938086303939963 0 0 0.00852296940253985 0 0 0.0468055230517201 0.0298418382572366 0 0 0 0 0 0 0 0 0 0.0907441016333938
"sledge" 0 0 0 0 0 0 0 0 0 0 0 0 0 0 0 0 0 0 0 0 0 0 0 0.0184229918938836 0.280898876404494 0 0 0 0
"sleeping" 0 0 0 0.0118793062485151 0 0 0 0 0.00849834282314949 0 0 0.0187617260787993 0.0205317729185915 0.0234686693264492 0.00852296940253985 0 0 0.01170138076293 0 0.0170415814587594 0 0 0 0.0184229918938836 0.0200642054574639 0 0.0365697568111172 0 0
"spare" 0.0337002920691979 0 0 0 0 0 0 0 0.00849834282314949 0 0.0116427989288625 0 0 0 0 0.013197835554969 0 0 0.0298418382572366 0 0.0295333727111636 0 0.0189825360668185 0.0184229918938836 0 0.0103691414350892 0 0.0146391450739277 0
"spend" 0 0 0 0.0593965312425754 0 0 0 0.0292997363023733 0 0 0 0 0 0.0117343346632246 0.00852296940253985 0 0.0223563603845294 0 0.00994727941907888 0 0 0.0139684313451599 0.0189825360668185 0 0 0.0103691414350892 0 0 0
"starting" 0.0112334306897326 0 0.0202040610162643 0.0237586124970302 0 0 0 0.039066315069831 0.00849834282314949 0 0 0 0 0 0 0 0 0 0 0 0 0 0.0189825360668185 0.0184229918938836 0.0200642054574639 0 0 0.0146391450739277 0.0181488203266788
"surprise" 0 0 0.0101020305081321 0 0.0545926027023338 0.0135538086202223 0 0.00976657876745776 0.00849834282314949 0 0.0116427989288625 0 0 0.0117343346632246 0 0.013197835554969 0 0 0 0.0170415814587594 0 0.0139684313451599 0 0 0 0.0103691414350892 0 0.0146391450739277 0
"sweet" 0.0112334306897326 0 0 0.0118793062485151 0.0136481506755835 0.0135538086202223 0 0 0.016996685646299 0.012132977432662 0 0.0187617260787993 0.0205317729185915 0.0117343346632246 0.00852296940253985 0 0 0 0.00994727941907888 0 0 0.0139684313451599 0 0 0 0 0 0 0
"talked" 0 0 0 0.0118793062485151 0 0.0135538086202223 0 0.0292997363023733 0 0.024265954865324 0.0116427989288625 0 0 0.0117343346632246 0.0170459388050797 0 0.0223563603845294 0 0.0198945588381578 0 0.0147666863555818 0 0 0 0 0 0 0 0
"test" 0 0 0.0101020305081321 0 0.0272963013511669 0 0 0 0 0 0.0116427989288625 0 0 0 0.0255689082076195 0 0.156494522691706 0 0 0 0 0 0 0 0 0 0.0182848784055586 0 0
"voice" 0.0224668613794653 0 0 0 0 0.0271076172404446 0 0.0195331575349155 0 0 0.0349283967865875 0.00938086303939963 0.0102658864592958 0.0117343346632246 0.00852296940253985 0 0 0.01170138076293 0 0 0 0 0 0.0184229918938836 0 0 0 0 0
"warm" 0 0 0 0 0.0136481506755835 0.0135538086202223 0.0134553283100108 0 0.00849834282314949 0 0 0 0 0.0234686693264492 0 0 0.0223563603845294 0.01170138076293 0.0596836765144733 0 0 0 0 0 0 0 0.0182848784055586 0 0
"wearing" 0 0 0 0.0237586124970302 0 0 0 0 0.0339933712925979 0.012132977432662 0 0 0 0.0117343346632246 0 0 0 0 0.00994727941907888 0.0170415814587594 0 0.0139684313451599 0.0189825360668185 0 0 0 0 0.0292782901478554 0.0181488203266788
"window" 0 0 0 0 0.0136481506755835 0.0677690431011114 0 0 0 0 0.0116427989288625 0 0 0 0 0 0.0223563603845294 0.0234027615258601 0 0 0.0443000590667454 0 0 0 0 0 0 0 0.0362976406533575
"wow" 0.0561671534486632 0 0 0.0118793062485151 0 0.108430468961778 0 0 0 0 0 0 0 0 0 0 0 0 0 0 0 0 0 0 0.0200642054574639 0 0 0 0
"yo" 0 0 0 0.0118793062485151 0 0 0 0 0 0 0 0 0 0.0938746773057968 0.00852296940253985 0 0.0223563603845294 0 0.00994727941907888 0 0 0 0 0 0 0.0103691414350892 0 0 0.0362976406533575
"-are" 0 0 0.0505101525406607 0 0 0 0 0 0 0 0.023285597857725 0.00938086303939963 0 0 0 0 0 0.0351041422887901 0 0.0170415814587594 0 0 0 0 0 0 0 0.0292782901478554 0
"-get" 0 0 0.0404081220325285 0 0 0 0 0 0 0 0.0116427989288625 0.0187617260787993 0 0 0 0 0 0.0585069038146501 0 0.0170415814587594 0 0.0139684313451599 0 0 0 0 0 0 0
"-we^re" 0 0 0.0606121830487928 0 0 0 0 0 0 0 0.023285597857725 0 0 0 0 0 0 0.0234027615258601 0 0.0511247443762781 0 0 0 0 0 0 0 0.0146391450739277 0
"basic" 0 0 0 0 0.0136481506755835 0 0.0134553283100108 0 0 0 0 0 0 0 0.0170459388050797 0.013197835554969 0 0 0 0.0511247443762781 0.0147666863555818 0.0279368626903199 0.0189825360668185 0 0 0.0207382828701783 0 0 0
"block" 0 0 0.0303060915243964 0.0237586124970302 0 0.0135538086202223 0 0.00976657876745776 0 0 0 0.00938086303939963 0 0 0 0 0.0223563603845294 0.01170138076293 0 0 0 0.0139684313451599 0 0.0368459837877671 0 0 0 0 0.0181488203266788
"bread" 0 0 0 0 0.0136481506755835 0 0 0 0 0 0.0116427989288625 0.0375234521575985 0.041063545837183 0 0 0 0 0 0 0 0 0.0139684313451599 0 0 0 0 0.0548546352166758 0 0
"breaking" 0.0224668613794653 0 0 0 0 0 0 0 0.00849834282314949 0.012132977432662 0.0116427989288625 0.0281425891181989 0 0 0 0.013197835554969 0 0 0 0 0 0 0 0.0184229918938836 0 0.0103691414350892 0 0 0.0544464609800363
"bro" 0 0 0 0 0 0 0 0 0 0 0 0 0 0 0 0 0 0 0 0 0 0.0419052940354798 0 0 0 0 0 0 0.199637023593466
"bye" 0.0224668613794653 0 0 0.0118793062485151 0 0.0542152344808891 0 0 0.00849834282314949 0 0 0 0 0 0.0170459388050797 0.039593506664907 0 0 0 0 0 0 0 0 0 0 0 0.0146391450739277 0
"c-" 0 0 0 0 0 0 0 0 0 0 0 0 0 0 0 0 0 0.12871518839223 0.00994727941907888 0.0170415814587594 0 0 0 0 0 0.0103691414350892 0 0 0
"carlo" 0 0 0 0 0 0 0 0.136732102744409 0 0 0 0 0 0 0 0 0 0 0 0 0 0 0 0 0 0 0 0 0
"charlie" 0 0 0 0 0 0.0135538086202223 0 0 0.00849834282314949 0.012132977432662 0 0 0 0 0 0.013197835554969 0 0 0 0.0340831629175187 0 0.0419052940354798 0 0 0 0.0518457071754459 0 0 0
"clark" 0 0 0 0 0.0136481506755835 0 0 0.0195331575349155 0 0 0 0 0 0 0 0 0.245919964229823 0 0 0 0 0 0 0 0 0 0 0 0
"d" 0 0 0 0.0118793062485151 0 0 0 0 0.00849834282314949 0.012132977432662 0 0 0.0205317729185915 0 0 0 0 0 0.0497363970953944 0 0.0590667454223272 0 0 0 0 0 0 0 0
"date" 0 0.0566251415628539 0 0.0712758374910905 0 0 0 0 0.00849834282314949 0 0 0 0 0 0 0 0 0 0 0 0 0 0.0189825360668185 0.0368459837877671 0 0 0 0.0146391450739277 0
"decision" 0 0 0 0 0 0 0.0403659849300323 0 0 0 0 0.0375234521575985 0 0.0469373386528984 0 0 0 0 0 0 0 0 0.0189825360668185 0 0 0 0.0182848784055586 0.0146391450739277 0
"due" 0.0112334306897326 0 0 0.0237586124970302 0 0.0135538086202223 0 0.00976657876745776 0.0254950284694485 0 0 0 0 0 0 0.039593506664907 0.0223563603845294 0 0 0 0 0.0139684313451599 0 0 0 0 0 0 0.0181488203266788
"early" 0 0 0.0101020305081321 0.0356379187455453 0 0.0135538086202223 0 0 0 0.012132977432662 0.0116427989288625 0 0 0 0 0.013197835554969 0 0 0.00994727941907888 0 0.0147666863555818 0.0139684313451599 0 0 0.0200642054574639 0.0207382828701783 0 0 0
"eh" 0 0.0377500943752359 0 0 0.0272963013511669 0 0 0 0.016996685646299 0.024265954865324 0.0116427989288625 0.00938086303939963 0 0 0 0 0 0 0 0 0 0 0 0.0184229918938836 0 0 0.0548546352166758 0 0
"ended" 0 0 0 0 0 0.0135538086202223 0 0 0 0.012132977432662 0.0116427989288625 0 0.041063545837183 0 0 0 0 0 0.00994727941907888 0 0 0.0139684313451599 0 0 0 0.0518457071754459 0 0 0
"equipment" 0 0 0 0.0356379187455453 0 0 0 0 0 0 0 0 0 0 0 0 0 0 0.00994727941907888 0 0.0295333727111636 0 0 0.0184229918938836 0 0 0 0.102474015517494 0
"everywhere" 0 0.018875047187618 0 0 0 0.0135538086202223 0 0 0.00849834282314949 0.012132977432662 0.0116427989288625 0.00938086303939963 0.0205317729185915 0 0 0 0 0 0.00994727941907888 0.0170415814587594 0 0 0 0 0.0200642054574639 0.0207382828701783 0.0182848784055586 0 0
"faces" 0.0112334306897326 0 0 0 0 0 0.0134553283100108 0.00976657876745776 0.00849834282314949 0.012132977432662 0.0116427989288625 0.00938086303939963 0 0 0.0340918776101594 0 0 0 0 0 0.0147666863555818 0.0139684313451599 0 0 0 0.0103691414350892 0 0 0
"fail" 0.0337002920691979 0 0.0101020305081321 0 0 0 0 0 0 0 0.04657119571545 0.00938086303939963 0.0205317729185915 0 0 0.013197835554969 0 0.01170138076293 0 0 0 0 0 0 0 0 0 0.0146391450739277 0
"falls" 0 0 0 0 0 0 0 0.00976657876745776 0.0509900569388969 0.012132977432662 0 0 0.0102658864592958 0.0117343346632246 0 0 0 0.01170138076293 0.0198945588381578 0 0 0 0 0 0 0.0103691414350892 0 0 0
"fat" 0.0112334306897326 0 0 0 0 0 0.0134553283100108 0.00976657876745776 0 0.012132977432662 0 0.0187617260787993 0.041063545837183 0 0 0 0 0 0 0 0 0.0419052940354798 0 0.0184229918938836 0 0 0 0 0
"feels" 0.0224668613794653 0 0 0 0 0 0 0 0 0.012132977432662 0 0.00938086303939963 0 0 0.0426148470126992 0.013197835554969 0 0.0234027615258601 0 0 0 0.0139684313451599 0.0189825360668185 0 0 0 0 0 0
"fix" 0 0 0 0 0 0 0 0 0 0 0 0 0 0 0.0170459388050797 0.013197835554969 0.0223563603845294 0.01170138076293 0.0198945588381578 0.0170415814587594 0.0147666863555818 0.0139684313451599 0 0 0.0200642054574639 0.0103691414350892 0 0 0.0362976406533575
"forgot" 0 0 0.0101020305081321 0.0475172249940603 0 0 0 0.00976657876745776 0 0 0 0 0.0205317729185915 0.0117343346632246 0 0 0 0 0.0198945588381578 0 0.0147666863555818 0 0 0 0.0200642054574639 0.0103691414350892 0 0 0
"form" 0 0 0.0101020305081321 0.0118793062485151 0 0 0.0134553283100108 0.00976657876745776 0 0 0.0349283967865875 0 0.041063545837183 0.0117343346632246 0 0 0 0 0 0 0 0.0139684313451599 0 0 0 0.0103691414350892 0 0 0
"gamora" 0.157268029656257 0 0 0 0 0 0 0 0 0 0 0 0 0 0 0 0 0 0 0 0 0 0 0 0 0 0 0 0
"gimli" 0 0 0 0 0 0 0 0 0 0 0.0349283967865875 0.0844277673545966 0.0205317729185915 0 0 0 0 0 0 0 0 0 0 0 0 0 0 0 0
"goin" 0.0112334306897326 0 0 0 0 0.0542152344808891 0 0 0 0 0 0 0 0 0 0 0.201207243460765 0 0 0 0 0 0 0 0 0 0 0 0
"group" 0 0 0.0404081220325285 0.0356379187455453 0 0 0 0 0.00849834282314949 0 0 0 0 0 0 0 0 0 0.00994727941907888 0 0.0147666863555818 0 0 0 0 0 0 0.043917435221783 0.0181488203266788
"heading" 0.0112334306897326 0 0.0202040610162643 0 0 0.0135538086202223 0 0 0.0254950284694485 0 0.0116427989288625 0 0 0 0.00852296940253985 0 0 0 0 0.0340831629175187 0.0295333727111636 0.0139684313451599 0 0 0 0 0 0 0
"helmet" 0.0112334306897326 0 0.0101020305081321 0 0 0.0271076172404446 0.0134553283100108 0 0 0 0 0 0 0 0 0 0 0 0.0497363970953944 0 0.0147666863555818 0.0279368626903199 0 0 0.0200642054574639 0 0 0 0
"horses" 0 0 0 0 0 0 0.0672766415500538 0 0.00849834282314949 0 0.0116427989288625 0.0281425891181989 0.0205317729185915 0 0 0 0 0 0 0 0 0 0 0 0 0 0.0365697568111172 0 0
"however" 0 0.0943752359380898 0.0101020305081321 0.0118793062485151 0 0 0 0 0 0.024265954865324 0 0 0.0102658864592958 0 0.00852296940253985 0 0 0 0 0 0 0 0.0189825360668185 0.0184229918938836 0 0 0 0.0146391450739277 0
"husband" 0 0 0 0 0 0 0.0134553283100108 0.039066315069831 0.016996685646299 0 0 0 0 0 0 0.0791870133298139 0 0 0 0 0 0 0 0 0 0.0103691414350892 0 0 0
"imperial" 0 0 0.14142842711385 0 0 0 0 0 0 0 0 0 0 0 0 0 0 0 0 0 0 0 0 0 0 0 0 0 0
"kraut" 0 0 0 0 0 0 0 0 0 0 0 0 0 0 0 0 0 0 0.00994727941907888 0.0681663258350375 0.132900177200236 0 0 0 0 0 0 0 0
"landed" 0 0 0 0 0 0 0 0 0.016996685646299 0.012132977432662 0 0 0 0 0 0 0 0 0.00994727941907888 0 0.0147666863555818 0 0 0.0368459837877671 0.0401284109149278 0 0 0.0731957253696384 0
"lift" 0 0 0 0 0 0 0 0 0 0 0 0 0 0.0352030039896738 0.00852296940253985 0 0.0447127207690588 0.0351041422887901 0.00994727941907888 0 0.0147666863555818 0 0 0 0 0.0207382828701783 0.0182848784055586 0 0
"lying" 0.0112334306897326 0 0 0 0.0136481506755835 0.0271076172404446 0.0269106566200215 0 0 0.012132977432662 0 0 0.0205317729185915 0.0234686693264492 0.0170459388050797 0 0 0.01170138076293 0 0 0 0 0 0 0 0 0 0 0
"mad" 0 0 0 0 0.0136481506755835 0 0 0.00976657876745776 0.00849834282314949 0.024265954865324 0 0.0281425891181989 0.0102658864592958 0.0234686693264492 0 0 0 0 0 0 0 0 0 0 0 0.0103691414350892 0.0182848784055586 0.0146391450739277 0
"man^s" 0.0112334306897326 0 0.0101020305081321 0 0 0.0135538086202223 0.0538213132400431 0.00976657876745776 0 0 0 0 0 0.0117343346632246 0.00852296940253985 0.026395671109938 0 0 0 0 0 0.0139684313451599 0 0 0.0200642054574639 0 0 0 0
"miller" 0 0 0 0 0 0 0 0 0 0 0 0 0 0 0 0 0 0 0 0.0511247443762781 0.0147666863555818 0 0 0.0184229918938836 0 0.0933222729158026 0 0 0
"office" 0 0.018875047187618 0 0.0118793062485151 0 0 0 0.0195331575349155 0.00849834282314949 0.012132977432662 0 0 0 0.0117343346632246 0.0340918776101594 0.013197835554969 0 0 0 0 0.0147666863555818 0 0 0 0 0 0.0182848784055586 0 0
"officers" 0 0 0 0 0 0 0 0 0 0 0 0 0 0 0 0 0 0 0.00994727941907888 0.0681663258350375 0.0147666863555818 0.0419052940354798 0 0.0368459837877671 0 0 0.0182848784055586 0.0292782901478554 0
"one^s" 0.0112334306897326 0 0 0.0118793062485151 0 0.0271076172404446 0.0134553283100108 0 0.00849834282314949 0.0363989322979859 0 0.00938086303939963 0 0.0117343346632246 0 0 0 0 0 0.0170415814587594 0.0147666863555818 0 0 0 0 0.0103691414350892 0 0 0
"pants" 0.0112334306897326 0 0 0.0356379187455453 0 0 0 0 0 0 0 0 0 0 0 0 0 0 0.0198945588381578 0 0 0.0139684313451599 0 0 0.0200642054574639 0.0103691414350892 0.0548546352166758 0 0.0362976406533575
"pardon" 0 0 0.0404081220325285 0 0 0.0135538086202223 0 0 0.00849834282314949 0 0 0 0.0102658864592958 0.0234686693264492 0 0.026395671109938 0 0 0 0.0170415814587594 0 0 0.0189825360668185 0 0 0 0 0.0146391450739277 0
"paris" 0 0 0 0 0 0 0 0 0.016996685646299 0 0 0 0 0 0.00852296940253985 0 0 0 0.00994727941907888 0.0511247443762781 0 0 0.0189825360668185 0 0 0.0311074243052675 0 0.043917435221783 0
"perconte" 0 0 0 0 0 0 0 0 0 0 0 0 0 0 0 0 0 0 0.0895255147717099 0.0170415814587594 0.0590667454223272 0 0 0 0 0 0 0 0
"peril" 0 0 0 0 0.122833356080251 0 0 0 0.016996685646299 0.012132977432662 0.0116427989288625 0 0 0 0 0 0 0 0 0 0 0 0 0 0 0.0103691414350892 0 0 0
"potato" 0 0 0 0 0 0.162645703442667 0 0 0 0 0 0 0 0 0 0 0 0 0.00994727941907888 0 0.0147666863555818 0 0 0 0 0 0 0 0
"prepared" 0.0112334306897326 0.0377500943752359 0 0 0 0 0.0269106566200215 0.00976657876745776 0.00849834282314949 0 0.0116427989288625 0 0 0.0117343346632246 0.0170459388050797 0 0 0 0.00994727941907888 0 0 0 0 0 0 0.0103691414350892 0 0.0146391450739277 0
"price" 0.0449337227589306 0.0377500943752359 0.0202040610162643 0.0118793062485151 0 0 0.0134553283100108 0.00976657876745776 0 0.012132977432662 0 0.00938086303939963 0 0 0.00852296940253985 0 0 0 0 0 0 0 0 0 0 0 0 0 0
"protection" 0 0.0377500943752359 0 0 0 0.0271076172404446 0.0134553283100108 0.0585994726047466 0 0 0.0116427989288625 0 0 0.0117343346632246 0 0 0.0223563603845294 0 0 0 0 0 0 0 0 0 0 0 0
"pulling" 0 0 0.0101020305081321 0 0 0 0 0 0.00849834282314949 0 0 0 0 0 0 0 0 0.01170138076293 0.00994727941907888 0.0170415814587594 0.0443000590667454 0.0139684313451599 0 0.0184229918938836 0.0200642054574639 0 0 0 0.0544464609800363
"rabbit" 0.0561671534486632 0 0 0 0.0818889040535007 0 0 0 0 0.012132977432662 0 0 0 0 0 0 0 0 0 0 0 0 0 0 0 0.0207382828701783 0 0 0
"reading" 0.0112334306897326 0 0 0 0 0 0.0538213132400431 0 0.00849834282314949 0.024265954865324 0 0 0 0 0 0 0 0 0 0 0 0.0419052940354798 0 0.0184229918938836 0.0401284109149278 0 0 0 0
"refuse" 0 0.018875047187618 0 0.0118793062485151 0.0136481506755835 0 0 0.0781326301396621 0 0 0 0 0 0 0 0 0 0 0 0 0 0.0139684313451599 0.0189825360668185 0 0 0 0.0182848784055586 0 0
"reports" 0 0.018875047187618 0.0101020305081321 0.0356379187455453 0 0 0 0 0 0 0 0 0 0 0 0 0 0.01170138076293 0 0.0170415814587594 0 0.0139684313451599 0 0.0184229918938836 0 0.0207382828701783 0 0.043917435221783 0
"rivendell" 0 0 0 0 0 0 0 0 0 0 0.0931423914309 0.0562851782363977 0 0 0 0 0 0 0 0 0 0 0 0 0 0 0 0 0
"route" 0 0 0.0101020305081321 0 0 0.0135538086202223 0 0 0 0 0 0 0 0 0.0426148470126992 0 0 0.0585069038146501 0 0.0170415814587594 0 0 0 0 0 0 0.0182848784055586 0 0
"row" 0 0 0 0.0237586124970302 0 0 0 0 0.0424917141157474 0 0 0 0 0.0234686693264492 0 0 0 0 0 0 0 0 0.0379650721336371 0 0 0 0.0365697568111172 0.0146391450739277 0
"runs" 0 0 0 0.0118793062485151 0 0 0 0.00976657876745776 0 0 0.0116427989288625 0.00938086303939963 0 0.0117343346632246 0 0.013197835554969 0 0.01170138076293 0 0 0.0147666863555818 0.0139684313451599 0.0189825360668185 0.0184229918938836 0 0.0207382828701783 0 0 0.0181488203266788
"russian" 0 0 0 0 0 0 0 0.00976657876745776 0.016996685646299 0 0 0 0 0 0 0 0 0.01170138076293 0 0 0 0 0 0 0 0 0.182848784055586 0 0
"sharp" 0.0112334306897326 0 0.0202040610162643 0 0.0136481506755835 0 0 0 0.016996685646299 0 0.0116427989288625 0 0.0102658864592958 0.0234686693264492 0.00852296940253985 0 0 0.01170138076293 0.0198945588381578 0 0 0 0 0 0 0 0 0 0
"shrubbery" 0 0 0 0 0.191074109458168 0 0 0 0 0 0 0 0 0 0 0 0 0 0 0 0 0 0 0 0 0 0 0 0
"sire" 0 0 0 0 0.0136481506755835 0 0.148008611410118 0 0 0 0 0.00938086303939963 0.0102658864592958 0 0 0 0 0 0 0 0 0 0 0 0 0 0 0 0
"slytherin" 0 0 0 0 0 0 0 0 0 0.169861684057268 0 0 0 0 0 0 0 0 0 0 0 0 0 0 0 0 0 0 0
"soldiers" 0.0112334306897326 0 0 0 0 0 0.0134553283100108 0 0 0 0 0.00938086303939963 0.0205317729185915 0 0.00852296940253985 0 0 0 0.00994727941907888 0 0 0 0 0 0 0.0207382828701783 0.091424392027793 0 0
"steal" 0.0112334306897326 0 0 0 0 0 0 0 0 0.0485319097306479 0 0 0 0.0234686693264492 0.0426148470126992 0 0 0 0 0.0170415814587594 0 0 0 0 0 0 0.0182848784055586 0 0
"support" 0.0112334306897326 0 0.0101020305081321 0 0 0 0 0.00976657876745776 0 0 0 0.00938086303939963 0 0 0 0 0 0.01170138076293 0 0.0170415814587594 0 0.0279368626903199 0.0189825360668185 0 0 0.0103691414350892 0 0.0146391450739277 0.0544464609800363
"swamp" 0 0 0 0 0.0955370547290842 0 0 0 0.016996685646299 0 0 0.0187617260787993 0 0 0 0 0 0 0 0 0 0 0 0 0 0 0 0.043917435221783 0
"truck" 0 0.0943752359380898 0 0.0237586124970302 0 0.0406614258606668 0 0 0 0 0 0 0 0 0 0 0 0.01170138076293 0 0 0.0295333727111636 0 0 0 0 0 0.0182848784055586 0 0
"walking" 0 0.018875047187618 0.0101020305081321 0 0 0 0 0 0 0 0.0116427989288625 0.0187617260787993 0.0102658864592958 0 0 0.013197835554969 0 0 0 0.0170415814587594 0.0295333727111636 0.0139684313451599 0 0.0184229918938836 0 0.0103691414350892 0 0.0146391450739277 0
"-and" 0 0 0.0202040610162643 0 0 0 0 0 0 0 0.0349283967865875 0.00938086303939963 0 0 0 0.013197835554969 0 0 0 0.0852079072937969 0 0 0 0 0 0 0 0.0146391450739277 0
"-come" 0 0 0.0404081220325285 0 0 0 0 0 0 0 0.0116427989288625 0 0 0 0 0 0 0.0468055230517201 0 0.0340831629175187 0 0 0 0 0 0 0 0.0292782901478554 0
"-he^s" 0 0 0.0101020305081321 0 0 0 0 0 0 0 0.069856793573175 0.00938086303939963 0 0 0 0 0 0.0234027615258601 0 0.0340831629175187 0 0 0 0 0 0 0 0.0146391450739277 0
"-you^re" 0 0 0.0202040610162643 0 0 0 0 0 0 0 0.023285597857725 0.00938086303939963 0 0 0 0 0 0.0468055230517201 0 0.0511247443762781 0 0 0 0 0 0 0 0.0146391450739277 0
"airborne" 0 0 0 0 0 0 0 0 0 0 0 0 0 0 0 0 0 0 0 0.0852079072937969 0.0147666863555818 0 0 0 0 0.0414765657403567 0 0.043917435221783 0
"among" 0.0224668613794653 0.018875047187618 0 0.0118793062485151 0 0.0135538086202223 0.0134553283100108 0 0.00849834282314949 0 0.0116427989288625 0 0 0.0352030039896738 0 0 0 0.01170138076293 0.00994727941907888 0 0 0 0 0 0 0 0 0 0
"andy^s" 0 0 0 0 0 0.17619951206289 0 0 0 0 0 0 0 0 0 0 0 0 0 0 0 0 0 0 0 0 0 0 0
"beer" 0 0 0 0.0237586124970302 0 0.0135538086202223 0 0 0.00849834282314949 0 0.0116427989288625 0 0.0205317729185915 0 0 0.013197835554969 0 0.01170138076293 0 0 0.0147666863555818 0 0.0379650721336371 0 0 0 0 0.0146391450739277 0
"begin" 0 0 0 0 0 0 0.0269106566200215 0 0 0.0485319097306479 0.0116427989288625 0.0281425891181989 0.0205317729185915 0 0 0 0 0 0 0 0 0 0 0 0 0 0.0182848784055586 0 0
"bomb" 0 0 0 0.0237586124970302 0 0.0135538086202223 0 0 0 0 0 0 0 0 0 0 0 0 0 0 0 0.0139684313451599 0.0189825360668185 0.0184229918938836 0.0200642054574639 0.0414765657403567 0.0365697568111172 0 0
"box" 0 0 0 0 0 0.0813228517213337 0 0.00976657876745776 0 0 0 0.00938086303939963 0 0 0 0 0 0 0 0 0 0.0139684313451599 0 0.0552689756816507 0 0 0.0182848784055586 0 0
"breath" 0 0 0 0 0.0136481506755835 0 0.0134553283100108 0 0.016996685646299 0.012132977432662 0.0116427989288625 0 0.0102658864592958 0 0.0255689082076195 0 0 0.01170138076293 0 0 0.0147666863555818 0 0 0 0 0 0 0 0.0181488203266788
"cave" 0 0 0 0 0.109185205404668 0 0 0 0 0 0.0349283967865875 0 0 0.0117343346632246 0 0 0 0 0 0 0 0 0.0189825360668185 0 0 0 0 0 0
"certainly" 0.0112334306897326 0.018875047187618 0.0101020305081321 0.0118793062485151 0.0136481506755835 0 0 0.00976657876745776 0.00849834282314949 0 0 0 0 0 0 0.026395671109938 0 0 0 0 0 0 0.0569476082004556 0 0 0 0.0182848784055586 0 0
"chalk" 0 0 0 0 0 0 0 0 0 0 0 0 0 0 0 0 0 0.15211794991809 0 0 0 0 0 0 0 0 0 0 0
"chest" 0.0112334306897326 0.018875047187618 0 0.0118793062485151 0 0 0.0134553283100108 0 0 0 0 0.00938086303939963 0 0.0352030039896738 0.00852296940253985 0 0 0.01170138076293 0 0 0 0.0279368626903199 0 0 0 0.0103691414350892 0 0 0
"class" 0 0 0 0.0237586124970302 0.0136481506755835 0 0 0 0.0254950284694485 0.024265954865324 0 0 0 0 0.0170459388050797 0 0 0.01170138076293 0 0 0 0 0 0 0 0 0.0365697568111172 0 0
"climb" 0 0 0 0 0 0.0271076172404446 0 0 0 0 0 0.0187617260787993 0.041063545837183 0 0.00852296940253985 0.013197835554969 0 0 0 0 0 0.0139684313451599 0.0189825360668185 0 0 0 0 0.0146391450739277 0
"clothes" 0 0 0 0.0118793062485151 0 0 0 0 0.0254950284694485 0.012132977432662 0 0 0.0205317729185915 0 0 0 0.0447127207690588 0 0.0397891176763155 0 0 0 0 0 0 0 0 0 0
"coat" 0 0 0 0.0237586124970302 0 0 0 0 0.0339933712925979 0 0 0 0 0 0.00852296940253985 0 0 0 0 0.0340831629175187 0 0 0 0 0 0.0103691414350892 0.0548546352166758 0 0
"compton" 0 0 0 0 0 0 0 0 0 0 0 0 0 0 0 0 0 0 0.0696309559335522 0 0.0886001181334908 0 0 0 0 0 0 0 0
"continue" 0 0 0.0101020305081321 0 0.0136481506755835 0 0 0 0.00849834282314949 0 0.0116427989288625 0 0 0 0.0170459388050797 0.026395671109938 0 0 0.00994727941907888 0 0 0.0139684313451599 0 0 0 0.0103691414350892 0.0365697568111172 0 0
"doors" 0 0 0.0303060915243964 0 0.0136481506755835 0 0 0 0.0339933712925979 0.012132977432662 0.023285597857725 0 0 0 0 0 0.0223563603845294 0 0.00994727941907888 0 0 0 0 0 0 0 0 0 0
"drinking" 0 0 0 0 0 0 0.0269106566200215 0.00976657876745776 0 0.024265954865324 0 0.00938086303939963 0.0102658864592958 0.0117343346632246 0 0.013197835554969 0 0 0 0.0340831629175187 0 0 0.0379650721336371 0 0 0 0 0 0
"edge" 0 0 0 0 0 0.0135538086202223 0 0 0 0 0.0116427989288625 0.00938086303939963 0.0205317729185915 0.0117343346632246 0 0 0 0 0.00994727941907888 0.0170415814587594 0.0147666863555818 0 0 0 0.0401284109149278 0.0103691414350892 0 0.0146391450739277 0
"elliot" 0 0 0 0 0 0 0 0 0 0 0 0 0 0 0 0 0 0 0 0 0.0147666863555818 0 0 0 0 0 0 0 0.217785843920145
"f" 0 0 0 0.0237586124970302 0 0 0 0 0 0 0 0 0 0 0 0 0 0 0 0 0.073833431777909 0.0139684313451599 0 0.0184229918938836 0.0200642054574639 0 0 0.043917435221783 0
"famous" 0 0 0 0 0 0 0.0134553283100108 0.00976657876745776 0.00849834282314949 0.0606648871633099 0 0 0 0 0 0.013197835554969 0 0 0 0 0.0147666863555818 0.0279368626903199 0 0 0.0200642054574639 0 0 0 0
"fellow" 0 0.018875047187618 0 0.0118793062485151 0 0.0135538086202223 0 0.00976657876745776 0.00849834282314949 0 0 0.00938086303939963 0.0102658864592958 0 0 0 0 0 0 0 0 0 0.0379650721336371 0 0 0 0.0182848784055586 0.043917435221783 0
"filthy" 0 0 0 0.0118793062485151 0.0136481506755835 0 0 0.00976657876745776 0 0 0 0.0281425891181989 0.041063545837183 0.0117343346632246 0 0 0 0 0 0 0 0 0 0.0184229918938836 0 0.0103691414350892 0 0 0
"fish" 0 0 0 0.0118793062485151 0 0 0 0 0 0 0 0.0281425891181989 0.0307976593778873 0 0 0.026395671109938 0 0 0 0 0 0 0 0 0 0.0311074243052675 0 0.0146391450739277 0
"flying" 0.0112334306897326 0 0.0101020305081321 0 0 0.0406614258606668 0 0 0.00849834282314949 0.024265954865324 0 0 0 0 0.00852296940253985 0 0.0223563603845294 0 0.00994727941907888 0 0 0 0 0 0 0.0207382828701783 0 0 0
"forever" 0.0112334306897326 0 0.0202040610162643 0 0 0 0 0 0 0 0.0116427989288625 0.00938086303939963 0.0205317729185915 0.0117343346632246 0 0.026395671109938 0 0 0 0 0 0.0419052940354798 0 0 0 0 0 0 0
"fourth" 0 0 0 0 0.0136481506755835 0 0.0134553283100108 0 0 0.012132977432662 0 0 0.0102658864592958 0.0117343346632246 0 0 0 0 0.00994727941907888 0 0.0147666863555818 0.0139684313451599 0 0 0.0200642054574639 0.0207382828701783 0 0 0.0362976406533575
"fucked" 0 0 0 0 0 0 0 0 0 0 0 0 0 0 0 0 0 0.0234027615258601 0 0 0.0147666863555818 0 0 0.0921149594694178 0 0.0103691414350892 0.0182848784055586 0 0.0544464609800363
"fuckin" 0 0 0 0 0 0 0 0 0 0 0 0 0 0 0 0 0.0223563603845294 0 0 0 0 0 0 0.0736919675755343 0.0601926163723917 0.0414765657403567 0 0 0.0181488203266788
"gods" 0 0 0 0 0 0 0.121097954790097 0 0 0 0 0 0 0.0234686693264492 0.00852296940253985 0 0.0223563603845294 0 0 0 0 0 0 0 0 0 0 0 0
"groot" 0.146034598966524 0 0 0 0 0 0 0 0 0 0 0 0 0 0 0 0 0 0 0 0 0 0 0 0 0 0 0 0
"helm^s" 0 0 0 0 0 0 0 0 0.00849834282314949 0 0 0.0938086303939962 0.0205317729185915 0 0 0 0 0 0 0 0 0 0 0 0 0 0 0 0
"honey" 0.0112334306897326 0.018875047187618 0 0.0237586124970302 0 0.0542152344808891 0 0.00976657876745776 0 0 0 0 0 0 0.00852296940253985 0.039593506664907 0 0 0 0 0 0 0 0 0 0 0 0 0
"how^d" 0 0 0 0 0.0272963013511669 0.0406614258606668 0 0 0 0 0 0 0 0 0 0.026395671109938 0.0223563603845294 0.01170138076293 0.0198945588381578 0 0 0 0 0 0 0.0103691414350892 0 0.0146391450739277 0
"humvees" 0 0 0 0 0 0 0 0 0 0 0 0 0 0 0 0 0 0.15211794991809 0 0 0 0 0 0 0 0 0 0 0
"instead" 0.0112334306897326 0 0 0.0118793062485151 0 0 0 0.0195331575349155 0 0 0 0 0.0102658864592958 0.0234686693264492 0.0170459388050797 0 0 0.0234027615258601 0 0 0 0 0 0.0368459837877671 0 0 0 0 0
"knock" 0 0 0 0 0.0136481506755835 0.0271076172404446 0.0269106566200215 0.00976657876745776 0.00849834282314949 0.012132977432662 0 0 0 0 0 0.013197835554969 0 0 0 0.0170415814587594 0 0.0139684313451599 0 0 0 0.0103691414350892 0 0.0146391450739277 0
"lay" 0 0 0 0 0 0 0 0.00976657876745776 0 0 0.0116427989288625 0.0281425891181989 0.0205317729185915 0.0117343346632246 0 0 0.0223563603845294 0.0234027615258601 0.00994727941907888 0 0 0 0 0 0 0.0103691414350892 0 0 0
"leading" 0 0 0 0 0 0 0 0 0 0 0.0116427989288625 0.0187617260787993 0 0 0 0 0 0 0.0298418382572366 0.0511247443762781 0 0 0 0 0 0.0207382828701783 0.0182848784055586 0 0.0181488203266788
"lf" 0 0 0 0 0 0 0 0 0 0 0 0 0 0 0 0 0.268276324614353 0 0 0 0 0 0 0 0 0.0103691414350892 0 0 0
"location" 0 0.018875047187618 0.0404081220325285 0 0 0 0 0 0 0 0 0 0 0.0117343346632246 0 0 0 0.0234027615258601 0 0 0 0 0 0 0 0 0 0 0.0907441016333938
"loss" 0.0224668613794653 0.018875047187618 0.0101020305081321 0 0 0 0 0 0 0 0 0 0 0 0.00852296940253985 0.013197835554969 0 0.01170138076293 0 0 0 0 0 0 0 0.062214848610535 0 0 0
"manny" 0 0 0 0 0 0 0 0 0 0 0 0 0 0 0 0 0 0 0 0 0 0 0 0.221075902726603 0 0 0 0 0.0181488203266788
"match" 0 0 0.0202040610162643 0 0 0.0135538086202223 0.0403659849300323 0 0.00849834282314949 0.012132977432662 0 0 0 0.058671673316123 0 0 0 0 0 0 0 0 0 0 0 0 0 0 0
"mount" 0 0.018875047187618 0 0 0 0 0 0 0 0.012132977432662 0.0582139946443125 0.00938086303939963 0.0102658864592958 0 0 0 0 0.0234027615258601 0 0.0170415814587594 0 0.0139684313451599 0 0 0 0 0 0 0
"moved" 0 0 0 0 0 0.0271076172404446 0 0.00976657876745776 0.00849834282314949 0.012132977432662 0 0 0.0102658864592958 0 0.00852296940253985 0 0 0 0 0 0 0 0 0.0184229918938836 0 0 0.0182848784055586 0.0146391450739277 0.0544464609800363
"movie" 0.0337002920691979 0 0 0 0 0 0 0.039066315069831 0 0 0 0 0 0 0 0.013197835554969 0 0 0 0.0170415814587594 0 0.0139684313451599 0 0.0184229918938836 0.0401284109149278 0 0 0 0
"muck" 0 0 0 0 0 0 0 0 0 0 0 0 0 0 0 0 0 0 0.129314632448025 0 0 0 0 0 0 0 0 0 0
"nervous" 0 0 0 0.0237586124970302 0.0136481506755835 0.0135538086202223 0 0 0.016996685646299 0.012132977432662 0 0.00938086303939963 0.0102658864592958 0.0117343346632246 0 0 0 0 0 0 0.0147666863555818 0.0279368626903199 0 0 0 0 0 0 0
"nor" 0 0 0 0 0 0 0 0 0 0 0.0349283967865875 0.0187617260787993 0.0307976593778873 0.058671673316123 0 0 0 0 0 0 0 0 0 0 0 0 0 0 0
"nothin" 0 0 0.0101020305081321 0 0 0.0542152344808891 0 0 0.00849834282314949 0 0 0 0 0.0234686693264492 0 0 0.0894254415381176 0 0 0 0 0 0 0 0.0200642054574639 0 0 0 0
"offer" 0 0.018875047187618 0 0 0 0 0.0134553283100108 0.039066315069831 0 0 0.023285597857725 0 0.0307976593778873 0 0.0170459388050797 0 0 0 0 0 0 0 0 0 0 0 0 0 0
"panic" 0 0 0 0 0 0.0271076172404446 0 0.0195331575349155 0.0339933712925979 0.024265954865324 0 0.00938086303939963 0 0 0.00852296940253985 0 0 0 0 0 0 0 0 0 0 0 0.0182848784055586 0 0
"penkala" 0 0 0 0 0 0 0 0 0 0 0 0 0 0 0 0 0 0 0.129314632448025 0 0 0 0 0 0 0 0 0 0
"phone" 0.0112334306897326 0 0 0.0118793062485151 0 0 0 0.0195331575349155 0 0 0 0 0 0 0.0340918776101594 0.039593506664907 0 0 0 0.0170415814587594 0 0 0.0189825360668185 0 0 0 0 0 0
"plus" 0.0112334306897326 0 0.0202040610162643 0 0 0.0135538086202223 0 0 0 0 0 0 0 0 0.00852296940253985 0 0 0 0.00994727941907888 0.0511247443762781 0.0295333727111636 0 0 0 0.0200642054574639 0.0103691414350892 0 0 0
"prove" 0 0 0 0.0118793062485151 0 0.0135538086202223 0 0.00976657876745776 0 0.012132977432662 0 0 0.0102658864592958 0.0117343346632246 0 0.013197835554969 0.0223563603845294 0 0 0.0170415814587594 0 0 0.0379650721336371 0 0.0200642054574639 0 0.0182848784055586 0 0
"rear" 0 0 0 0 0 0 0 0 0 0 0 0 0 0 0 0 0 0.01170138076293 0.0198945588381578 0.0170415814587594 0.0443000590667454 0.0279368626903199 0 0.0184229918938836 0 0.0103691414350892 0 0.0146391450739277 0.0181488203266788
"romeo" 0 0 0 0 0 0 0 0 0 0 0 0 0 0 0 0 0 0.0351041422887901 0 0 0 0 0 0 0 0 0 0 0.181488203266788
"rounds" 0 0 0 0 0 0 0 0 0.00849834282314949 0 0 0 0 0 0 0 0 0 0 0.0681663258350375 0.0295333727111636 0.0279368626903199 0 0.0184229918938836 0.0200642054574639 0.0207382828701783 0 0 0
"sad" 0 0 0.0101020305081321 0.0118793062485151 0.0272963013511669 0.0135538086202223 0.0134553283100108 0 0.00849834282314949 0 0 0.00938086303939963 0 0.0117343346632246 0 0 0 0 0.00994727941907888 0.0170415814587594 0 0 0.0189825360668185 0 0 0.0103691414350892 0 0 0
"several" 0 0 0.0404081220325285 0 0 0 0 0 0.016996685646299 0 0 0 0 0 0 0.013197835554969 0.0223563603845294 0.01170138076293 0 0 0 0 0 0 0 0 0 0 0.0725952813067151
"silence" 0 0.018875047187618 0 0.0118793062485151 0.0136481506755835 0 0.0134553283100108 0 0 0.012132977432662 0 0 0.0205317729185915 0 0 0 0 0 0 0 0 0 0 0 0 0 0.109709270433352 0 0
"simply" 0.0224668613794653 0.018875047187618 0 0 0 0 0.0134553283100108 0 0 0 0.0116427989288625 0 0 0 0.00852296940253985 0 0 0.0351041422887901 0 0 0 0 0.0189825360668185 0 0 0.0103691414350892 0.0182848784055586 0.0146391450739277 0
"size" 0 0.018875047187618 0.0202040610162643 0 0 0 0 0 0.0424917141157474 0.012132977432662 0 0 0 0 0 0 0 0 0.00994727941907888 0 0 0 0 0 0 0.0207382828701783 0 0.0146391450739277 0
"snow" 0 0 0 0 0 0 0 0 0 0 0 0 0 0 0 0.0791870133298139 0 0 0.00994727941907888 0 0 0 0.113895216400911 0 0 0 0 0 0
"speaking" 0.0337002920691979 0.018875047187618 0 0 0 0 0 0 0 0 0 0.00938086303939963 0 0 0.00852296940253985 0.013197835554969 0 0.01170138076293 0 0 0 0 0.0189825360668185 0 0.0200642054574639 0 0 0.043917435221783 0
"speirs" 0 0 0 0 0 0 0 0 0 0 0 0 0 0 0 0 0 0 0.0795782353526311 0 0.073833431777909 0 0 0 0 0 0 0 0
"spring" 0 0 0 0 0.0409444520267504 0 0 0 0 0 0 0.0187617260787993 0.0307976593778873 0.0117343346632246 0 0.013197835554969 0.0447127207690588 0 0.00994727941907888 0 0 0 0 0 0 0 0 0 0
"stark" 0.146034598966524 0 0 0 0 0 0 0 0 0 0 0 0 0 0 0 0 0 0 0 0 0 0 0 0 0 0 0 0
"suffer" 0 0 0.0202040610162643 0 0 0 0 0.0195331575349155 0 0.012132977432662 0.0349283967865875 0.00938086303939963 0.0205317729185915 0.0117343346632246 0 0 0 0 0.00994727941907888 0 0 0 0 0 0 0 0 0 0
"system" 0 0 0.0808162440650571 0 0.0272963013511669 0.0135538086202223 0 0 0 0 0 0.00938086303939963 0 0 0.00852296940253985 0 0 0 0 0 0 0 0 0 0 0 0 0 0
"tail" 0 0 0.0101020305081321 0 0.0136481506755835 0.0135538086202223 0 0.00976657876745776 0 0.024265954865324 0 0 0.0102658864592958 0 0.0255689082076195 0 0 0.01170138076293 0.00994727941907888 0 0 0 0 0 0 0 0 0.0146391450739277 0
"thousands" 0 0 0 0 0 0 0 0.00976657876745776 0 0 0 0.0375234521575985 0.0102658864592958 0 0 0.013197835554969 0.0447127207690588 0.01170138076293 0 0 0 0 0 0.0368459837877671 0 0.0103691414350892 0 0 0
"tie" 0 0 0 0 0.0136481506755835 0.0135538086202223 0 0.00976657876745776 0.016996685646299 0 0 0.00938086303939963 0 0.0117343346632246 0 0 0.0670690811535882 0 0 0 0 0 0 0 0 0.0103691414350892 0 0.0292782901478554 0
"toys" 0 0 0 0 0 0.17619951206289 0 0 0 0 0 0 0 0 0 0 0 0 0 0 0 0 0 0 0 0 0 0 0
"trade" 0.0224668613794653 0 0 0 0.0136481506755835 0 0.0269106566200215 0 0 0 0 0 0 0 0 0 0.0223563603845294 0 0 0 0.0147666863555818 0.0279368626903199 0 0 0.0601926163723917 0.0103691414350892 0 0 0
"vader" 0 0 0.111122335589453 0.0237586124970302 0 0 0 0 0 0 0 0 0 0 0 0 0 0 0 0 0 0 0 0 0 0 0 0 0
"whether" 0 0.0377500943752359 0 0 0.0136481506755835 0 0 0 0 0 0.0116427989288625 0.0187617260787993 0.0102658864592958 0 0.00852296940253985 0 0.0223563603845294 0 0 0.0170415814587594 0 0 0 0 0.0200642054574639 0 0 0.0146391450739277 0.0181488203266788
"whom" 0 0.018875047187618 0 0 0.0409444520267504 0.0135538086202223 0 0 0.00849834282314949 0 0.0349283967865875 0.00938086303939963 0.0205317729185915 0 0 0 0 0 0 0 0 0 0 0 0 0.0103691414350892 0 0 0
"-all" 0 0 0.0202040610162643 0 0 0 0 0 0 0 0 0.00938086303939963 0 0 0 0.013197835554969 0 0.0819096653405102 0 0.0170415814587594 0 0 0 0 0 0 0 0 0
"-i^ll" 0 0 0.0202040610162643 0 0 0 0 0 0 0 0.0116427989288625 0 0 0 0 0 0 0 0 0.0852079072937969 0 0.0279368626903199 0 0 0 0 0 0.0292782901478554 0
"-red" 0 0 0.101020305081321 0 0 0 0.0269106566200215 0 0 0 0 0 0 0 0 0 0 0 0 0 0 0 0 0 0 0 0 0 0
"-the" 0 0 0.0202040610162643 0 0 0 0 0 0 0 0.04657119571545 0.00938086303939963 0 0 0 0 0 0.01170138076293 0 0.0340831629175187 0 0 0 0 0 0 0 0.0292782901478554 0
"absolutely" 0.0112334306897326 0.018875047187618 0.0101020305081321 0.0118793062485151 0 0 0 0.0195331575349155 0 0 0 0 0 0.0234686693264492 0 0.039593506664907 0 0 0 0 0 0 0 0 0.0200642054574639 0 0 0 0
"allowed" 0 0 0.0101020305081321 0 0.0136481506755835 0 0 0 0 0.0363989322979859 0.0116427989288625 0 0 0 0 0 0 0 0 0 0 0.0419052940354798 0 0 0.0200642054574639 0 0.0365697568111172 0 0
"andrews" 0 0 0 0 0 0 0 0 0.101980113877794 0 0 0 0 0 0 0 0 0 0 0 0 0 0 0 0 0 0 0 0
"animal" 0.0112334306897326 0.018875047187618 0 0 0.0136481506755835 0 0 0.00976657876745776 0 0 0 0 0 0 0.0170459388050797 0 0.0670690811535882 0 0 0 0 0.0419052940354798 0 0 0 0 0 0 0
"appreciate" 0 0 0 0 0 0 0 0.00976657876745776 0 0.024265954865324 0 0 0 0.0117343346632246 0.00852296940253985 0.039593506664907 0 0 0.00994727941907888 0 0 0.0139684313451599 0 0 0.0401284109149278 0 0 0 0
"armor" 0 0 0 0 0.0272963013511669 0 0.0134553283100108 0 0 0 0 0 0 0 0 0 0 0 0.0198945588381578 0.0511247443762781 0.0147666863555818 0.0139684313451599 0 0.0184229918938836 0 0 0 0.0146391450739277 0
"aside" 0 0 0 0 0.0272963013511669 0 0 0.00976657876745776 0.0339933712925979 0 0.0116427989288625 0 0.0205317729185915 0.0117343346632246 0 0 0 0 0 0 0 0 0 0.0184229918938836 0 0 0 0 0
"bastogne" 0 0 0 0 0 0 0 0 0 0 0 0 0 0 0 0 0 0 0.0994727941907888 0.0340831629175187 0 0 0 0 0 0 0 0 0
"became" 0 0 0 0 0.0136481506755835 0 0.0403659849300323 0 0.00849834282314949 0 0.023285597857725 0 0 0.0117343346632246 0.0340918776101594 0 0 0 0 0 0 0 0 0 0 0 0 0 0
"bigger" 0.0224668613794653 0 0.0101020305081321 0.0237586124970302 0 0.0135538086202223 0 0 0.00849834282314949 0.012132977432662 0 0 0 0 0.00852296940253985 0 0.0223563603845294 0 0 0.0340831629175187 0 0 0 0 0 0 0 0 0
"bleeding" 0 0 0 0 0 0 0 0 0.00849834282314949 0 0 0 0 0 0 0 0 0.01170138076293 0.00994727941907888 0 0 0 0 0 0.0802568218298555 0.0414765657403567 0 0.0146391450739277 0
"board" 0 0.018875047187618 0.0404081220325285 0.0118793062485151 0 0.0135538086202223 0 0 0 0 0 0 0.0102658864592958 0.0234686693264492 0.00852296940253985 0 0 0 0 0 0 0 0 0 0 0 0 0.0146391450739277 0
"book" 0 0 0 0.0118793062485151 0.0136481506755835 0 0 0.00976657876745776 0.00849834282314949 0.012132977432662 0.023285597857725 0 0 0 0 0.013197835554969 0 0.01170138076293 0 0 0 0.0139684313451599 0.0189825360668185 0 0 0.0103691414350892 0 0 0
"breathe" 0.0112334306897326 0 0 0 0 0 0 0 0.00849834282314949 0 0.0116427989288625 0.0187617260787993 0 0.0352030039896738 0 0 0 0 0 0 0.0295333727111636 0 0 0 0.0200642054574639 0 0 0 0.0181488203266788
"calls" 0 0 0 0.0237586124970302 0 0 0 0.00976657876745776 0 0 0 0 0.0102658864592958 0.0234686693264492 0 0 0 0.01170138076293 0.00994727941907888 0 0 0 0 0 0.0200642054574639 0.0103691414350892 0 0.0146391450739277 0.0181488203266788
"casualties" 0 0 0 0 0 0 0 0 0 0 0 0 0 0 0 0 0 0 0.0198945588381578 0 0 0 0 0.0184229918938836 0.0401284109149278 0.0103691414350892 0 0.0585565802957107 0.0362976406533575
"charles" 0 0 0 0 0 0 0 0 0 0 0 0 0 0 0.0596607858177789 0.013197835554969 0 0 0 0 0 0.0419052940354798 0.0189825360668185 0 0 0 0 0 0
"column" 0 0 0 0 0 0 0.0807319698600646 0 0 0 0 0.00938086303939963 0 0 0 0 0 0.0468055230517201 0 0 0.0147666863555818 0 0 0 0 0 0 0 0
"combination" 0 0 0 0 0 0 0.0134553283100108 0 0 0 0 0 0 0 0.0937526634279383 0 0 0 0 0 0 0 0 0 0 0 0 0 0
"convoy" 0 0 0.0101020305081321 0 0 0 0 0 0 0 0 0 0 0 0 0 0 0.1170138076293 0 0 0 0 0 0 0 0 0 0.0146391450739277 0
"cursed" 0.0112334306897326 0 0 0 0 0 0 0 0 0.012132977432662 0 0 0.041063545837183 0.0704060079793476 0 0 0 0 0 0 0 0 0 0 0 0 0 0 0
"dawn" 0.0112334306897326 0 0 0 0 0 0.0134553283100108 0 0 0 0.0116427989288625 0.0375234521575985 0.0205317729185915 0.0117343346632246 0 0 0.0223563603845294 0 0 0 0 0 0 0 0 0.0103691414350892 0 0 0
"delta" 0 0 0 0.0118793062485151 0 0 0 0 0 0 0 0 0 0 0 0 0 0.1170138076293 0 0 0 0.0139684313451599 0 0 0 0 0 0 0
"disappointed" 0.0337002920691979 0 0 0 0 0 0 0 0 0.012132977432662 0 0 0 0 0.0511378164152391 0 0 0 0 0 0 0 0.0189825360668185 0.0184229918938836 0 0 0 0 0
"doin" 0 0 0 0 0 0.0813228517213337 0 0 0 0 0 0 0 0 0 0 0.0894254415381176 0 0 0 0 0 0 0.0184229918938836 0 0.0103691414350892 0 0 0
"droid" 0 0 0.121224366097586 0 0 0 0 0 0 0 0 0 0 0 0 0 0 0 0 0 0 0 0 0 0 0 0 0 0
"dwarves" 0.0224668613794653 0 0 0 0 0 0 0 0 0 0.0349283967865875 0.0375234521575985 0.0307976593778873 0 0 0 0 0 0 0 0 0 0 0 0 0 0 0 0
"ease" 0 0 0.0101020305081321 0 0 0.0135538086202223 0 0 0 0 0 0.0187617260787993 0.0205317729185915 0 0 0 0 0 0 0.0170415814587594 0 0.0139684313451599 0 0 0 0.0207382828701783 0.0182848784055586 0.0146391450739277 0
"elf" 0.0112334306897326 0 0 0 0 0 0 0 0 0 0.04657119571545 0.0375234521575985 0.0307976593778873 0 0 0 0 0 0 0 0 0 0 0 0 0 0 0 0
"enter" 0 0 0 0 0.0272963013511669 0.0271076172404446 0 0 0.00849834282314949 0 0.023285597857725 0.00938086303939963 0.0102658864592958 0 0.0170459388050797 0 0 0 0 0.0170415814587594 0 0 0 0 0 0 0 0 0
"eversmann" 0 0 0 0 0 0 0 0 0 0 0 0 0 0 0 0 0 0.14041656915516 0 0 0 0 0 0 0 0 0 0 0
"figured" 0.0112334306897326 0.0377500943752359 0 0.0356379187455453 0 0 0 0 0.00849834282314949 0 0 0 0 0.0352030039896738 0 0 0 0 0.0198945588381578 0 0 0 0 0 0 0 0 0 0
"fires" 0 0 0 0 0 0 0 0 0 0 0.0582139946443125 0.0375234521575985 0 0 0 0 0.0223563603845294 0.01170138076293 0 0 0 0 0 0.0184229918938836 0 0 0 0 0
"fischer^s" 0 0 0 0 0 0 0 0 0 0 0 0 0 0 0.102275632830478 0 0 0 0 0 0 0 0 0 0 0 0 0 0
"further" 0 0 0 0 0.0136481506755835 0 0 0 0.00849834282314949 0 0 0.0281425891181989 0.0102658864592958 0.0117343346632246 0.0170459388050797 0 0 0 0 0 0 0 0.0189825360668185 0.0184229918938836 0 0 0 0.0146391450739277 0
"greatest" 0.0337002920691979 0 0 0 0 0.0406614258606668 0.0269106566200215 0.00976657876745776 0 0 0 0 0.0102658864592958 0.0117343346632246 0 0.013197835554969 0 0 0 0 0 0 0 0 0 0 0 0 0
"h" 0 0 0 0 0 0 0 0 0 0.012132977432662 0 0 0 0 0 0 0 0 0 0 0 0.0558737253806398 0 0 0.100321027287319 0.0103691414350892 0 0.0146391450739277 0
"halt" 0 0 0 0 0.0409444520267504 0.0135538086202223 0.0134553283100108 0 0 0 0 0 0.0102658864592958 0 0 0 0 0 0.0198945588381578 0 0 0 0 0.0736919675755343 0 0 0 0 0
"harm" 0 0.0377500943752359 0 0 0 0 0 0 0 0 0.0116427989288625 0.0281425891181989 0 0.0117343346632246 0 0.013197835554969 0.0447127207690588 0.01170138076293 0 0 0 0 0 0 0 0 0.0182848784055586 0 0
"hates" 0.0112334306897326 0 0 0 0 0 0.0134553283100108 0 0 0.012132977432662 0.023285597857725 0.00938086303939963 0.041063545837183 0 0 0 0 0 0 0 0 0.0279368626903199 0 0 0 0 0 0 0
"heffron" 0 0 0 0 0 0 0 0 0 0 0 0 0 0 0 0 0 0 0.0795782353526311 0.0511247443762781 0.0147666863555818 0 0 0 0 0 0 0 0
"hidden" 0 0.018875047187618 0.0303060915243964 0 0.0136481506755835 0 0 0 0.016996685646299 0.012132977432662 0.0116427989288625 0.00938086303939963 0.0102658864592958 0.0117343346632246 0 0 0 0 0 0 0 0 0 0 0 0 0 0 0
"holes" 0 0.018875047187618 0 0 0 0 0 0 0.00849834282314949 0 0 0.00938086303939963 0 0.0117343346632246 0 0 0 0 0.00994727941907888 0.0170415814587594 0 0.0139684313451599 0 0.0368459837877671 0.0200642054574639 0.0207382828701783 0 0 0
"holland" 0 0 0 0 0 0 0 0 0 0 0 0 0 0 0 0 0 0 0.0895255147717099 0.0511247443762781 0 0 0 0 0 0 0 0 0
"human" 0.0112334306897326 0 0.0101020305081321 0.0118793062485151 0 0 0 0 0 0 0 0 0 0.0117343346632246 0 0 0.134138162307176 0 0 0 0 0.0279368626903199 0 0 0 0 0 0 0
"interesting" 0 0 0.0202040610162643 0.0118793062485151 0 0.0135538086202223 0 0 0.016996685646299 0 0 0 0 0.0352030039896738 0.00852296940253985 0 0 0 0 0 0 0.0139684313451599 0.0189825360668185 0 0 0 0 0 0
"involved" 0 0 0.0202040610162643 0 0 0 0 0.0195331575349155 0.016996685646299 0 0.0116427989288625 0 0 0 0.00852296940253985 0 0 0 0 0.0170415814587594 0 0.0139684313451599 0 0 0 0.0103691414350892 0.0182848784055586 0 0
"isildur" 0 0 0 0 0 0 0 0 0 0 0.128070788217487 0 0.0102658864592958 0 0 0 0 0 0 0 0 0 0 0 0 0 0 0 0
"journey" 0.0112334306897326 0 0 0.0118793062485151 0 0.0135538086202223 0.0134553283100108 0 0 0 0.0116427989288625 0.00938086303939963 0.0615953187557746 0 0 0 0 0 0 0 0 0 0 0 0 0 0 0 0
"keys" 0 0 0 0.0593965312425754 0 0 0 0 0.00849834282314949 0.0363989322979859 0 0 0.0102658864592958 0 0 0 0.0447127207690588 0 0 0 0 0 0 0 0 0 0 0 0
"kings" 0 0 0 0 0.0272963013511669 0 0 0 0 0 0.0349283967865875 0.0187617260787993 0.0513294322964788 0 0 0 0 0 0 0 0 0 0 0 0 0 0 0 0
"lad" 0 0 0 0 0.0272963013511669 0 0 0 0.00849834282314949 0 0.023285597857725 0.0281425891181989 0.0307976593778873 0.0117343346632246 0 0 0 0 0 0 0 0 0 0 0 0 0 0 0
"lads" 0 0 0 0 0.0136481506755835 0 0 0 0.0679867425851959 0 0 0 0.0205317729185915 0.0117343346632246 0 0 0 0 0 0 0 0 0 0 0 0 0 0 0
"leaves" 0 0 0 0 0 0.0135538086202223 0 0 0 0.024265954865324 0 0.0281425891181989 0.0205317729185915 0.0234686693264492 0 0 0 0 0 0 0 0 0 0.0184229918938836 0 0 0 0.0146391450739277 0
"list" 0 0 0 0 0 0 0.0403659849300323 0.0292997363023733 0.0254950284694485 0 0.0116427989288625 0 0 0 0 0 0 0 0 0 0 0.0139684313451599 0 0 0 0 0 0 0.0181488203266788
"listening" 0.0224668613794653 0 0 0 0 0 0 0.00976657876745776 0.00849834282314949 0 0 0.0187617260787993 0 0.0234686693264492 0.00852296940253985 0 0 0 0 0.0170415814587594 0 0 0 0.0184229918938836 0 0.0103691414350892 0 0 0
"loaded" 0 0.0377500943752359 0 0 0 0 0 0 0 0 0 0 0 0 0.0170459388050797 0 0.0223563603845294 0.0351041422887901 0.00994727941907888 0 0 0.0279368626903199 0 0 0 0 0 0.0146391450739277 0
"lots" 0 0 0 0 0 0.0135538086202223 0 0 0.00849834282314949 0.012132977432662 0 0.00938086303939963 0 0 0.00852296940253985 0.039593506664907 0 0 0.00994727941907888 0 0.0147666863555818 0.0139684313451599 0.0189825360668185 0 0 0 0 0 0
"lucius" 0 0 0 0 0 0 0.161463939720129 0 0 0 0 0 0 0 0 0 0 0 0 0 0 0 0 0 0 0 0 0 0
"mary" 0 0 0 0 0 0 0 0 0.0254950284694485 0 0 0 0 0.0117343346632246 0 0 0 0 0.00994727941907888 0 0 0.0838105880709596 0 0.0184229918938836 0 0 0 0 0
"mayor" 0 0 0 0.130672368733666 0 0 0 0 0 0 0 0 0 0 0 0 0 0 0 0 0 0 0 0 0 0 0 0.0146391450739277 0
"mellish" 0 0 0 0 0 0 0 0 0 0 0 0 0 0 0 0 0 0 0 0 0 0 0 0 0 0.12442969722107 0 0 0
"mercy" 0.0224668613794653 0 0.0101020305081321 0 0.0272963013511669 0 0.0269106566200215 0 0 0 0.0116427989288625 0 0.0102658864592958 0.0117343346632246 0.00852296940253985 0 0 0 0 0 0.0147666863555818 0 0 0 0 0 0 0 0
"movement" 0.0224668613794653 0 0 0 0 0 0.0134553283100108 0 0 0.012132977432662 0 0 0 0 0 0 0 0.01170138076293 0 0 0 0.0139684313451599 0 0.0368459837877671 0.0200642054574639 0 0 0.0146391450739277 0.0362976406533575
"moves" 0 0 0.0101020305081321 0 0 0.0135538086202223 0 0 0 0.024265954865324 0.0116427989288625 0 0.041063545837183 0 0 0.013197835554969 0 0 0 0 0 0.0139684313451599 0 0 0.0200642054574639 0 0 0 0
"music" 0 0 0 0.0356379187455453 0.0136481506755835 0 0 0 0.00849834282314949 0.012132977432662 0 0.00938086303939963 0 0 0.0426148470126992 0 0 0 0 0 0 0 0 0 0 0 0 0 0
"note" 0 0 0 0.0118793062485151 0.0545926027023338 0.0135538086202223 0 0 0.00849834282314949 0.012132977432662 0.0116427989288625 0 0 0 0 0 0 0 0 0 0 0.0139684313451599 0.0189825360668185 0 0.0200642054574639 0 0 0 0
"notice" 0 0 0 0 0 0.0135538086202223 0 0 0 0.012132977432662 0 0 0 0.0234686693264492 0.00852296940253985 0.013197835554969 0.0223563603845294 0.01170138076293 0.0298418382572366 0 0 0 0 0 0 0 0.0182848784055586 0 0
"oil" 0 0 0.0101020305081321 0.0118793062485151 0 0 0 0.0292997363023733 0 0 0 0 0.0205317729185915 0 0 0 0.0223563603845294 0 0 0 0 0 0 0 0.0401284109149278 0 0.0182848784055586 0.0146391450739277 0
"ourselves" 0 0 0 0.0237586124970302 0 0 0 0.00976657876745776 0 0 0 0 0.0307976593778873 0.0234686693264492 0.0170459388050797 0.013197835554969 0 0 0.00994727941907888 0 0 0 0 0 0 0 0 0 0
"pal" 0.0224668613794653 0 0 0.0118793062485151 0 0.0271076172404446 0 0 0 0 0 0 0 0 0 0 0 0 0.0397891176763155 0.0340831629175187 0 0 0 0 0 0.0103691414350892 0 0 0
"parley" 0 0 0 0 0 0 0 0 0 0 0 0 0 0.140812015958695 0 0 0 0 0 0 0 0 0 0 0 0 0 0 0
"piss" 0.0112334306897326 0 0 0 0 0 0 0 0 0 0 0 0 0 0 0 0 0 0 0.0170415814587594 0 0 0.0379650721336371 0.0368459837877671 0 0.0103691414350892 0.0731395136222344 0 0.0181488203266788
"plans" 0 0 0.101020305081321 0 0 0 0 0 0 0.012132977432662 0 0 0 0 0.00852296940253985 0 0 0 0 0 0 0 0 0 0 0 0 0 0
"possibly" 0.0224668613794653 0.018875047187618 0.0202040610162643 0 0 0.0135538086202223 0 0 0.016996685646299 0 0.0116427989288625 0 0 0 0 0 0.0223563603845294 0 0 0 0.0147666863555818 0 0 0 0 0 0 0.0146391450739277 0
"practice" 0 0 0 0 0.0136481506755835 0 0 0.00976657876745776 0.0254950284694485 0 0 0 0 0.0352030039896738 0.0170459388050797 0 0 0.01170138076293 0 0 0 0 0 0 0 0 0 0.0146391450739277 0
"princess" 0 0 0.0909182745731892 0 0.0272963013511669 0.0135538086202223 0 0 0 0 0 0 0 0 0 0 0 0 0 0 0 0 0 0 0 0 0 0 0
"prison" 0 0 0.0101020305081321 0.0118793062485151 0 0 0.0269106566200215 0.0195331575349155 0 0 0 0 0 0 0.00852296940253985 0 0 0 0 0 0 0 0.0949126803340926 0 0 0 0 0 0
"receiving" 0 0 0 0 0 0 0 0 0 0 0 0 0 0 0 0.039593506664907 0 0.01170138076293 0 0 0 0.0279368626903199 0 0 0.100321027287319 0 0 0 0.0181488203266788
"responsibility" 0 0 0.0101020305081321 0.0356379187455453 0 0 0 0 0 0 0 0 0 0 0.00852296940253985 0.013197835554969 0 0.01170138076293 0 0 0.0147666863555818 0 0.0759301442672741 0 0 0 0 0 0
"rich" 0.0112334306897326 0 0.0303060915243964 0.0118793062485151 0.0136481506755835 0 0.0269106566200215 0 0.00849834282314949 0 0 0 0 0.0117343346632246 0 0 0 0 0.00994727941907888 0 0 0 0 0 0.0200642054574639 0 0 0 0
"rope" 0.0112334306897326 0 0 0.0118793062485151 0.0136481506755835 0 0 0 0.00849834282314949 0 0.0116427989288625 0.0281425891181989 0 0.0117343346632246 0 0 0 0.0351041422887901 0 0 0 0 0 0 0 0 0 0 0
"rough" 0.0112334306897326 0 0.0101020305081321 0 0 0.0135538086202223 0 0.0195331575349155 0 0.012132977432662 0 0 0 0.0117343346632246 0 0 0 0 0 0 0 0 0.0189825360668185 0.0368459837877671 0 0 0 0.0292782901478554 0
"rules" 0 0 0 0 0 0.0135538086202223 0 0 0 0 0.0116427989288625 0 0 0.0469373386528984 0.00852296940253985 0 0 0.01170138076293 0 0 0 0 0.0379650721336371 0 0 0.0207382828701783 0 0 0
"russians" 0 0 0 0 0 0 0 0 0 0 0 0 0 0 0 0 0 0 0 0 0 0 0 0 0 0 0.219418540866703 0 0
"sails" 0 0 0 0 0 0 0 0 0 0 0 0 0.0102658864592958 0.117343346632246 0 0 0 0 0 0 0 0 0 0.0184229918938836 0 0 0 0 0
"santino" 0 0 0 0 0 0 0 0.117198945209493 0 0 0 0 0 0 0 0 0 0 0 0 0 0 0 0 0 0 0 0 0
"sending" 0 0 0.0101020305081321 0.0475172249940603 0 0 0 0 0 0 0 0 0.0102658864592958 0 0 0 0 0.01170138076293 0 0.0170415814587594 0.0147666863555818 0 0 0 0 0.0103691414350892 0 0.0146391450739277 0.0181488203266788
"served" 0.0112334306897326 0 0.0101020305081321 0 0 0 0.0807319698600646 0 0 0 0 0.00938086303939963 0 0 0 0 0 0 0.00994727941907888 0 0 0 0.0189825360668185 0 0 0.0103691414350892 0 0 0
"slept" 0 0 0 0 0 0 0.0134553283100108 0.00976657876745776 0.016996685646299 0 0 0 0 0 0 0 0.0223563603845294 0 0 0.0170415814587594 0 0 0.0189825360668185 0 0.0401284109149278 0.0103691414350892 0.0182848784055586 0.0146391450739277 0
"snake" 0 0.0377500943752359 0 0 0 0.0271076172404446 0.0269106566200215 0 0.00849834282314949 0.0485319097306479 0 0.00938086303939963 0 0 0 0 0 0 0 0 0 0 0 0 0 0 0 0 0
"starboard" 0 0 0.0101020305081321 0 0 0 0 0 0.0509900569388969 0 0 0 0 0.0352030039896738 0 0 0 0 0 0 0 0 0 0 0 0.0207382828701783 0 0 0
"stayed" 0.0224668613794653 0.018875047187618 0.0101020305081321 0 0.0136481506755835 0 0 0.00976657876745776 0 0 0.0116427989288625 0.0187617260787993 0 0 0.00852296940253985 0.013197835554969 0 0 0 0 0.0147666863555818 0 0 0 0 0 0 0 0
"stood" 0 0 0 0.0237586124970302 0.0136481506755835 0 0.0134553283100108 0.0195331575349155 0 0.012132977432662 0 0.0187617260787993 0.0205317729185915 0 0 0 0 0 0 0 0 0 0 0 0 0 0 0.0146391450739277 0
"taste" 0 0.018875047187618 0 0 0 0 0 0 0.00849834282314949 0.012132977432662 0.0116427989288625 0.0187617260787993 0.041063545837183 0 0.00852296940253985 0 0 0.01170138076293 0 0 0 0 0 0 0 0 0 0 0
"thee" 0 0 0 0 0.0409444520267504 0 0 0 0.016996685646299 0 0 0 0.0307976593778873 0 0 0 0 0 0 0 0 0 0 0 0 0.0414765657403567 0 0 0
"thou" 0 0 0 0 0.136481506755835 0 0 0 0 0 0 0 0 0 0 0 0 0 0 0 0 0 0 0 0 0.0103691414350892 0 0.0146391450739277 0
"thunder" 0 0 0 0 0 0 0.0134553283100108 0 0 0 0 0 0 0 0 0 0 0 0 0 0.103366804489073 0 0 0 0 0.0414765657403567 0 0 0
"uniform" 0 0 0.0101020305081321 0 0 0 0 0 0 0 0 0 0 0 0 0 0 0.0468055230517201 0.00994727941907888 0.0170415814587594 0.0147666863555818 0 0 0.0368459837877671 0.0200642054574639 0 0 0.0146391450739277 0
"united" 0 0.018875047187618 0 0.0118793062485151 0 0 0 0 0 0 0 0 0 0 0.00852296940253985 0 0 0 0 0.0170415814587594 0 0.0419052940354798 0 0.0368459837877671 0 0.0207382828701783 0 0.0146391450739277 0
"using" 0.0112334306897326 0 0 0 0.0136481506755835 0.0135538086202223 0 0 0.00849834282314949 0 0 0 0 0 0.00852296940253985 0 0 0 0.0198945588381578 0.0170415814587594 0 0 0 0.0184229918938836 0 0 0 0 0.0544464609800363
"utah" 0 0 0 0 0 0 0 0 0 0 0 0 0 0 0 0 0 0 0 0 0.0886001181334908 0 0 0 0 0.0103691414350892 0 0.0731957253696384 0
"warning" 0.0112334306897326 0.018875047187618 0 0 0.0136481506755835 0 0 0 0.016996685646299 0.024265954865324 0.023285597857725 0.00938086303939963 0.0205317729185915 0 0 0 0 0 0 0 0 0 0 0 0 0 0 0 0
"weak" 0 0 0.0101020305081321 0 0 0 0 0.0195331575349155 0 0.0363989322979859 0.0116427989288625 0.0281425891181989 0.0102658864592958 0 0 0 0 0 0 0 0 0 0 0 0 0.0103691414350892 0 0 0
"what^d" 0.0112334306897326 0.0377500943752359 0 0 0 0.0135538086202223 0 0 0 0 0 0 0 0 0 0 0 0 0.0198945588381578 0 0 0.0139684313451599 0 0.0368459837877671 0 0.0311074243052675 0 0 0
"wine" 0 0 0 0 0 0 0.0403659849300323 0.039066315069831 0 0 0 0 0 0.0117343346632246 0 0 0 0 0 0 0 0 0 0.0184229918938836 0 0 0.0365697568111172 0.0146391450739277 0
"-hold" 0 0 0.0202040610162643 0 0 0 0 0 0 0 0.023285597857725 0.00938086303939963 0 0 0 0 0 0.0468055230517201 0 0.0170415814587594 0 0 0 0 0 0 0 0.0146391450739277 0
"-not" 0 0 0.0202040610162643 0 0 0 0 0 0 0 0 0.00938086303939963 0 0 0 0.013197835554969 0 0.0351041422887901 0 0.0340831629175187 0 0 0 0 0 0 0 0.0292782901478554 0
"-roger" 0 0 0 0 0 0 0 0 0 0 0 0 0 0 0 0 0 0.12871518839223 0 0 0 0 0 0 0 0 0 0 0
"amen" 0 0 0 0 0.0272963013511669 0 0 0.00976657876745776 0.00849834282314949 0 0 0 0 0 0 0 0 0 0.0298418382572366 0 0.0147666863555818 0.0139684313451599 0 0 0 0.0207382828701783 0 0 0
"angry" 0.0112334306897326 0 0 0.0356379187455453 0 0 0 0.00976657876745776 0 0.012132977432662 0.023285597857725 0 0.0102658864592958 0 0 0 0 0 0 0 0 0 0 0 0.0200642054574639 0.0103691414350892 0 0 0
"apart" 0 0 0.0303060915243964 0 0.0409444520267504 0.0135538086202223 0.0134553283100108 0 0.016996685646299 0 0 0 0 0 0 0 0 0 0 0 0 0 0 0 0 0 0.0182848784055586 0 0
"areyou" 0 0 0 0 0 0 0 0 0.0934817710546443 0 0 0 0 0 0 0 0 0 0 0 0 0 0 0 0 0 0 0 0
"awake" 0 0 0 0 0 0 0 0 0 0 0.0116427989288625 0.00938086303939963 0.0102658864592958 0.0117343346632246 0.0170459388050797 0 0 0 0 0.0170415814587594 0 0 0 0 0.0200642054574639 0.0311074243052675 0 0 0
"barely" 0.0112334306897326 0 0.0101020305081321 0 0 0 0 0 0 0 0.0116427989288625 0.00938086303939963 0 0 0.00852296940253985 0 0.0223563603845294 0.0234027615258601 0 0.0170415814587594 0 0 0 0 0 0.0103691414350892 0 0.0146391450739277 0
"beauty" 0 0 0 0 0 0 0 0.0195331575349155 0.00849834282314949 0 0 0.00938086303939963 0.0205317729185915 0 0 0.013197835554969 0 0 0 0 0.0147666863555818 0 0 0.0184229918938836 0.0200642054574639 0 0 0.0146391450739277 0
"ben" 0.0112334306897326 0 0.0909182745731892 0 0 0 0 0 0 0 0 0 0 0 0 0 0 0 0 0 0 0 0 0 0 0.0103691414350892 0 0 0
"berlin" 0 0.0755001887504719 0 0 0 0 0 0 0 0 0 0 0 0 0 0 0 0 0.00994727941907888 0.0170415814587594 0.0443000590667454 0 0.0189825360668185 0 0 0.0103691414350892 0 0 0
"bless" 0 0 0 0 0.0136481506755835 0 0 0 0 0.024265954865324 0 0.00938086303939963 0.0102658864592958 0 0 0 0 0 0.0397891176763155 0.0170415814587594 0 0 0 0 0.0200642054574639 0 0 0 0
"brain" 0.0112334306897326 0.018875047187618 0 0.0118793062485151 0.0136481506755835 0.0271076172404446 0 0.00976657876745776 0 0.012132977432662 0 0 0 0 0.0255689082076195 0 0 0 0 0 0 0 0 0 0 0 0 0 0
"bravo" 0 0 0 0.0118793062485151 0 0.0135538086202223 0 0 0.0254950284694485 0 0 0 0 0 0 0 0 0 0 0 0 0 0.0379650721336371 0 0 0 0 0 0.0725952813067151
"breakfast" 0 0 0 0.0118793062485151 0.0136481506755835 0 0 0 0 0.012132977432662 0.0349283967865875 0 0 0 0 0.039593506664907 0 0 0 0 0 0 0 0 0.0401284109149278 0 0 0 0
"britons" 0 0 0 0 0.150129657431418 0 0 0 0 0 0 0 0 0 0 0 0 0 0 0 0 0 0 0 0 0 0 0 0
"burned" 0.0224668613794653 0 0 0 0.0272963013511669 0 0.0134553283100108 0 0 0 0 0.00938086303939963 0 0.0117343346632246 0 0 0.0670690811535882 0 0 0 0 0 0.0189825360668185 0 0 0 0 0 0
"caparzo" 0 0 0 0 0 0 0 0 0 0 0 0 0 0 0 0 0 0 0 0 0 0 0 0 0 0.114060555785981 0 0 0
"captured" 0 0 0.0303060915243964 0 0 0 0 0 0 0 0 0 0 0 0 0 0 0 0.00994727941907888 0 0.0295333727111636 0 0.0189825360668185 0 0 0 0.0182848784055586 0.043917435221783 0
"chief" 0 0 0 0 0 0.0135538086202223 0.0134553283100108 0 0 0 0 0.00938086303939963 0 0.0117343346632246 0 0 0 0.01170138076293 0 0 0.0147666863555818 0.0279368626903199 0 0 0 0.0207382828701783 0 0 0.0181488203266788
"chosen" 0.0112334306897326 0 0.0101020305081321 0 0.0136481506755835 0.0271076172404446 0.0134553283100108 0 0 0 0.023285597857725 0 0 0.0117343346632246 0 0.013197835554969 0 0 0 0 0 0 0 0 0 0 0.0182848784055586 0 0
"consigliere" 0 0 0 0 0 0 0 0.107432366442035 0 0 0 0 0 0 0 0 0 0 0 0 0 0 0 0 0 0 0 0 0
"crap" 0.0224668613794653 0 0 0 0 0 0 0.00976657876745776 0 0 0 0 0 0 0 0 0.0447127207690588 0 0.00994727941907888 0 0 0 0 0 0 0.0103691414350892 0.0182848784055586 0.0292782901478554 0.0181488203266788
"dare" 0 0 0.0101020305081321 0 0.0136481506755835 0.0135538086202223 0.0269106566200215 0 0.00849834282314949 0 0.0116427989288625 0 0.0102658864592958 0.0234686693264492 0 0 0 0 0 0 0 0 0.0189825360668185 0 0 0 0 0 0
"defeat" 0 0 0 0 0.0272963013511669 0 0 0 0 0 0.0116427989288625 0.00938086303939963 0.0513294322964788 0 0.00852296940253985 0 0 0 0 0 0 0 0 0.0184229918938836 0 0 0 0 0
"defense" 0 0 0.0202040610162643 0 0 0 0 0 0 0.012132977432662 0 0.00938086303939963 0.0307976593778873 0 0.0170459388050797 0 0 0 0.00994727941907888 0.0170415814587594 0 0 0 0 0 0 0 0 0
"deserve" 0 0 0 0 0 0.0135538086202223 0 0.00976657876745776 0 0 0.0349283967865875 0.0187617260787993 0 0.0117343346632246 0 0 0 0 0 0 0 0 0 0 0.0200642054574639 0.0207382828701783 0 0 0
"direct" 0 0 0.0202040610162643 0 0 0 0 0 0 0.012132977432662 0 0 0 0 0.00852296940253985 0 0 0.01170138076293 0 0 0 0.0139684313451599 0 0.0368459837877671 0.0401284109149278 0 0 0.0146391450739277 0
"dollars" 0.0112334306897326 0.018875047187618 0 0 0 0 0 0.0683660513722043 0 0 0 0 0 0 0 0 0 0 0 0 0 0 0 0 0 0 0 0.0292782901478554 0
"eames" 0 0 0 0 0 0 0 0 0 0 0 0 0 0 0.0937526634279383 0 0 0 0 0 0 0 0 0 0 0 0 0 0
"effect" 0 0 0 0.0118793062485151 0.0136481506755835 0 0 0 0 0 0 0 0 0.0117343346632246 0.0170459388050797 0.013197835554969 0 0 0 0.0340831629175187 0 0 0 0 0 0 0 0 0.0544464609800363
"engines" 0.0224668613794653 0.0755001887504719 0.0101020305081321 0 0 0 0 0 0.0254950284694485 0 0 0 0 0 0 0 0 0 0 0 0 0 0 0 0.0200642054574639 0 0 0 0
"enjoy" 0 0 0 0 0 0 0.0134553283100108 0.00976657876745776 0.00849834282314949 0 0.0116427989288625 0.00938086303939963 0.0102658864592958 0 0.00852296940253985 0 0 0.01170138076293 0.00994727941907888 0 0.0147666863555818 0 0.0189825360668185 0 0 0 0 0 0
"evans" 0 0 0 0 0 0 0 0 0 0 0 0 0 0 0 0 0 0 0 0 0.0295333727111636 0 0 0.165806927044952 0 0 0 0 0
"fallen" 0 0.018875047187618 0.0101020305081321 0.0118793062485151 0.0136481506755835 0 0 0 0 0 0.0116427989288625 0.00938086303939963 0.0307976593778873 0 0 0 0 0.01170138076293 0 0 0 0 0 0 0.0200642054574639 0 0 0 0
"favour" 0 0 0 0 0 0 0 0.0781326301396621 0 0 0 0 0 0 0 0 0 0.01170138076293 0 0 0 0 0 0 0 0.0103691414350892 0.0182848784055586 0 0
"flash" 0.0224668613794653 0 0 0 0 0 0 0 0 0 0 0 0 0.0117343346632246 0 0 0 0 0 0 0.0886001181334908 0 0 0 0 0.0207382828701783 0 0 0
"flight" 0 0 0.0202040610162643 0 0.0272963013511669 0 0 0.00976657876745776 0.00849834282314949 0 0 0 0 0 0.0170459388050797 0 0 0 0 0 0 0 0.0379650721336371 0 0 0 0 0 0.0181488203266788
"folks" 0.0112334306897326 0 0 0 0 0.0135538086202223 0 0 0 0 0 0 0 0 0 0.0923848488847829 0 0 0.00994727941907888 0 0 0 0 0.0184229918938836 0 0 0 0 0
"forth" 0 0 0 0 0.0136481506755835 0 0 0 0 0.012132977432662 0.0116427989288625 0.00938086303939963 0.0513294322964788 0 0.0170459388050797 0 0 0 0 0 0 0 0 0 0 0 0 0 0
"fresh" 0 0.018875047187618 0 0 0 0 0.0134553283100108 0 0.00849834282314949 0 0 0.0187617260787993 0.0102658864592958 0 0.00852296940253985 0 0 0 0 0 0 0.0279368626903199 0 0.0184229918938836 0 0 0.0182848784055586 0 0
"friendly" 0.0112334306897326 0 0 0 0 0 0 0.00976657876745776 0 0.012132977432662 0 0 0 0.0117343346632246 0 0 0 0.0234027615258601 0 0.0170415814587594 0 0 0.0189825360668185 0 0 0.0103691414350892 0 0 0.0362976406533575
"fubar" 0 0 0 0 0 0 0 0 0 0 0 0 0 0 0 0 0 0 0 0 0 0 0 0 0 0.114060555785981 0 0 0
"garry" 0 0 0 0 0 0 0 0 0 0 0 0 0 0 0 0 0.245919964229823 0 0 0 0 0 0 0 0 0 0 0 0
"gather" 0 0 0 0 0 0.0135538086202223 0 0 0 0.024265954865324 0 0 0.0102658864592958 0 0 0 0 0.01170138076293 0 0.0340831629175187 0 0 0 0.0184229918938836 0 0.0311074243052675 0 0 0
"glass" 0 0 0 0 0.0136481506755835 0 0 0 0 0.012132977432662 0 0 0.0307976593778873 0.0234686693264492 0.00852296940253985 0.026395671109938 0 0 0.00994727941907888 0 0 0 0 0 0 0 0 0 0
"good-bye" 0 0.018875047187618 0 0 0 0.0135538086202223 0 0 0.0509900569388969 0 0 0 0 0 0 0 0 0 0 0 0 0.0419052940354798 0 0 0 0 0 0 0
"hardly" 0 0 0 0 0 0 0 0 0.00849834282314949 0 0.023285597857725 0.00938086303939963 0 0.0117343346632246 0 0.026395671109938 0 0.01170138076293 0 0 0 0 0.0379650721336371 0.0184229918938836 0 0 0 0 0
"highness" 0 0 0.0303060915243964 0 0 0 0.107642626480086 0 0 0 0 0 0 0 0 0 0 0 0 0 0 0 0 0 0 0 0 0 0
"hockley" 0 0 0 0 0 0 0 0 0.0934817710546443 0 0 0 0 0 0 0 0 0 0 0 0 0 0 0 0 0 0 0 0
"hon" 0 0 0 0 0 0 0 0 0 0 0 0 0 0 0 0.145176191104659 0 0 0 0 0 0 0 0 0 0 0 0 0
"honest" 0 0 0 0 0 0 0 0.00976657876745776 0.00849834282314949 0 0.0116427989288625 0 0.0102658864592958 0.0352030039896738 0 0 0 0.01170138076293 0.00994727941907888 0 0 0 0 0 0 0.0207382828701783 0 0 0
"hulk" 0.123567737587059 0 0 0 0 0 0 0 0 0 0 0 0 0 0 0 0 0 0 0 0 0 0 0 0 0 0 0 0
"ideas" 0 0 0.0202040610162643 0.0118793062485151 0 0 0 0 0.00849834282314949 0.012132977432662 0 0 0 0.0117343346632246 0 0.039593506664907 0.0223563603845294 0.01170138076293 0 0 0 0 0 0 0 0 0 0 0
"infantry" 0 0 0 0 0 0 0.0134553283100108 0 0 0 0 0 0 0 0 0 0 0 0.0198945588381578 0.0852079072937969 0.0147666863555818 0.0139684313451599 0 0 0 0.0103691414350892 0 0 0
"infinity" 0.0449337227589306 0 0 0 0 0.094876660341556 0 0 0 0 0 0 0 0 0 0 0 0 0 0 0 0 0 0 0 0 0 0 0
"inland" 0 0 0 0 0 0 0 0 0 0 0 0 0 0 0 0 0 0 0 0 0.0443000590667454 0 0 0 0 0 0 0.117113160591421 0
"jackson" 0 0 0 0 0 0 0 0 0 0 0 0 0 0 0 0 0 0 0 0 0 0 0 0 0 0.114060555785981 0 0 0
"knife" 0 0 0 0 0 0.0135538086202223 0 0.00976657876745776 0.016996685646299 0 0.0116427989288625 0 0.0102658864592958 0 0 0 0 0 0 0 0.0295333727111636 0 0.0189825360668185 0 0 0.0103691414350892 0 0.0146391450739277 0
"l^ll" 0 0 0 0 0 0 0 0 0 0 0 0 0 0 0 0 0.245919964229823 0 0 0 0 0 0 0 0 0 0 0 0
"launch" 0 0 0 0 0 0.0813228517213337 0 0 0.00849834282314949 0 0 0 0 0.0117343346632246 0 0 0 0.01170138076293 0 0 0 0.0139684313451599 0 0 0 0 0 0.0146391450739277 0
"likes" 0.0112334306897326 0 0.0101020305081321 0.0118793062485151 0 0 0 0 0.00849834282314949 0 0 0.00938086303939963 0.0102658864592958 0.0117343346632246 0.0170459388050797 0.013197835554969 0 0.01170138076293 0 0 0 0 0 0 0 0 0 0 0
"lived" 0.0112334306897326 0 0 0.0118793062485151 0.0136481506755835 0 0 0 0.016996685646299 0.012132977432662 0.0116427989288625 0.00938086303939963 0.0102658864592958 0 0.00852296940253985 0 0 0 0 0 0 0.0139684313451599 0 0 0 0 0 0 0
"lloyd" 0 0 0 0 0 0 0 0 0 0 0 0 0 0 0 0.145176191104659 0 0 0 0 0 0 0 0 0 0 0 0 0
"loading" 0 0 0 0 0 0 0 0 0 0 0 0 0 0 0 0 0 0.0819096653405102 0 0 0 0 0 0.0184229918938836 0.0200642054574639 0 0.0182848784055586 0 0.0181488203266788
"loud" 0 0 0 0.0237586124970302 0 0.0406614258606668 0 0 0 0 0.0116427989288625 0 0 0 0 0 0 0.0234027615258601 0 0.0170415814587594 0 0 0 0 0 0 0 0.0292782901478554 0
"madness" 0.0112334306897326 0 0.0101020305081321 0 0 0 0.0134553283100108 0 0 0 0.023285597857725 0.00938086303939963 0.0205317729185915 0.0117343346632246 0.00852296940253985 0 0 0 0 0 0 0 0 0 0 0 0.0182848784055586 0 0
"mess" 0 0 0.0202040610162643 0.0118793062485151 0 0 0 0 0 0 0 0 0 0.0117343346632246 0.00852296940253985 0.013197835554969 0.0223563603845294 0 0 0 0 0.0279368626903199 0 0 0 0.0103691414350892 0.0182848784055586 0 0
"moon" 0.0112334306897326 0 0.0404081220325285 0 0 0.0135538086202223 0 0 0 0 0 0.00938086303939963 0.0205317729185915 0 0 0 0 0 0 0 0 0.0139684313451599 0 0 0 0 0 0.0146391450739277 0
"needed" 0.0112334306897326 0 0 0.0118793062485151 0 0 0 0.00976657876745776 0 0 0 0 0 0.0234686693264492 0.0170459388050797 0 0 0.01170138076293 0.0198945588381578 0 0.0147666863555818 0 0 0 0 0 0 0 0
"nicholas" 0 0 0 0 0 0 0 0 0 0.133462751759282 0 0 0 0 0 0 0 0 0 0 0 0 0 0 0 0 0 0 0
"nightfall" 0 0 0 0 0.0136481506755835 0 0.0134553283100108 0 0 0 0.04657119571545 0.0375234521575985 0 0 0 0 0 0 0 0 0.0147666863555818 0 0 0 0 0 0 0 0
"noise" 0 0 0 0 0.0136481506755835 0 0.0134553283100108 0 0 0 0 0.0187617260787993 0 0 0 0.013197835554969 0 0.01170138076293 0.00994727941907888 0 0.0295333727111636 0 0 0 0 0 0 0.0146391450739277 0.0181488203266788
"operation" 0 0 0.0101020305081321 0 0 0 0 0 0 0 0 0 0 0 0.0255689082076195 0 0 0 0 0.0852079072937969 0 0.0139684313451599 0 0 0 0 0 0.0146391450739277 0
"pair" 0 0 0 0 0 0 0.0134553283100108 0 0.00849834282314949 0.012132977432662 0 0 0 0.0117343346632246 0 0 0 0 0 0.0170415814587594 0 0.0279368626903199 0.0189825360668185 0.0184229918938836 0 0.0103691414350892 0 0 0.0181488203266788
"parts" 0.0224668613794653 0 0.0101020305081321 0.0118793062485151 0.0136481506755835 0.0135538086202223 0 0 0 0 0.0116427989288625 0 0 0 0.00852296940253985 0.013197835554969 0.0223563603845294 0 0 0 0 0 0 0 0 0.0103691414350892 0 0 0
"passage" 0 0 0.0101020305081321 0 0 0 0 0 0.0254950284694485 0 0.0116427989288625 0.00938086303939963 0.0307976593778873 0.0234686693264492 0 0 0 0 0 0 0 0 0 0 0 0 0 0 0
"peter" 0.0337002920691979 0 0 0 0 0 0 0 0 0 0 0 0 0 0.0596607858177789 0 0 0 0 0 0 0 0 0 0 0.0103691414350892 0 0 0
"pity" 0 0 0 0 0 0.0135538086202223 0 0 0.00849834282314949 0.024265954865324 0.04657119571545 0.00938086303939963 0.0205317729185915 0 0 0 0 0 0 0 0 0 0 0 0 0 0 0 0
"plasma" 0 0 0 0 0 0 0 0 0 0 0 0 0 0 0 0 0 0 0.0895255147717099 0 0 0 0 0 0 0.0207382828701783 0 0 0
"pleased" 0 0.018875047187618 0.0101020305081321 0.0118793062485151 0 0 0.0403659849300323 0 0 0.024265954865324 0 0 0 0.0234686693264492 0 0 0 0 0 0 0.0147666863555818 0 0 0 0 0 0 0 0
"popeye" 0 0 0 0 0 0 0 0 0 0 0 0 0 0 0 0 0 0 0.0198945588381578 0.0340831629175187 0.103366804489073 0 0 0 0 0 0 0 0
"powers" 0.0224668613794653 0 0.0101020305081321 0 0 0 0.0134553283100108 0.00976657876745776 0 0.012132977432662 0.023285597857725 0 0 0.0117343346632246 0.00852296940253985 0 0 0 0.00994727941907888 0 0 0 0 0 0 0 0 0 0
"purpose" 0 0 0 0 0.0136481506755835 0 0.0134553283100108 0 0.00849834282314949 0 0 0.0187617260787993 0 0.0234686693264492 0.00852296940253985 0 0 0 0 0 0 0.0139684313451599 0.0189825360668185 0 0 0 0.0182848784055586 0 0
"quit" 0 0 0 0.0118793062485151 0 0.0271076172404446 0 0 0 0 0 0 0 0.0117343346632246 0 0 0.0447127207690588 0 0 0.0170415814587594 0 0.0279368626903199 0 0 0.0401284109149278 0 0 0 0
"relieved" 0 0 0 0 0 0 0 0 0 0 0 0 0 0 0 0 0 0 0.00994727941907888 0 0.0147666863555818 0.0139684313451599 0 0.0184229918938836 0 0.0103691414350892 0 0.0878348704435661 0
"resistance" 0 0 0.0101020305081321 0.0118793062485151 0 0 0 0 0 0 0 0 0 0 0 0 0 0.01170138076293 0.0298418382572366 0.0340831629175187 0 0 0 0 0 0.0103691414350892 0.0182848784055586 0.0146391450739277 0
"returned" 0.0112334306897326 0.018875047187618 0 0 0 0 0 0 0 0.012132977432662 0.023285597857725 0.00938086303939963 0.0102658864592958 0.0117343346632246 0 0 0 0 0.00994727941907888 0.0170415814587594 0 0 0 0 0 0 0.0182848784055586 0 0
"riders" 0 0 0 0 0 0 0 0 0 0 0.0116427989288625 0.0375234521575985 0.0513294322964788 0 0 0 0 0 0 0 0 0 0 0 0 0 0 0.0146391450739277 0
"royal" 0 0 0 0 0 0 0.0134553283100108 0 0 0 0.0116427989288625 0 0 0.0821403426425722 0 0 0 0 0 0 0 0 0.0189825360668185 0 0 0 0 0.0146391450739277 0
"ruin" 0 0 0 0 0 0 0 0 0.00849834282314949 0 0.023285597857725 0.0281425891181989 0.0513294322964788 0 0 0 0 0 0 0 0 0 0 0 0 0 0 0 0
"safety" 0 0 0 0 0.0136481506755835 0 0 0.0195331575349155 0 0 0 0.00938086303939963 0 0.0117343346632246 0.00852296940253985 0 0 0.0351041422887901 0 0 0 0 0 0 0 0 0 0.0292782901478554 0
"sail" 0 0 0 0 0 0 0 0 0 0 0 0 0 0.117343346632246 0 0 0 0 0 0 0 0 0 0.0184229918938836 0 0 0 0 0
"scattered" 0 0 0 0.0118793062485151 0 0 0 0 0.00849834282314949 0 0.0116427989288625 0 0 0.0117343346632246 0 0.013197835554969 0 0 0 0 0.0147666863555818 0 0 0 0 0.0311074243052675 0 0.0292782901478554 0
"scum" 0 0 0.0101020305081321 0 0 0 0 0.00976657876745776 0 0 0 0.00938086303939963 0.0718612052150703 0.0117343346632246 0 0 0 0 0 0 0 0 0 0 0 0 0 0 0
"sector" 0 0 0 0 0 0.0542152344808891 0 0 0 0 0 0 0 0 0 0 0 0 0 0 0.0147666863555818 0 0 0.0368459837877671 0.0200642054574639 0.0103691414350892 0 0 0.0362976406533575
"sheila" 0 0 0 0 0 0 0 0 0 0 0 0 0 0 0 0 0 0 0 0 0 0 0.208807896735004 0 0 0 0 0 0
"shoulder" 0 0 0 0 0 0 0.0269106566200215 0 0 0 0 0 0 0 0 0.013197835554969 0 0 0.00994727941907888 0 0.0147666863555818 0.0558737253806398 0 0 0.0200642054574639 0 0 0.0146391450739277 0
"shows" 0 0 0.0101020305081321 0 0.0136481506755835 0 0 0.00976657876745776 0 0.0363989322979859 0.0116427989288625 0 0.0102658864592958 0.0117343346632246 0 0.013197835554969 0 0 0 0 0 0 0 0 0.0200642054574639 0 0 0 0
"singing" 0 0 0 0 0.0136481506755835 0 0 0.00976657876745776 0 0 0 0 0 0.0234686693264492 0 0 0 0 0.0298418382572366 0 0 0 0 0 0 0.0207382828701783 0.0365697568111172 0 0
"smart" 0 0.0377500943752359 0 0 0 0 0 0.00976657876745776 0 0 0 0 0 0.0234686693264492 0 0 0.0223563603845294 0.01170138076293 0 0.0170415814587594 0.0147666863555818 0 0 0 0 0 0.0365697568111172 0 0
"sold" 0.0112334306897326 0 0.0202040610162643 0 0 0 0.0269106566200215 0.0292997363023733 0.00849834282314949 0.012132977432662 0 0 0 0 0.00852296940253985 0 0 0 0 0 0 0 0 0 0 0 0 0 0
"someday" 0 0.0377500943752359 0.0101020305081321 0.0237586124970302 0 0 0 0 0 0 0 0 0 0.0117343346632246 0 0 0 0 0 0 0 0 0.0379650721336371 0.0184229918938836 0.0200642054574639 0.0103691414350892 0 0 0
"sons" 0 0 0 0 0.0272963013511669 0 0 0 0.00849834282314949 0 0 0 0.0307976593778873 0 0 0 0 0 0.0198945588381578 0 0 0 0 0.0184229918938836 0.0200642054574639 0.0103691414350892 0 0 0
"sooner" 0 0 0 0 0 0.0135538086202223 0.0134553283100108 0 0.016996685646299 0 0 0 0.0102658864592958 0 0 0 0 0 0 0 0.0295333727111636 0 0.0189825360668185 0 0 0.0103691414350892 0 0.0292782901478554 0
"souls" 0 0.0943752359380898 0 0 0 0 0 0.0195331575349155 0 0 0 0 0.0102658864592958 0 0.00852296940253985 0 0 0 0 0 0 0.0139684313451599 0 0.0184229918938836 0 0 0 0 0
"stole" 0.0337002920691979 0 0 0 0 0 0 0 0 0 0 0.0281425891181989 0.0102658864592958 0.0117343346632246 0 0.013197835554969 0.0223563603845294 0 0 0 0 0 0 0 0 0 0.0182848784055586 0 0
"suck" 0 0 0 0 0 0 0 0 0.00849834282314949 0 0 0 0 0 0 0 0 0.01170138076293 0 0 0 0.0838105880709596 0 0.0184229918938836 0 0 0 0 0.0362976406533575
"suggest" 0 0 0.0303060915243964 0 0 0 0 0 0.00849834282314949 0 0.0116427989288625 0 0 0 0.0170459388050797 0.013197835554969 0.0223563603845294 0 0 0 0 0 0.0189825360668185 0 0 0.0103691414350892 0 0 0
"suit" 0.0112334306897326 0 0.0101020305081321 0.0712758374910905 0.0136481506755835 0 0 0.00976657876745776 0 0 0 0 0 0 0 0 0 0 0 0 0.0147666863555818 0 0 0 0 0 0 0 0
"swann" 0 0 0 0 0 0 0 0 0 0 0 0 0 0.129077681295471 0 0 0 0 0 0 0 0 0 0 0 0 0 0 0
"systems" 0.0112334306897326 0 0.0808162440650571 0 0 0.0135538086202223 0 0 0 0 0 0 0 0 0 0 0 0.01170138076293 0 0 0 0 0 0 0 0 0 0 0
"teeth" 0.0112334306897326 0 0 0 0.0272963013511669 0 0 0 0 0 0 0.00938086303939963 0 0 0 0.0527913422198759 0 0 0.00994727941907888 0 0.0147666863555818 0 0 0 0.0200642054574639 0 0 0 0
"threepio" 0 0 0.111122335589453 0 0 0 0 0 0 0 0 0 0 0 0 0 0 0 0 0 0 0 0 0 0 0 0 0 0
"tnt" 0 0 0 0 0 0 0 0 0 0 0 0 0 0 0 0 0 0 0 0 0.147666863555818 0 0 0 0 0.0103691414350892 0 0 0
"tries" 0 0 0 0 0 0 0 0.00976657876745776 0.00849834282314949 0 0 0.0187617260787993 0 0 0.00852296940253985 0 0.0447127207690588 0 0.00994727941907888 0 0 0 0 0 0 0.0311074243052675 0 0 0
"twice" 0.0224668613794653 0 0 0.0118793062485151 0 0 0 0 0.00849834282314949 0 0.0116427989288625 0 0 0.0117343346632246 0 0.026395671109938 0 0 0 0 0.0147666863555818 0 0 0 0 0.0103691414350892 0 0 0.0181488203266788
"twombly" 0 0 0 0 0 0 0 0 0 0 0 0 0 0 0 0 0 0.12871518839223 0 0 0 0 0 0 0 0 0 0 0
"um" 0.0224668613794653 0.0377500943752359 0 0 0.0136481506755835 0 0.0134553283100108 0 0.00849834282314949 0 0 0 0 0 0 0 0 0 0 0 0 0 0.0379650721336371 0.0184229918938836 0.0200642054574639 0 0 0 0
"wasted" 0 0 0 0 0 0.0135538086202223 0 0 0 0.012132977432662 0 0.00938086303939963 0.0102658864592958 0 0 0 0.0223563603845294 0 0.00994727941907888 0 0 0.0698421567257997 0 0 0 0 0 0 0
"wear" 0 0 0 0.0237586124970302 0 0 0 0 0.00849834282314949 0 0 0 0 0.0234686693264492 0 0 0 0.01170138076293 0 0 0 0.0139684313451599 0 0.0368459837877671 0 0.0103691414350892 0 0 0.0181488203266788
"whenever" 0 0 0 0.0118793062485151 0 0 0 0 0.00849834282314949 0 0 0 0 0 0 0.013197835554969 0.0223563603845294 0 0 0.0340831629175187 0 0.0139684313451599 0.0189825360668185 0.0184229918938836 0 0.0103691414350892 0 0.0146391450739277 0
"wrap" 0 0 0 0 0 0 0 0 0 0 0 0 0 0 0 0 0 0 0.0198945588381578 0.0170415814587594 0 0 0.0189825360668185 0.0184229918938836 0 0 0 0 0.108892921960073
"x" 0 0 0 0.0118793062485151 0 0 0 0 0 0 0 0 0 0 0 0 0 0 0 0 0 0 0 0 0 0 0 0 0.181488203266788
"yellow" 0 0 0 0 0.0136481506755835 0 0.0403659849300323 0 0 0.024265954865324 0 0 0 0 0 0 0 0 0 0.0170415814587594 0 0 0 0.0552689756816507 0.0200642054574639 0 0 0 0
"yep" 0.0337002920691979 0 0 0 0 0 0 0 0 0 0 0 0 0 0 0 0 0 0 0 0 0 0 0.0184229918938836 0 0.0311074243052675 0 0 0.0725952813067151
"yesterday" 0 0.018875047187618 0 0 0 0 0 0 0 0.024265954865324 0 0.00938086303939963 0 0 0 0.013197835554969 0 0 0 0.0170415814587594 0 0 0 0 0 0 0.0365697568111172 0.043917435221783 0
"-good" 0 0 0.0101020305081321 0 0 0 0 0 0 0 0.023285597857725 0 0 0 0 0.013197835554969 0 0.01170138076293 0 0.0852079072937969 0 0 0 0 0 0 0 0 0
"according" 0 0 0.0101020305081321 0.0237586124970302 0 0.0135538086202223 0 0 0.00849834282314949 0 0 0 0 0.0117343346632246 0 0 0 0 0 0 0 0 0.0189825360668185 0 0 0 0.0182848784055586 0.0292782901478554 0
"arrived" 0 0 0 0.0118793062485151 0 0 0 0 0 0 0.0349283967865875 0 0 0.0117343346632246 0.00852296940253985 0 0 0 0 0 0.0147666863555818 0 0.0189825360668185 0 0 0 0.0182848784055586 0.0146391450739277 0
"arwen" 0 0 0 0 0 0 0 0 0 0 0.023285597857725 0.0375234521575985 0.041063545837183 0 0 0 0 0 0 0 0 0 0 0 0 0 0 0 0
"beloved" 0 0 0 0 0 0 0 0 0 0 0.0116427989288625 0 0.0205317729185915 0 0 0 0 0 0 0 0 0.0698421567257997 0 0 0 0.0103691414350892 0.0182848784055586 0 0
"birds" 0 0 0 0 0.0136481506755835 0 0 0 0 0.024265954865324 0.0116427989288625 0 0.0102658864592958 0 0 0 0 0.0351041422887901 0 0 0 0 0.0379650721336371 0 0 0 0 0 0
"blown" 0 0 0.0101020305081321 0 0 0.0271076172404446 0 0 0 0.024265954865324 0 0 0 0 0.00852296940253985 0 0 0 0.00994727941907888 0 0.0147666863555818 0.0139684313451599 0 0 0 0.0103691414350892 0 0 0
"bootstrap" 0 0 0 0 0 0 0 0 0 0 0 0 0 0.117343346632246 0 0 0 0 0 0 0 0 0 0 0 0 0 0 0
"brock" 0 0 0 0 0 0 0 0 0.0764850854083454 0 0 0 0 0 0 0 0 0 0 0 0 0 0 0 0 0 0 0 0.0181488203266788
"burden" 0 0 0 0 0 0 0 0 0 0 0.0349283967865875 0.00938086303939963 0.041063545837183 0 0 0.026395671109938 0 0 0 0 0 0 0 0 0 0 0 0 0
"carefully" 0.0224668613794653 0.0755001887504719 0 0 0 0 0 0 0 0 0 0 0.0102658864592958 0.0117343346632246 0.00852296940253985 0.013197835554969 0 0 0 0 0 0 0 0 0 0 0 0 0
"checked" 0 0 0.0202040610162643 0 0 0 0 0 0 0.012132977432662 0 0 0.0102658864592958 0 0 0 0 0.01170138076293 0 0 0 0 0.0379650721336371 0 0 0 0 0 0.0544464609800363
"chow" 0 0 0 0 0 0 0 0 0 0 0 0 0 0 0 0 0 0 0 0 0.0147666863555818 0.0139684313451599 0 0.0552689756816507 0.100321027287319 0 0 0 0
"clearly" 0.0224668613794653 0.018875047187618 0 0 0 0.0406614258606668 0 0 0 0.012132977432662 0.023285597857725 0 0 0 0 0 0 0 0 0 0 0 0 0 0 0.0103691414350892 0 0 0
"closing" 0 0 0.0303060915243964 0 0 0.0135538086202223 0 0 0.00849834282314949 0 0 0.00938086303939963 0 0 0.00852296940253985 0 0.0223563603845294 0.0234027615258601 0 0 0 0 0 0 0 0 0 0 0
"compass" 0.0112334306897326 0 0 0 0 0 0 0 0 0 0 0 0 0.0469373386528984 0 0 0 0 0 0 0 0 0.0759301442672741 0 0 0 0 0.0146391450739277 0
"congratulations" 0.0224668613794653 0 0 0 0 0 0.0269106566200215 0 0.00849834282314949 0 0 0 0 0 0 0 0 0 0.0198945588381578 0 0 0.0139684313451599 0.0189825360668185 0 0 0 0.0182848784055586 0 0
"cost" 0.0112334306897326 0.018875047187618 0.0101020305081321 0.0118793062485151 0.0272963013511669 0 0 0 0 0 0 0 0.0102658864592958 0 0.00852296940253985 0.013197835554969 0 0 0.00994727941907888 0 0 0 0 0 0 0 0 0 0
"court" 0 0 0 0 0.0545926027023338 0 0 0.00976657876745776 0.00849834282314949 0 0 0 0.0102658864592958 0 0 0 0 0 0 0 0 0 0 0 0 0 0.0548546352166758 0 0
"creature" 0.0112334306897326 0.018875047187618 0 0 0.0136481506755835 0 0 0 0 0.012132977432662 0.0349283967865875 0.0281425891181989 0 0 0 0 0 0 0 0 0 0 0 0 0 0 0 0 0
"creatures" 0 0 0.0202040610162643 0 0 0 0 0 0 0.024265954865324 0.0116427989288625 0.0187617260787993 0 0.0234686693264492 0 0 0 0 0 0 0 0 0 0 0.0200642054574639 0 0 0 0
"daddy" 0 0 0 0 0 0 0 0 0.016996685646299 0 0 0 0 0 0.0426148470126992 0.013197835554969 0 0.01170138076293 0 0 0 0.0139684313451599 0 0 0 0 0 0 0
"decent" 0 0 0 0 0 0 0 0 0 0 0 0.0281425891181989 0.0205317729185915 0.0117343346632246 0 0 0 0 0 0 0 0.0139684313451599 0 0 0 0.0311074243052675 0 0 0
"definitely" 0.0112334306897326 0 0 0.0118793062485151 0 0 0 0.00976657876745776 0 0.012132977432662 0 0 0.0102658864592958 0.0117343346632246 0 0 0 0 0 0 0 0.0279368626903199 0 0 0 0 0 0.0146391450739277 0.0181488203266788
"depends" 0.0112334306897326 0.018875047187618 0 0.0118793062485151 0 0 0 0 0 0 0.0116427989288625 0.00938086303939963 0 0 0.0170459388050797 0 0 0 0 0 0.0147666863555818 0.0139684313451599 0 0 0 0.0103691414350892 0 0 0
"desire" 0 0 0 0 0 0 0.0134553283100108 0 0 0.024265954865324 0.0349283967865875 0.00938086303939963 0.0102658864592958 0 0 0 0.0223563603845294 0 0 0 0 0 0 0 0 0.0103691414350892 0 0 0
"detention" 0 0 0.0606121830487928 0 0 0 0 0 0 0.0485319097306479 0 0 0 0 0 0 0 0 0 0 0 0 0 0 0 0 0 0 0
"dropped" 0 0 0 0.0118793062485151 0 0 0 0 0.00849834282314949 0 0 0 0 0 0.00852296940253985 0 0 0 0 0 0.0147666863555818 0.0139684313451599 0.0189825360668185 0 0.0200642054574639 0.0311074243052675 0 0 0
"dry" 0 0 0 0 0 0 0.0134553283100108 0 0 0.012132977432662 0 0 0.0102658864592958 0 0 0 0 0.01170138076293 0.0298418382572366 0 0 0 0 0.0184229918938836 0.0200642054574639 0 0 0.0146391450739277 0
"eagle" 0 0 0 0 0 0 0 0 0 0 0 0 0 0 0 0 0 0 0 0 0 0 0 0 0 0 0 0 0.181488203266788
"easily" 0 0 0.0101020305081321 0 0.0409444520267504 0 0 0 0 0 0.0349283967865875 0.0187617260787993 0 0 0 0 0 0 0 0 0 0 0 0 0.0200642054574639 0 0 0 0
"energy" 0.0224668613794653 0 0.0202040610162643 0 0 0 0 0 0 0 0 0 0 0 0.0255689082076195 0.013197835554969 0 0 0 0 0 0 0 0 0 0 0.0182848784055586 0 0.0181488203266788
"everybody^s" 0.0112334306897326 0.0377500943752359 0 0 0 0 0 0.00976657876745776 0 0 0 0 0 0 0 0 0.0223563603845294 0 0 0 0.0147666863555818 0 0 0.0368459837877671 0 0.0103691414350892 0 0.0146391450739277 0
"familiar" 0 0 0 0.0118793062485151 0 0 0 0 0.00849834282314949 0 0 0.00938086303939963 0.0102658864592958 0.0234686693264492 0 0 0 0 0 0 0.0147666863555818 0 0 0 0.0200642054574639 0 0.0182848784055586 0 0.0181488203266788
"farewell" 0.0112334306897326 0 0 0 0.0136481506755835 0.0271076172404446 0 0 0 0 0.023285597857725 0.00938086303939963 0.0307976593778873 0 0 0 0 0 0 0 0 0 0 0 0 0 0 0 0
"favor" 0.0224668613794653 0 0 0 0.0272963013511669 0 0.0269106566200215 0 0 0 0 0 0 0.0234686693264492 0 0.013197835554969 0 0 0 0 0 0 0 0 0 0 0 0 0.0181488203266788
"final" 0 0 0.0101020305081321 0 0 0 0.0134553283100108 0.00976657876745776 0 0.024265954865324 0 0.00938086303939963 0 0.0117343346632246 0 0 0 0 0 0 0 0 0 0.0184229918938836 0 0 0 0.0292782901478554 0
"finding" 0 0.018875047187618 0 0 0 0 0 0 0 0 0.023285597857725 0 0 0 0 0.013197835554969 0 0 0 0 0 0 0.0189825360668185 0 0 0.0414765657403567 0 0.0146391450739277 0
"fired" 0 0 0 0.0118793062485151 0 0 0 0 0 0 0 0 0 0 0 0 0 0.01170138076293 0 0.0170415814587594 0 0.0419052940354798 0 0 0 0 0.0365697568111172 0.0146391450739277 0.0181488203266788
"flamel" 0 0 0 0 0 0 0 0 0 0.12132977432662 0 0 0 0 0 0 0 0 0 0 0 0 0 0 0 0 0 0 0
"fortress" 0 0 0.0101020305081321 0 0 0 0 0.00976657876745776 0 0 0.023285597857725 0.0375234521575985 0 0 0 0 0 0 0 0 0 0 0 0 0.0200642054574639 0.0103691414350892 0 0 0
"france" 0 0 0 0 0.0136481506755835 0 0 0 0 0 0 0 0 0 0.00852296940253985 0 0 0 0 0 0.0295333727111636 0 0 0 0.0200642054574639 0 0 0.0731957253696384 0
"galahad" 0 0 0 0 0.136481506755835 0 0 0 0 0 0 0 0 0 0 0 0 0 0 0 0 0 0 0 0 0 0 0 0
"galaxy" 0.0224668613794653 0 0.0404081220325285 0 0 0.0542152344808891 0 0 0 0 0 0 0 0 0 0 0 0 0 0 0 0 0 0 0 0 0 0 0
"germany" 0 0 0 0 0 0 0 0 0 0 0 0 0 0 0 0 0 0 0 0.0340831629175187 0 0 0.151860288534548 0 0 0 0 0 0
"giving" 0.0337002920691979 0 0 0 0 0 0 0.00976657876745776 0 0 0.023285597857725 0 0 0 0 0 0 0 0.0198945588381578 0.0170415814587594 0 0 0 0.0184229918938836 0 0 0 0 0
"gotten" 0 0 0.0202040610162643 0 0 0.0135538086202223 0 0.00976657876745776 0.00849834282314949 0 0 0 0 0 0 0 0.0447127207690588 0 0 0.0170415814587594 0 0 0 0 0 0.0103691414350892 0.0182848784055586 0 0
"gracchus" 0 0 0 0 0 0 0.134553283100108 0 0 0 0 0 0 0 0 0 0 0 0 0 0 0 0 0 0 0 0 0 0
"grimes" 0 0 0 0 0 0 0 0 0 0 0 0 0 0 0 0 0 0.1170138076293 0 0 0 0 0 0 0 0 0 0 0
"guadalcanal" 0 0 0 0 0 0 0 0 0 0 0 0 0 0 0 0 0 0 0 0 0 0 0 0.147383935151069 0.0401284109149278 0 0 0 0
"hail" 0 0 0 0 0 0 0.0538213132400431 0 0.00849834282314949 0 0 0.00938086303939963 0.041063545837183 0 0 0 0 0 0 0 0 0 0 0 0 0 0 0 0
"hammer" 0.0674005841383959 0 0 0 0 0 0 0 0 0 0 0 0.0102658864592958 0 0 0 0 0 0 0 0.0147666863555818 0 0 0 0.0401284109149278 0 0 0 0
"health" 0 0 0 0 0 0 0.0134553283100108 0 0.016996685646299 0 0 0 0 0 0.00852296940253985 0.013197835554969 0.0223563603845294 0 0 0.0170415814587594 0 0 0 0 0.0401284109149278 0.0103691414350892 0 0 0
"hits" 0 0 0 0.0118793062485151 0 0 0 0 0.016996685646299 0 0 0 0 0 0.0170459388050797 0 0 0 0.00994727941907888 0 0 0.0279368626903199 0 0 0 0.0103691414350892 0 0.0146391450739277 0
"hoobler" 0 0 0 0 0 0 0 0 0 0 0 0 0 0 0 0 0 0 0.0397891176763155 0.0340831629175187 0.0590667454223272 0 0 0 0 0 0 0 0
"hurts" 0 0.018875047187618 0 0 0 0 0.0134553283100108 0 0 0 0 0 0.0102658864592958 0 0 0 0 0.01170138076293 0.0198945588381578 0 0.0147666863555818 0 0.0189825360668185 0 0.0200642054574639 0.0103691414350892 0 0 0
"hyah" 0 0.018875047187618 0 0 0 0 0.121097954790097 0 0 0 0 0 0 0 0 0 0 0 0 0 0 0 0 0 0 0 0 0 0
"invited" 0.0112334306897326 0 0 0 0 0.0135538086202223 0 0.0488328938372888 0 0 0.0116427989288625 0 0 0 0 0 0 0 0 0 0 0 0.0379650721336371 0 0 0 0 0 0
"j" 0 0 0 0 0 0 0 0 0.0254950284694485 0 0 0 0 0 0 0 0.0223563603845294 0 0 0 0 0.0279368626903199 0 0.0552689756816507 0.0200642054574639 0 0 0 0
"jedi" 0 0 0.101020305081321 0 0 0 0 0 0 0 0 0 0 0 0 0 0 0 0 0 0 0 0 0 0 0 0 0 0
"laid" 0.0112334306897326 0.018875047187618 0 0.0237586124970302 0 0 0 0 0 0 0.0116427989288625 0 0 0.0117343346632246 0 0.013197835554969 0 0 0.00994727941907888 0 0 0 0 0 0 0.0207382828701783 0 0 0
"landing" 0 0 0 0 0 0 0 0 0.00849834282314949 0 0 0 0 0 0.00852296940253985 0.013197835554969 0 0 0 0 0.0147666863555818 0 0 0 0 0 0 0.0731957253696384 0.0181488203266788
"leckie" 0 0 0 0 0 0 0 0 0 0 0 0 0 0 0 0 0 0 0 0 0 0 0 0.110537951363301 0.0802568218298555 0 0 0 0
"legolas" 0 0 0 0 0 0 0 0 0 0 0.0349283967865875 0.0281425891181989 0.041063545837183 0 0 0 0 0 0 0 0 0 0 0 0 0 0 0 0
"liege" 0 0 0 0 0.122833356080251 0 0 0 0 0 0 0.00938086303939963 0 0 0 0 0 0 0 0 0 0 0 0 0 0 0 0 0
"local" 0 0.0377500943752359 0.0303060915243964 0 0 0.0271076172404446 0 0 0 0 0 0 0 0 0 0.026395671109938 0 0 0 0 0 0 0.0189825360668185 0 0 0 0 0 0
"losing" 0.0112334306897326 0 0.0101020305081321 0 0 0 0 0 0 0 0 0 0.0102658864592958 0 0.00852296940253985 0.013197835554969 0 0 0.0298418382572366 0 0 0 0.0189825360668185 0.0184229918938836 0 0 0 0 0
"loves" 0 0 0 0.0237586124970302 0 0 0.0134553283100108 0.00976657876745776 0 0 0.023285597857725 0.00938086303939963 0.0205317729185915 0 0 0 0 0.01170138076293 0 0 0 0 0 0 0 0 0 0 0
"marry" 0 0 0 0 0.0272963013511669 0 0 0.00976657876745776 0 0 0 0 0.0102658864592958 0.0117343346632246 0.0170459388050797 0 0 0 0 0 0 0 0.0189825360668185 0.0184229918938836 0 0 0.0182848784055586 0 0
"matters" 0 0.018875047187618 0 0 0 0.0135538086202223 0.0134553283100108 0.00976657876745776 0 0 0.0116427989288625 0.00938086303939963 0 0.0117343346632246 0 0 0 0 0.00994727941907888 0 0.0147666863555818 0 0.0189825360668185 0 0 0 0 0 0
"maze" 0 0 0 0 0 0 0 0 0 0 0 0 0 0 0.0681837552203188 0.026395671109938 0 0 0 0 0 0 0 0 0 0 0 0 0
"military" 0 0 0.0101020305081321 0 0 0 0 0 0 0 0 0 0 0.0117343346632246 0.00852296940253985 0 0 0 0.00994727941907888 0 0 0.0279368626903199 0.0189825360668185 0 0 0.0103691414350892 0 0.0146391450739277 0.0181488203266788
"mines" 0 0 0.0101020305081321 0 0 0 0 0 0 0 0.069856793573175 0 0 0 0 0 0 0 0.00994727941907888 0 0 0 0 0 0 0.0207382828701783 0 0 0
"mirror" 0 0 0 0 0 0 0 0.00976657876745776 0 0.0727978645959718 0.023285597857725 0 0 0 0 0 0 0 0 0 0 0 0.0189825360668185 0 0 0 0 0 0
"mller" 0 0 0 0 0 0 0 0 0 0 0 0 0 0 0 0 0 0 0 0 0 0 0 0 0 0 0.182848784055586 0 0
"month" 0 0 0 0 0 0 0.0134553283100108 0.0292997363023733 0 0.012132977432662 0.0116427989288625 0 0 0 0 0 0 0 0.0298418382572366 0 0 0 0 0 0.0200642054574639 0 0 0 0
"moria" 0 0 0 0 0 0 0 0 0 0 0.104785190359762 0.00938086303939963 0 0 0 0 0 0 0 0 0 0 0 0 0 0 0 0 0
"nonsense" 0 0 0.0101020305081321 0 0 0 0 0.0292997363023733 0 0.012132977432662 0.0116427989288625 0 0 0 0 0 0.0223563603845294 0 0 0 0 0 0.0379650721336371 0 0 0 0 0.0146391450739277 0
"norwegian" 0 0 0 0 0 0 0 0 0 0.012132977432662 0 0 0 0 0 0 0.0670690811535882 0 0 0 0 0 0.113895216400911 0 0 0 0 0 0
"nt" 0 0 0 0 0 0 0 0 0 0 0 0 0 0 0 0 0 0.1170138076293 0 0 0 0 0 0 0 0 0 0 0
"ocean" 0 0 0 0 0 0 0.0134553283100108 0 0.0509900569388969 0 0 0 0 0.0234686693264492 0 0 0 0 0 0 0 0 0 0.0184229918938836 0 0 0 0 0
"often" 0.0224668613794653 0 0 0 0 0 0.0134553283100108 0.00976657876745776 0 0.024265954865324 0.0116427989288625 0.00938086303939963 0 0.0117343346632246 0 0 0 0 0 0 0 0 0.0189825360668185 0 0 0 0 0 0
"opening" 0 0.018875047187618 0 0 0 0.0406614258606668 0 0 0 0.012132977432662 0 0.00938086303939963 0 0 0 0.013197835554969 0 0 0 0 0.0443000590667454 0 0 0 0 0 0 0 0
"overlook" 0 0 0 0 0 0 0 0 0 0 0 0 0 0 0 0.13197835554969 0 0 0 0 0 0 0 0 0 0 0 0 0
"palmer" 0 0 0 0 0 0 0 0 0 0 0 0 0 0 0 0 0.223563603845294 0 0 0 0 0 0 0 0 0 0 0 0
"paper" 0 0 0 0 0 0.0135538086202223 0 0 0.016996685646299 0 0 0 0 0 0 0 0 0 0 0.0170415814587594 0 0.0139684313451599 0.0759301442672741 0 0 0 0 0 0.0181488203266788
"papers" 0.0112334306897326 0 0 0 0 0 0 0.0292997363023733 0.00849834282314949 0 0 0 0 0 0 0.026395671109938 0 0 0 0 0 0.0139684313451599 0 0.0184229918938836 0 0 0 0.0146391450739277 0
"paratroopers" 0 0 0 0 0 0 0 0 0 0 0 0 0 0 0 0 0 0 0.0198945588381578 0.0340831629175187 0.0147666863555818 0 0 0 0 0.0103691414350892 0 0.0585565802957107 0
"paulie" 0 0 0 0 0 0 0 0.0976657876745776 0 0 0 0 0 0 0 0 0 0 0 0 0 0 0 0 0 0 0 0 0
"per" 0 0 0 0.0237586124970302 0 0 0 0.0292997363023733 0 0 0 0 0 0 0 0.026395671109938 0 0 0.0198945588381578 0 0 0 0 0 0 0 0 0 0.0181488203266788
"peregrin" 0 0 0 0 0 0 0 0 0 0 0.0116427989288625 0 0.0923929781336618 0 0 0 0 0 0 0 0 0 0 0 0 0 0 0 0
"perfectly" 0.0112334306897326 0 0.0101020305081321 0 0 0 0 0 0 0.012132977432662 0 0 0 0.0234686693264492 0.00852296940253985 0 0.0223563603845294 0 0.00994727941907888 0 0 0.0139684313451599 0.0189825360668185 0 0 0 0 0 0
"personal" 0 0 0 0 0 0 0 0.0585994726047466 0 0 0 0 0 0 0.0170459388050797 0 0 0 0.00994727941907888 0.0170415814587594 0 0 0 0 0 0 0 0 0
"poisoned" 0 0 0 0 0 0.0271076172404446 0 0 0 0 0.0116427989288625 0.00938086303939963 0.0102658864592958 0.0117343346632246 0 0 0 0 0 0 0 0 0 0.0368459837877671 0.0401284109149278 0 0 0 0
"positions" 0 0 0 0 0 0.0135538086202223 0 0 0 0.012132977432662 0 0 0 0 0 0 0 0.01170138076293 0 0 0.0295333727111636 0.0139684313451599 0 0.0184229918938836 0.0200642054574639 0 0 0.0292782901478554 0
"problems" 0 0 0.0101020305081321 0 0.0136481506755835 0 0.0134553283100108 0.0292997363023733 0 0.012132977432662 0 0 0 0 0.00852296940253985 0.013197835554969 0 0 0 0 0 0 0.0189825360668185 0 0 0 0 0 0
"projections" 0 0 0 0 0 0 0 0 0 0 0 0 0 0 0.0852296940253984 0 0 0 0 0 0 0 0 0 0 0 0 0 0
"provide" 0 0 0.0202040610162643 0 0 0 0.0134553283100108 0 0 0 0 0 0 0.0117343346632246 0 0 0 0.0468055230517201 0.0198945588381578 0 0 0 0 0 0 0 0 0 0
"proximo" 0 0 0 0 0 0 0.134553283100108 0 0 0 0 0 0 0 0 0 0 0 0 0 0 0 0 0 0 0 0 0 0
"putyour" 0 0 0 0 0 0 0 0 0.0849834282314949 0 0 0 0 0 0 0 0 0 0 0 0 0 0 0 0 0 0 0 0
"quill" 0.112334306897326 0 0 0 0 0 0 0 0 0 0 0 0 0 0 0 0 0 0 0 0 0 0 0 0 0 0 0 0
"record" 0.0224668613794653 0 0 0.0237586124970302 0 0 0 0.00976657876745776 0.00849834282314949 0 0 0 0 0.0117343346632246 0 0.026395671109938 0.0223563603845294 0 0 0 0 0 0 0 0 0 0 0 0
"regiment" 0 0 0 0 0 0 0 0 0 0 0 0 0 0 0 0 0 0 0.0298418382572366 0.0511247443762781 0.0295333727111636 0 0 0.0184229918938836 0.0200642054574639 0 0 0 0
"relationship" 0.0112334306897326 0 0 0 0 0 0 0.00976657876745776 0 0 0 0 0 0 0.0681837552203188 0 0 0 0 0 0 0 0 0 0 0 0 0 0
"remains" 0.0112334306897326 0.018875047187618 0.0202040610162643 0 0 0 0.0134553283100108 0 0 0 0.0116427989288625 0.00938086303939963 0.0102658864592958 0 0 0 0.0447127207690588 0 0 0 0 0 0 0 0 0 0 0 0
"remind" 0 0 0.0101020305081321 0.0118793062485151 0 0 0 0 0.016996685646299 0.012132977432662 0 0 0 0 0.00852296940253985 0 0 0.01170138076293 0 0 0 0 0 0.0184229918938836 0 0 0 0.0292782901478554 0
"roads" 0 0 0 0.0237586124970302 0 0 0 0 0 0 0 0 0 0 0 0.026395671109938 0 0.01170138076293 0 0.0511247443762781 0.0147666863555818 0.0139684313451599 0 0 0 0 0 0 0
"sacrifice" 0.0224668613794653 0 0 0 0.0136481506755835 0 0.0269106566200215 0 0 0.012132977432662 0 0 0.0102658864592958 0.0117343346632246 0 0 0 0 0 0 0 0 0 0 0 0.0207382828701783 0 0 0
"sauron^s" 0 0 0 0 0 0 0 0 0 0 0.04657119571545 0.00938086303939963 0.0513294322964788 0 0 0 0 0 0 0 0 0 0 0 0 0 0 0 0
"seat" 0 0 0 0.0118793062485151 0 0 0 0 0 0 0 0 0.0102658864592958 0 0.0340918776101594 0 0 0 0 0.0170415814587594 0 0 0.0189825360668185 0.0368459837877671 0 0 0 0 0
"section" 0.0112334306897326 0 0 0 0 0 0 0 0.00849834282314949 0.0363989322979859 0 0 0 0 0 0 0 0 0 0 0 0.0279368626903199 0 0 0.0200642054574639 0 0 0.0146391450739277 0.0181488203266788
"shape" 0 0.018875047187618 0 0.0118793062485151 0 0 0 0.00976657876745776 0.00849834282314949 0 0.0116427989288625 0.00938086303939963 0 0 0 0 0.0447127207690588 0 0.00994727941907888 0 0 0 0.0189825360668185 0 0 0 0 0 0
"she^d" 0 0 0 0.0118793062485151 0 0 0.0134553283100108 0 0.00849834282314949 0.012132977432662 0 0 0 0.0234686693264492 0 0 0 0 0 0 0 0 0 0 0 0.0414765657403567 0 0 0
"sheriff" 0 0 0 0 0 0.135538086202223 0 0 0 0 0 0 0 0 0 0 0 0 0 0 0 0 0 0 0 0 0 0 0
"silver" 0 0 0 0 0 0.0135538086202223 0 0 0.016996685646299 0 0.023285597857725 0 0.0307976593778873 0.0117343346632246 0 0 0 0 0.00994727941907888 0 0 0 0 0 0 0 0 0 0
"sink" 0 0 0 0.0237586124970302 0.0136481506755835 0 0 0 0.0254950284694485 0 0 0 0 0 0 0 0 0 0.00994727941907888 0.0170415814587594 0.0147666863555818 0 0 0 0.0200642054574639 0 0 0 0
"skipper" 0 0 0 0 0 0 0 0 0 0 0 0 0 0 0 0 0 0 0 0 0 0 0 0.0368459837877671 0.160513643659711 0 0 0 0
"smoking" 0 0 0 0 0 0 0 0 0.00849834282314949 0 0 0 0.0102658864592958 0 0.00852296940253985 0 0 0 0.00994727941907888 0 0.0147666863555818 0 0 0.0921149594694178 0 0 0 0 0
"snap" 0.0224668613794653 0 0 0 0 0.0135538086202223 0 0 0 0 0 0 0 0 0 0 0 0.01170138076293 0.00994727941907888 0 0 0 0 0 0 0 0 0.0731957253696384 0
"something^s" 0.0337002920691979 0 0 0 0 0.0135538086202223 0 0.00976657876745776 0 0 0 0.00938086303939963 0.0205317729185915 0 0 0 0 0 0 0 0 0 0 0 0.0401284109149278 0 0 0 0
"sugar" 0 0 0 0.0237586124970302 0 0 0 0.00976657876745776 0 0 0 0 0 0 0 0.013197835554969 0 0.01170138076293 0 0.0170415814587594 0 0 0 0.0184229918938836 0 0.0207382828701783 0 0.0146391450739277 0
"sunday" 0 0.018875047187618 0 0 0 0 0 0.0292997363023733 0 0.024265954865324 0 0 0 0 0 0 0 0.0234027615258601 0 0 0 0.0139684313451599 0 0.0184229918938836 0 0 0 0 0
"suppressing" 0 0 0 0 0 0 0 0 0 0 0 0 0 0 0 0 0 0 0.0696309559335522 0.0340831629175187 0 0 0 0 0 0.0103691414350892 0 0 0
"swords" 0 0 0 0 0.0136481506755835 0 0.0269106566200215 0 0 0 0.0116427989288625 0.0469043151969981 0.0102658864592958 0 0 0 0 0 0 0 0 0 0 0 0 0 0 0 0
"swore" 0.0224668613794653 0 0 0 0 0 0 0 0 0.012132977432662 0.0116427989288625 0.00938086303939963 0.041063545837183 0.0117343346632246 0 0 0 0 0 0 0 0 0 0 0 0 0 0 0
"t" 0 0 0 0 0 0.0135538086202223 0 0 0 0 0 0 0.0102658864592958 0 0 0 0 0 0 0.0340831629175187 0 0.0419052940354798 0 0.0184229918938836 0 0.0103691414350892 0 0 0.0181488203266788
"tale" 0 0 0 0 0.0409444520267504 0 0 0 0.00849834282314949 0.012132977432662 0.0116427989288625 0.00938086303939963 0.0205317729185915 0.0117343346632246 0 0 0 0 0 0 0 0 0 0 0 0 0 0 0
"tanis" 0 0.18875047187618 0 0 0 0 0 0 0 0 0 0 0 0 0 0 0 0 0 0 0 0 0 0 0 0 0 0 0
"task" 0 0 0 0 0.0272963013511669 0 0 0 0 0 0.0116427989288625 0.0281425891181989 0.0205317729185915 0 0 0 0 0 0 0 0 0 0 0 0 0 0.0182848784055586 0.0146391450739277 0
"taught" 0.0337002920691979 0 0 0 0 0 0.0269106566200215 0.00976657876745776 0 0 0 0 0 0 0.0255689082076195 0 0.0223563603845294 0 0 0 0 0 0 0 0 0 0 0 0
"trapped" 0 0 0 0 0 0.0135538086202223 0 0 0.016996685646299 0 0 0 0 0.0234686693264492 0.0340918776101594 0 0 0 0 0.0170415814587594 0 0 0 0 0 0 0 0 0
"treasure" 0.0112334306897326 0 0 0 0 0 0 0 0.00849834282314949 0 0 0.00938086303939963 0 0.0821403426425722 0 0 0 0 0 0 0 0 0 0 0 0 0 0 0
"trick" 0 0 0.0101020305081321 0 0 0 0 0.0195331575349155 0 0.012132977432662 0 0.00938086303939963 0 0.0117343346632246 0.00852296940253985 0 0 0 0 0 0 0 0.0189825360668185 0 0 0.0103691414350892 0.0182848784055586 0 0
"u" 0 0.018875047187618 0 0 0 0 0 0 0 0 0 0 0.0307976593778873 0 0 0 0.0670690811535882 0.0234027615258601 0.00994727941907888 0 0 0 0 0 0 0 0 0 0
"ugly" 0 0 0 0 0.0136481506755835 0 0 0 0 0.012132977432662 0 0 0 0 0.00852296940253985 0 0 0 0 0 0 0.0279368626903199 0 0.0184229918938836 0.0401284109149278 0.0103691414350892 0.0182848784055586 0 0
"vietnam" 0 0 0 0 0 0 0 0 0 0 0 0 0 0 0 0 0 0 0 0 0 0.139684313451599 0 0 0 0 0 0 0
"virgin" 0.0112334306897326 0 0 0 0 0 0 0 0 0 0 0 0 0 0 0 0 0 0.0397891176763155 0 0 0.0558737253806398 0 0 0 0 0.0182848784055586 0 0
"walls" 0 0 0.0101020305081321 0 0 0 0.0134553283100108 0 0 0 0.0116427989288625 0.0187617260787993 0.0205317729185915 0 0 0.013197835554969 0 0.01170138076293 0 0 0 0 0.0189825360668185 0 0 0 0 0 0
"wings" 0.0112334306897326 0 0.0101020305081321 0.0118793062485151 0.0136481506755835 0.0271076172404446 0 0 0 0.012132977432662 0 0.00938086303939963 0 0 0 0 0 0 0.00994727941907888 0.0170415814587594 0 0 0 0 0 0 0 0 0
"wisdom" 0.0112334306897326 0 0 0 0 0 0.0134553283100108 0 0 0 0.0116427989288625 0 0.0307976593778873 0 0 0.026395671109938 0 0.01170138076293 0 0.0170415814587594 0 0 0 0 0 0 0 0 0
"yourselves" 0 0.018875047187618 0 0 0 0 0 0 0 0.024265954865324 0.0116427989288625 0 0 0 0 0 0.0223563603845294 0 0 0 0.0295333727111636 0 0 0.0184229918938836 0 0.0103691414350892 0 0.0146391450739277 0
"-but" 0 0 0.0404081220325285 0 0 0 0 0 0 0 0.023285597857725 0 0 0 0 0 0 0.01170138076293 0 0 0 0 0 0 0 0 0 0.0292782901478554 0
"-can" 0 0 0 0 0 0 0 0 0 0 0.023285597857725 0.00938086303939963 0 0 0 0 0 0.0234027615258601 0 0.0340831629175187 0 0 0 0 0 0 0 0.0292782901478554 0
"-got" 0 0 0 0 0 0 0 0 0 0 0 0 0 0 0 0 0 0.0351041422887901 0 0.102249488752556 0 0 0 0 0 0 0 0 0
"-let^s" 0 0 0 0 0 0 0 0 0 0 0.0116427989288625 0.00938086303939963 0 0 0 0 0 0.0702082845775802 0 0.0170415814587594 0 0 0 0 0 0 0 0 0
"-oh" 0 0 0.0303060915243964 0 0 0 0 0 0 0 0.04657119571545 0 0 0 0 0 0 0.01170138076293 0 0.0170415814587594 0 0 0 0 0 0 0 0 0
"-who" 0 0 0.0101020305081321 0 0 0 0 0 0 0 0.0116427989288625 0.0281425891181989 0 0 0 0 0 0 0 0.0681663258350375 0 0 0 0 0 0 0 0 0
"advantage" 0.0112334306897326 0.018875047187618 0 0.0118793062485151 0 0 0.0134553283100108 0.00976657876745776 0 0 0 0.00938086303939963 0.0102658864592958 0.0117343346632246 0 0 0 0 0 0 0 0.0139684313451599 0 0 0 0 0 0 0
"agree" 0 0 0.0101020305081321 0 0.0272963013511669 0 0 0 0.00849834282314949 0 0 0 0 0 0 0.013197835554969 0 0 0.00994727941907888 0.0170415814587594 0 0 0 0 0 0.0103691414350892 0 0.0146391450739277 0
"angel" 0.0224668613794653 0 0 0.0712758374910905 0 0 0 0.00976657876745776 0 0 0 0 0 0 0 0 0 0 0 0 0 0 0 0 0 0 0 0 0
"approaching" 0 0 0.0303060915243964 0 0.0136481506755835 0 0 0 0 0 0 0 0 0 0 0 0 0.01170138076293 0 0 0 0 0 0 0 0 0.0182848784055586 0 0.0544464609800363
"armed" 0 0 0 0 0 0 0.0134553283100108 0 0 0 0 0.0281425891181989 0.0102658864592958 0.0117343346632246 0 0 0 0.01170138076293 0 0 0 0 0.0189825360668185 0 0.0200642054574639 0 0 0 0
"artery" 0 0 0 0 0 0 0 0 0 0 0 0 0 0 0 0 0 0.01170138076293 0.0696309559335522 0 0 0 0 0 0 0 0 0.0146391450739277 0
"beg" 0 0 0.0101020305081321 0 0 0 0 0.00976657876745776 0 0 0.0116427989288625 0 0 0.0234686693264492 0 0 0 0 0.0198945588381578 0.0170415814587594 0 0 0.0189825360668185 0 0 0 0 0 0
"belong" 0 0 0.0101020305081321 0 0 0 0 0 0 0 0 0.00938086303939963 0.0307976593778873 0 0.00852296940253985 0 0 0 0 0 0 0.0279368626903199 0 0 0 0 0 0.0146391450739277 0
"bodies" 0.0112334306897326 0 0 0 0 0 0 0 0 0 0 0 0.0102658864592958 0 0 0 0 0.01170138076293 0 0 0 0.0139684313451599 0 0.0184229918938836 0 0.0207382828701783 0 0.0292782901478554 0
"boot" 0 0 0 0 0 0 0 0 0 0 0 0 0 0.0117343346632246 0 0 0 0.01170138076293 0 0 0 0 0 0.0184229918938836 0.0401284109149278 0.0103691414350892 0.0182848784055586 0.0146391450739277 0.0181488203266788
"bow" 0.0112334306897326 0 0 0 0 0 0 0 0.0424917141157474 0 0.0116427989288625 0 0.0205317729185915 0 0 0 0 0 0 0 0 0 0 0 0 0 0 0 0
"broom" 0 0 0 0 0 0 0 0 0 0.109196796893958 0 0 0 0 0 0 0 0 0 0 0 0 0 0 0 0 0 0 0
"browning" 0 0 0 0 0 0 0 0 0 0 0 0 0 0 0.0767067246228586 0 0 0 0 0 0 0 0 0 0 0 0 0 0
"buildings" 0 0 0 0 0 0 0 0 0 0 0 0 0 0 0 0 0 0.01170138076293 0 0 0.0295333727111636 0.0139684313451599 0 0 0 0.0311074243052675 0 0 0.0362976406533575
"cares" 0 0 0.0101020305081321 0 0 0 0.0134553283100108 0 0 0 0.0116427989288625 0.0375234521575985 0 0.0117343346632246 0 0 0 0 0 0 0 0 0 0 0 0 0.0182848784055586 0 0
"cell" 0 0 0.0404081220325285 0 0 0 0.0134553283100108 0.00976657876745776 0 0 0 0 0 0.0117343346632246 0 0 0.0223563603845294 0 0 0 0 0.0139684313451599 0 0 0 0 0 0 0
"charges" 0 0 0.0101020305081321 0 0 0 0 0.00976657876745776 0 0 0 0 0 0 0.0340918776101594 0 0.0223563603845294 0 0 0 0 0 0 0 0 0 0 0.0292782901478554 0
"coast" 0 0 0 0.0237586124970302 0 0.0271076172404446 0 0 0 0 0 0 0.0102658864592958 0 0 0 0 0.01170138076293 0 0 0 0 0.0189825360668185 0.0184229918938836 0 0 0 0.0146391450739277 0
"collapse" 0.0112334306897326 0 0 0 0 0 0 0 0 0 0 0 0 0 0.00852296940253985 0 0 0.01170138076293 0 0 0 0 0 0 0 0 0 0 0.108892921960073
"consider" 0.0224668613794653 0 0.0101020305081321 0 0 0 0 0.00976657876745776 0 0 0 0 0 0.0234686693264492 0.00852296940253985 0 0 0 0.00994727941907888 0 0 0 0.0189825360668185 0 0 0 0 0 0
"cousin" 0 0 0 0.0118793062485151 0 0 0 0 0 0.0363989322979859 0.04657119571545 0 0 0.0117343346632246 0 0 0 0 0 0 0 0 0 0 0 0 0 0 0
"covered" 0 0 0 0 0.0409444520267504 0 0 0 0 0 0 0 0 0 0.00852296940253985 0.013197835554969 0 0.01170138076293 0 0.0170415814587594 0 0.0139684313451599 0 0 0 0.0103691414350892 0 0 0
"create" 0 0 0 0 0 0 0 0 0 0 0 0 0 0 0.0681837552203188 0.013197835554969 0 0 0 0 0 0 0 0 0 0 0 0 0
"cry" 0 0 0 0 0.0136481506755835 0 0 0 0 0 0 0.00938086303939963 0.0102658864592958 0 0 0 0 0 0 0 0 0.0279368626903199 0 0 0.0200642054574639 0.0207382828701783 0.0182848784055586 0 0
"crying" 0 0 0 0 0 0.0271076172404446 0 0.0195331575349155 0.00849834282314949 0.012132977432662 0 0 0 0 0 0 0 0 0.00994727941907888 0 0 0 0 0 0.0200642054574639 0 0.0182848784055586 0 0
"curious" 0 0 0 0 0 0.0135538086202223 0 0 0 0.0606648871633099 0.0116427989288625 0 0 0.0117343346632246 0 0 0 0 0 0.0170415814587594 0 0 0 0 0 0 0 0 0
"damage" 0 0 0.0101020305081321 0.0356379187455453 0 0 0 0 0.00849834282314949 0 0 0 0 0 0 0.026395671109938 0.0223563603845294 0 0 0 0.0147666863555818 0 0 0 0 0 0 0 0
"danger" 0 0 0.0101020305081321 0 0.0272963013511669 0 0.0269106566200215 0 0 0.012132977432662 0 0.0187617260787993 0 0.0117343346632246 0 0 0 0 0 0 0 0 0 0 0 0 0 0 0
"davenport" 0 0 0 0 0 0 0 0 0 0 0 0 0 0 0 0 0 0 0 0 0 0 0.170842824601367 0 0 0 0 0 0
"deeper" 0.0112334306897326 0 0 0 0 0 0 0 0 0 0.0116427989288625 0 0 0 0.0596607858177789 0 0 0 0 0 0 0 0 0 0 0 0 0 0
"denver" 0 0 0 0 0 0 0 0 0 0 0 0 0 0 0 0.118780519994721 0 0 0 0 0 0 0 0 0 0 0 0 0
"deserved" 0.0112334306897326 0 0 0 0 0 0.0134553283100108 0 0.00849834282314949 0 0 0 0 0.058671673316123 0 0 0 0 0 0 0 0 0.0189825360668185 0 0 0 0 0 0
"destiny" 0.0224668613794653 0 0.0202040610162643 0.0356379187455453 0 0.0135538086202223 0 0 0 0 0 0 0 0 0 0 0 0 0 0 0 0 0.0189825360668185 0 0 0 0 0 0
"difficult" 0 0 0 0 0 0 0 0 0.00849834282314949 0.024265954865324 0 0 0 0.0352030039896738 0.0170459388050797 0 0 0 0 0 0 0 0 0 0 0 0 0.0146391450739277 0
"directly" 0 0 0.0101020305081321 0.0237586124970302 0 0 0 0.00976657876745776 0 0 0 0 0 0 0.0170459388050797 0 0 0.01170138076293 0 0 0 0 0 0 0 0 0 0.0146391450739277 0.0181488203266788
"dogs" 0.0112334306897326 0 0 0 0 0.0135538086202223 0 0 0.016996685646299 0 0 0 0.0102658864592958 0.0117343346632246 0 0 0.0670690811535882 0 0 0 0 0 0 0 0 0 0 0 0
"drax" 0.101100876207594 0 0 0 0 0 0 0 0 0 0 0 0 0 0 0 0 0 0 0 0 0 0 0 0 0 0 0 0
"dust" 0.0112334306897326 0 0.0101020305081321 0 0 0 0.0672766415500538 0 0 0 0.0116427989288625 0.00938086303939963 0 0 0 0 0 0 0 0 0 0 0 0 0 0 0 0 0
"elvish" 0 0 0 0 0 0 0 0 0 0 0.0349283967865875 0.0469043151969981 0.0102658864592958 0 0 0 0 0 0 0 0 0 0 0 0 0 0 0 0
"empty" 0 0 0 0 0 0.0135538086202223 0 0 0 0.012132977432662 0 0.00938086303939963 0.0205317729185915 0.0117343346632246 0 0 0 0 0.00994727941907888 0 0 0 0 0.0184229918938836 0 0 0 0.0146391450739277 0
"engine" 0 0 0.0101020305081321 0.0118793062485151 0 0 0 0 0.016996685646299 0 0 0 0 0 0 0.026395671109938 0 0.01170138076293 0 0 0 0 0 0 0 0 0.0182848784055586 0.0146391450739277 0
"expected" 0 0 0.0101020305081321 0.0118793062485151 0 0 0 0 0 0.024265954865324 0 0 0 0.0117343346632246 0 0.013197835554969 0 0 0.00994727941907888 0 0 0 0 0 0 0.0103691414350892 0 0.0146391450739277 0
"expecting" 0.0337002920691979 0 0 0 0 0 0 0.00976657876745776 0.00849834282314949 0 0.0116427989288625 0 0 0 0 0 0 0 0 0.0170415814587594 0 0 0 0.0184229918938836 0 0.0103691414350892 0 0 0
"false" 0 0 0 0 0.0136481506755835 0 0 0.00976657876745776 0 0 0 0.0281425891181989 0 0.0117343346632246 0 0 0 0 0 0 0 0 0.0189825360668185 0.0184229918938836 0 0 0.0182848784055586 0 0
"fellows" 0 0 0 0 0.0136481506755835 0.0135538086202223 0 0.00976657876745776 0 0 0 0 0 0 0 0 0 0 0 0.0340831629175187 0.0443000590667454 0.0139684313451599 0 0 0 0 0 0 0
"flame" 0 0 0 0 0 0 0 0 0 0 0.0582139946443125 0.0187617260787993 0.0102658864592958 0 0 0 0 0 0 0 0 0 0 0 0 0.0103691414350892 0 0 0
"flux" 0 0 0 0.106913756236636 0 0 0 0 0 0 0 0 0 0 0 0 0 0 0 0 0 0 0 0 0 0 0 0 0
"followed" 0 0 0.0101020305081321 0.0118793062485151 0 0 0.0134553283100108 0 0 0.012132977432662 0.0116427989288625 0.0187617260787993 0.0102658864592958 0 0 0 0 0 0 0 0 0 0 0 0.0200642054574639 0 0 0 0
"fredo" 0 0 0 0 0 0 0 0.0878992089071198 0 0 0 0 0 0 0 0 0 0 0 0 0 0 0 0 0 0 0 0 0
"friendship" 0 0 0 0 0 0.0135538086202223 0 0.039066315069831 0 0.012132977432662 0.0116427989288625 0 0.0102658864592958 0 0 0 0 0 0 0 0 0 0.0189825360668185 0 0 0 0 0 0
"fuchs" 0 0 0 0 0 0 0 0 0 0 0 0 0 0 0 0 0.201207243460765 0 0 0 0 0 0 0 0 0 0 0 0
"games" 0 0 0.0101020305081321 0 0 0.0135538086202223 0.0672766415500538 0 0 0 0 0 0 0 0 0.013197835554969 0 0 0 0 0 0.0139684313451599 0 0 0 0 0 0 0
"gladiator" 0 0 0 0 0 0 0.121097954790097 0 0 0 0 0 0 0 0 0 0 0 0 0 0 0 0 0 0 0 0 0 0
"governor" 0 0 0.0202040610162643 0 0 0 0 0.00976657876745776 0 0 0 0 0 0.0469373386528984 0 0.013197835554969 0 0 0 0 0 0 0 0 0.0200642054574639 0 0 0 0
"grows" 0 0 0 0 0 0 0 0 0 0 0.0349283967865875 0.0187617260787993 0.0205317729185915 0 0 0 0 0 0 0 0.0147666863555818 0 0 0 0 0 0.0182848784055586 0 0
"guts" 0 0 0 0 0 0 0 0 0 0 0 0 0.0102658864592958 0.0234686693264492 0 0 0 0 0 0 0 0.0698421567257997 0 0.0184229918938836 0 0 0 0 0
"han" 0 0 0.0909182745731892 0 0 0 0 0 0 0 0 0 0 0 0 0 0 0 0 0 0 0 0 0 0 0 0 0 0
"hearts" 0 0 0 0 0 0 0 0 0 0.012132977432662 0.023285597857725 0.0187617260787993 0 0 0 0 0 0 0 0 0 0.0139684313451599 0 0 0 0 0.0548546352166758 0 0
"heat" 0.0337002920691979 0 0 0 0 0 0 0.00976657876745776 0 0 0 0 0 0.0117343346632246 0 0.026395671109938 0 0 0 0 0 0 0.0189825360668185 0.0184229918938836 0 0 0 0 0
"hell^s" 0 0 0 0 0 0 0 0 0.00849834282314949 0 0 0 0 0 0 0 0.0223563603845294 0 0.0298418382572366 0.0340831629175187 0.0147666863555818 0.0139684313451599 0 0 0 0 0 0 0
"hills" 0 0 0 0 0.0136481506755835 0 0.0134553283100108 0 0 0 0.0116427989288625 0.0187617260787993 0.0102658864592958 0 0 0 0 0 0 0 0 0 0 0 0.0601926163723917 0 0 0 0
"hoped" 0.0112334306897326 0 0 0 0 0 0 0.00976657876745776 0.00849834282314949 0 0 0.00938086303939963 0.0102658864592958 0.0234686693264492 0 0 0 0 0 0.0170415814587594 0 0.0139684313451599 0 0 0 0 0 0 0
"hunting" 0 0 0 0 0 0 0 0 0 0 0.0116427989288625 0 0 0.0234686693264492 0 0.013197835554969 0 0 0 0 0 0 0.0759301442672741 0 0.0200642054574639 0 0 0 0
"intelligence" 0 0.018875047187618 0 0 0 0 0 0.00976657876745776 0 0 0.0116427989288625 0 0 0 0 0 0 0 0 0.0340831629175187 0 0.0279368626903199 0 0.0184229918938836 0 0.0103691414350892 0 0 0
"intend" 0 0 0 0 0 0 0.0134553283100108 0 0.016996685646299 0 0.0116427989288625 0 0 0.058671673316123 0 0 0 0 0 0 0 0 0 0 0 0 0 0 0
"jeep" 0 0 0 0 0 0 0 0 0 0 0 0 0 0 0 0 0 0.01170138076293 0.0596836765144733 0 0.0295333727111636 0 0 0 0 0 0 0 0
"jp" 0 0 0 0 0 0 0 0 0 0 0 0 0 0 0 0 0 0 0 0 0 0 0 0.165806927044952 0 0 0 0 0
"keeping" 0 0 0 0 0 0 0 0 0 0.012132977432662 0.0116427989288625 0 0 0.0117343346632246 0.00852296940253985 0.013197835554969 0 0 0.00994727941907888 0 0.0147666863555818 0 0 0 0 0.0207382828701783 0 0 0
"kilo" 0 0 0 0 0 0 0 0 0 0 0 0 0 0 0 0 0 0.10531242686637 0 0 0 0 0 0 0 0 0 0 0
"kingdom" 0 0 0 0 0.0409444520267504 0 0 0 0 0 0.0116427989288625 0.0375234521575985 0.0102658864592958 0 0 0 0 0 0 0 0 0 0 0 0 0 0 0 0
"kit" 0 0 0 0 0 0 0 0 0 0 0 0 0 0 0 0 0 0 0.0497363970953944 0 0 0 0 0 0 0.0103691414350892 0.0182848784055586 0 0.0362976406533575
"knowing" 0 0.018875047187618 0 0.0118793062485151 0 0 0 0 0.00849834282314949 0 0.0116427989288625 0 0 0 0.00852296940253985 0 0 0 0.0198945588381578 0 0 0 0 0.0184229918938836 0 0.0103691414350892 0 0 0
"large" 0.0112334306897326 0 0.0202040610162643 0 0.0136481506755835 0.0135538086202223 0 0 0 0 0 0.00938086303939963 0 0 0 0 0 0 0.00994727941907888 0 0 0 0 0 0 0 0 0.0146391450739277 0.0181488203266788
"lifebelts" 0 0 0 0 0 0 0 0 0.0764850854083454 0 0 0 0 0 0 0 0 0 0 0 0 0 0 0 0 0 0 0 0
"lines" 0 0 0 0 0 0 0 0 0.00849834282314949 0 0 0 0.0102658864592958 0 0 0.039593506664907 0 0 0 0 0.0295333727111636 0 0 0 0 0.0103691414350892 0.0182848784055586 0 0
"ls" 0 0 0 0 0 0 0 0 0.0339933712925979 0 0 0 0 0 0 0 0.0894254415381176 0 0 0 0 0 0 0 0 0.0103691414350892 0 0 0
"malark" 0 0 0 0 0 0 0 0 0 0 0 0 0 0 0 0 0 0 0.0397891176763155 0 0.073833431777909 0 0 0 0 0 0 0 0
"market" 0 0 0 0 0 0 0 0 0 0 0 0 0 0.0117343346632246 0.00852296940253985 0 0 0.0585069038146501 0 0.0340831629175187 0 0 0 0 0 0 0 0 0
"maurice" 0 0 0 0 0 0 0 0 0 0 0 0 0 0 0.0767067246228586 0 0 0 0 0 0 0 0 0 0 0 0 0 0
"medallion" 0 0.0377500943752359 0 0 0 0 0 0 0 0 0 0 0 0.0821403426425722 0 0 0 0 0 0 0 0 0 0 0 0 0 0 0
"menchie" 0 0 0 0 0 0 0 0 0 0 0 0 0 0 0 0 0 0 0 0 0 0 0 0 0 0 0 0 0.163339382940109
"metal" 0.0224668613794653 0 0.0101020305081321 0 0 0 0 0 0 0.012132977432662 0 0.00938086303939963 0 0 0 0 0 0 0 0 0 0.0139684313451599 0 0 0 0 0.0182848784055586 0 0.0362976406533575
"mighty" 0 0 0 0 0 0 0.0269106566200215 0 0 0 0 0.0281425891181989 0.0205317729185915 0 0 0 0 0 0 0 0 0.0279368626903199 0 0 0 0 0 0 0
"mile" 0 0 0 0 0 0 0 0 0.016996685646299 0 0 0 0 0 0 0 0.0223563603845294 0 0.00994727941907888 0 0.0147666863555818 0 0 0 0.0200642054574639 0.0103691414350892 0 0.0292782901478554 0
"moe" 0 0 0 0 0 0 0 0.0878992089071198 0 0 0 0 0 0 0 0 0 0 0 0 0 0 0 0 0 0 0 0 0
"mortar" 0 0 0 0 0 0 0 0 0 0 0 0 0 0 0 0 0 0 0.00994727941907888 0.0170415814587594 0.0147666863555818 0 0 0 0.0401284109149278 0.0311074243052675 0 0.0146391450739277 0
"necessary" 0 0.0377500943752359 0 0.0118793062485151 0.0136481506755835 0 0 0.0292997363023733 0 0 0 0 0 0 0.0170459388050797 0 0 0 0 0 0 0 0 0 0 0 0 0 0
"normal" 0 0 0.0101020305081321 0 0 0 0 0 0.00849834282314949 0 0 0.00938086303939963 0 0 0.0170459388050797 0.013197835554969 0.0447127207690588 0 0 0 0 0 0 0 0 0 0.0182848784055586 0 0
"noticed" 0.0112334306897326 0.018875047187618 0 0.0118793062485151 0 0 0 0 0.00849834282314949 0 0 0 0 0 0.0170459388050797 0.013197835554969 0 0 0.00994727941907888 0 0 0 0 0 0 0 0 0.0146391450739277 0
"nurse" 0 0.018875047187618 0 0 0 0.0135538086202223 0 0.00976657876745776 0 0.012132977432662 0 0 0 0 0 0 0 0 0.0497363970953944 0 0 0 0 0 0 0 0 0 0
"objective" 0 0 0 0 0 0 0 0 0 0 0 0 0 0 0 0 0 0 0 0.0170415814587594 0.0295333727111636 0 0 0 0.0401284109149278 0.0311074243052675 0.0182848784055586 0 0
"obviously" 0 0.0377500943752359 0 0 0.0272963013511669 0.0135538086202223 0 0 0.00849834282314949 0 0 0 0 0 0.00852296940253985 0.013197835554969 0 0 0 0 0 0 0 0 0 0 0 0.0146391450739277 0
"omaha" 0 0 0 0 0 0 0 0 0 0 0 0 0 0 0 0 0 0 0 0 0.0147666863555818 0 0 0 0 0.0103691414350892 0 0.102474015517494 0
"orc" 0 0 0 0 0 0 0 0 0 0 0.0116427989288625 0.0656660412757974 0.0102658864592958 0 0 0 0 0 0 0 0 0 0 0 0 0 0 0 0
"passengers" 0 0 0.0202040610162643 0 0 0 0 0 0.0509900569388969 0 0 0 0 0 0 0.013197835554969 0 0 0 0 0 0 0 0 0 0 0 0 0
"passing" 0 0.018875047187618 0.0101020305081321 0 0.0272963013511669 0 0 0 0 0 0.0116427989288625 0.0375234521575985 0 0 0 0 0 0 0 0 0 0 0 0 0 0 0 0 0
"patrol" 0 0 0 0 0 0 0 0 0 0 0.0116427989288625 0 0 0 0 0 0 0 0.0397891176763155 0 0.0147666863555818 0.0279368626903199 0 0.0184229918938836 0 0 0 0 0
"peaches" 0 0 0 0 0 0 0 0 0 0 0 0 0 0 0 0.013197835554969 0 0 0 0 0 0 0 0.128960943257185 0.0200642054574639 0 0 0 0
"pig" 0 0.018875047187618 0 0 0.0136481506755835 0.0135538086202223 0 0 0.00849834282314949 0 0 0 0.0102658864592958 0 0 0 0 0 0 0 0 0 0 0 0 0.0103691414350892 0.0548546352166758 0 0
"platform" 0 0 0 0.0118793062485151 0 0 0 0 0 0.0606648871633099 0 0 0 0 0 0 0 0 0 0 0 0 0 0 0 0 0 0 0.0544464609800363
"post" 0 0 0.0202040610162643 0.0118793062485151 0 0.0135538086202223 0 0 0 0.024265954865324 0 0 0 0 0 0.013197835554969 0 0 0 0 0 0.0139684313451599 0 0 0 0.0103691414350892 0 0 0
"pour" 0.0112334306897326 0.018875047187618 0 0 0 0 0.0134553283100108 0 0 0 0 0 0.0102658864592958 0 0 0 0 0 0.00994727941907888 0.0170415814587594 0.0443000590667454 0 0 0 0 0 0 0 0
"presence" 0 0 0.0303060915243964 0 0.0136481506755835 0 0 0 0.00849834282314949 0 0.023285597857725 0 0 0.0117343346632246 0.00852296940253985 0 0 0 0 0 0 0 0 0 0 0 0 0 0
"pure" 0 0 0 0 0.0272963013511669 0 0.0134553283100108 0 0 0.0363989322979859 0 0 0 0 0.00852296940253985 0 0.0223563603845294 0 0 0 0 0.0139684313451599 0 0 0 0 0 0 0
"quidditch" 0 0 0 0 0 0 0 0 0 0.109196796893958 0 0 0 0 0 0 0 0 0 0 0 0 0 0 0 0 0 0 0
"rats" 0 0 0.0101020305081321 0 0 0 0 0 0.016996685646299 0 0 0.00938086303939963 0.0102658864592958 0 0 0 0 0 0 0.0170415814587594 0 0.0139684313451599 0 0 0.0401284109149278 0 0 0 0
"reached" 0 0 0.0101020305081321 0 0.0136481506755835 0 0 0 0 0 0.023285597857725 0.00938086303939963 0.0102658864592958 0 0 0 0 0.01170138076293 0 0 0 0 0 0 0 0 0 0.0292782901478554 0
"reaction" 0 0 0.0202040610162643 0.0356379187455453 0 0 0 0.00976657876745776 0 0 0 0 0 0 0.00852296940253985 0.013197835554969 0.0223563603845294 0 0 0 0 0 0 0 0 0 0 0 0
"rebellion" 0 0 0.0909182745731892 0 0 0 0 0 0 0 0 0 0 0 0 0 0 0 0 0 0 0 0 0 0 0 0 0 0
"republic" 0 0 0.0202040610162643 0 0 0 0.0807319698600646 0 0 0 0 0 0 0 0 0 0 0 0 0 0 0 0 0 0 0.0103691414350892 0 0 0
"retreat" 0 0 0 0 0.0136481506755835 0.0135538086202223 0 0 0.00849834282314949 0 0 0.0187617260787993 0.041063545837183 0 0 0 0 0 0 0 0 0 0 0 0 0 0 0 0
"reward" 0 0 0.0606121830487928 0 0 0 0.0134553283100108 0 0 0 0 0 0.0102658864592958 0 0 0 0 0.01170138076293 0 0 0 0 0 0 0 0 0 0 0
"rings" 0.0224668613794653 0 0 0 0 0 0 0 0 0 0.0582139946443125 0 0.0205317729185915 0 0 0 0 0 0 0 0 0 0 0 0 0 0 0 0
"rise" 0.0112334306897326 0 0 0 0 0 0.0269106566200215 0 0 0 0 0.0187617260787993 0.0102658864592958 0 0.00852296940253985 0 0 0 0.00994727941907888 0 0 0 0.0189825360668185 0 0 0 0 0 0
"rum" 0 0 0 0 0 0 0 0 0 0.024265954865324 0 0 0 0.0821403426425722 0 0 0 0 0 0 0 0 0 0 0 0 0 0 0
"sacred" 0 0.018875047187618 0 0 0.0955370547290842 0 0 0.00976657876745776 0 0 0 0 0 0 0 0 0 0 0 0 0 0 0 0 0 0 0 0 0
"samwise" 0 0 0 0 0 0 0 0 0 0 0.04657119571545 0.0281425891181989 0.0205317729185915 0 0 0 0 0 0 0 0 0 0 0 0 0 0 0 0
"sarg" 0 0 0 0 0 0 0 0 0 0 0 0 0 0 0 0 0 0.10531242686637 0 0 0 0 0 0 0 0 0 0 0
"saving" 0.0337002920691979 0 0 0 0 0.0135538086202223 0 0 0.016996685646299 0 0 0 0 0.0117343346632246 0 0 0 0 0 0 0 0 0.0189825360668185 0 0 0.0103691414350892 0 0 0
"scissors" 0 0 0 0 0 0 0 0 0 0 0 0 0 0 0 0 0 0 0.0895255147717099 0 0 0 0 0 0 0 0 0 0
"seeker" 0 0 0 0 0 0 0 0 0 0.109196796893958 0 0 0 0 0 0 0 0 0 0 0 0 0 0 0 0 0 0 0
"seeyou" 0 0 0 0 0 0 0 0 0.0764850854083454 0 0 0 0 0 0 0 0 0 0 0 0 0 0 0 0 0 0 0 0
"shine" 0.0112334306897326 0 0 0 0 0 0 0 0.00849834282314949 0 0 0.0187617260787993 0 0.0117343346632246 0 0.039593506664907 0 0 0 0 0 0 0.0189825360668185 0 0 0 0 0 0
"should^ve" 0.0224668613794653 0 0 0 0 0 0 0 0 0.012132977432662 0 0 0 0 0.00852296940253985 0.026395671109938 0 0.01170138076293 0 0 0 0 0.0379650721336371 0 0 0 0 0 0
"smile" 0.0112334306897326 0 0 0 0 0 0.0403659849300323 0 0 0 0 0.00938086303939963 0.0102658864592958 0 0.00852296940253985 0 0 0 0.00994727941907888 0 0 0 0 0 0.0200642054574639 0 0 0 0
"socks" 0 0 0 0 0 0 0 0 0 0 0 0 0 0 0 0 0 0 0.0198945588381578 0.0681663258350375 0 0.0139684313451599 0 0.0184229918938836 0 0.0103691414350892 0 0 0
"song" 0 0 0 0 0.0136481506755835 0 0 0.0195331575349155 0 0 0 0 0.0102658864592958 0.0117343346632246 0 0 0 0 0 0 0 0 0 0 0 0.0311074243052675 0.0182848784055586 0 0
"spies" 0 0 0.0202040610162643 0 0 0 0 0 0 0 0.023285597857725 0.0469043151969981 0 0 0 0 0 0 0 0 0 0 0 0 0 0 0 0 0
"split" 0 0 0 0 0.0136481506755835 0.0135538086202223 0 0 0 0 0 0 0 0 0.00852296940253985 0 0 0 0 0.0170415814587594 0 0 0 0.0184229918938836 0 0.0311074243052675 0 0.0146391450739277 0
"steele" 0 0 0 0 0 0 0 0 0 0 0 0 0 0 0 0 0 0.10531242686637 0 0 0 0 0 0 0 0 0 0 0
"stolen" 0.0224668613794653 0 0.0303060915243964 0.0118793062485151 0 0 0 0 0.00849834282314949 0 0 0 0.0102658864592958 0 0 0 0 0 0 0 0 0 0 0 0 0 0 0 0.0181488203266788
"stronger" 0 0 0 0 0 0.0135538086202223 0 0.00976657876745776 0.00849834282314949 0 0.023285597857725 0 0 0 0.0255689082076195 0.013197835554969 0 0 0 0 0 0 0 0 0 0 0 0 0
"subject" 0 0.018875047187618 0 0 0 0 0 0 0 0.012132977432662 0 0 0 0.0117343346632246 0.0511378164152391 0 0 0 0 0 0 0 0 0 0 0 0 0 0
"suddenly" 0 0 0.0202040610162643 0 0.0272963013511669 0.0135538086202223 0 0 0.00849834282314949 0 0 0 0 0 0 0 0 0.01170138076293 0 0 0.0147666863555818 0 0 0 0 0 0 0.0146391450739277 0
"supplies" 0 0 0 0 0 0 0 0 0 0.012132977432662 0 0 0 0 0 0.013197835554969 0 0 0.0298418382572366 0.0170415814587594 0.0147666863555818 0 0 0.0368459837877671 0 0 0 0 0
"tall" 0.0112334306897326 0 0 0.0118793062485151 0.0272963013511669 0 0 0 0 0 0 0.0187617260787993 0 0 0 0 0 0 0 0 0 0.0279368626903199 0 0 0 0 0.0182848784055586 0 0
"tells" 0 0.018875047187618 0.0202040610162643 0.0118793062485151 0 0 0 0 0 0 0.0116427989288625 0 0 0 0 0.026395671109938 0 0 0 0 0 0 0.0189825360668185 0 0.0200642054574639 0 0 0 0
"that^ll" 0 0 0.0202040610162643 0.0118793062485151 0 0 0 0.00976657876745776 0 0 0 0 0 0.0117343346632246 0.00852296940253985 0.013197835554969 0 0 0.00994727941907888 0 0 0 0 0 0 0 0 0.0146391450739277 0
"themselves" 0.0112334306897326 0 0 0 0 0 0 0 0 0 0.0116427989288625 0 0 0 0.00852296940253985 0.013197835554969 0 0 0 0 0 0.0139684313451599 0 0 0.0200642054574639 0.0103691414350892 0.0365697568111172 0 0
"thin" 0 0 0 0.0237586124970302 0 0 0 0 0.00849834282314949 0 0.023285597857725 0 0 0 0 0 0.0223563603845294 0 0.0198945588381578 0 0 0 0 0.0184229918938836 0 0 0 0 0
"thrown" 0 0 0 0 0 0 0 0 0 0 0.0116427989288625 0 0 0 0.00852296940253985 0.013197835554969 0.0223563603845294 0 0.0198945588381578 0 0 0.0139684313451599 0 0 0 0.0103691414350892 0 0 0.0181488203266788
"ticket" 0.0112334306897326 0.018875047187618 0 0 0 0 0 0 0.016996685646299 0.024265954865324 0 0 0 0 0 0.013197835554969 0 0 0 0 0.0147666863555818 0 0 0 0 0.0103691414350892 0 0 0
"toilet" 0 0 0 0.0356379187455453 0 0 0 0.00976657876745776 0 0 0 0 0 0 0 0 0 0 0 0 0 0 0.0949126803340926 0 0 0 0 0 0
"toward" 0.0112334306897326 0 0.0101020305081321 0.0118793062485151 0 0 0 0 0 0 0 0 0 0 0 0 0 0 0 0.0170415814587594 0 0 0 0.0368459837877671 0 0 0 0.043917435221783 0
"towards" 0 0 0.0101020305081321 0 0.0136481506755835 0 0 0.00976657876745776 0.00849834282314949 0 0 0.00938086303939963 0.0102658864592958 0 0 0.013197835554969 0 0 0 0 0 0 0 0 0 0 0.0182848784055586 0 0.0181488203266788
"tracks" 0 0 0.0303060915243964 0 0 0 0 0 0 0 0 0.0187617260787993 0 0 0 0.013197835554969 0 0 0 0.0170415814587594 0 0 0 0 0 0.0207382828701783 0 0 0
"traffic" 0 0 0 0 0 0 0 0.0195331575349155 0 0 0 0 0 0 0 0 0 0.01170138076293 0 0 0 0 0 0 0 0 0.0365697568111172 0.0146391450739277 0.0544464609800363
"tricks" 0.0224668613794653 0 0.0101020305081321 0 0 0 0 0.00976657876745776 0 0.012132977432662 0.0116427989288625 0 0 0 0.0255689082076195 0 0 0 0 0 0 0 0 0 0 0 0 0 0
"troll" 0 0 0 0 0 0 0 0 0 0.109196796893958 0 0 0 0 0 0 0 0 0 0 0 0 0 0 0 0 0 0 0
"twenty" 0 0 0.0202040610162643 0 0 0 0 0 0 0 0 0.00938086303939963 0 0 0.0426148470126992 0 0 0 0 0 0 0.0139684313451599 0 0 0 0 0 0 0
"type" 0 0 0 0 0 0 0 0.00976657876745776 0.00849834282314949 0.012132977432662 0 0 0 0 0.0255689082076195 0 0 0.0234027615258601 0 0 0 0 0 0 0 0 0 0.0146391450739277 0
"understood" 0 0 0 0 0 0 0 0.00976657876745776 0 0 0 0 0 0 0.00852296940253985 0 0 0.0234027615258601 0.0198945588381578 0 0.0147666863555818 0 0.0189825360668185 0 0 0 0.0182848784055586 0 0
"upstairs" 0 0 0 0 0 0.0135538086202223 0 0.0195331575349155 0 0.012132977432662 0 0 0 0 0.00852296940253985 0.013197835554969 0 0 0.00994727941907888 0 0.0147666863555818 0 0 0 0 0 0 0 0.0181488203266788
"voldemort" 0 0 0 0 0 0 0 0 0 0.109196796893958 0 0 0 0 0 0 0 0 0 0 0 0 0 0 0 0 0 0 0
"wave" 0 0.018875047187618 0 0 0.0136481506755835 0 0 0 0 0.012132977432662 0 0 0.0102658864592958 0 0 0.013197835554969 0 0 0 0 0 0 0 0 0 0.0103691414350892 0 0.043917435221783 0
"weight" 0.0112334306897326 0 0 0.0118793062485151 0.0136481506755835 0 0 0 0.016996685646299 0 0 0 0.0205317729185915 0 0.00852296940253985 0 0 0 0 0 0 0 0 0 0.0200642054574639 0 0 0 0
"whoever" 0.0224668613794653 0 0 0 0.0136481506755835 0 0 0.0195331575349155 0.00849834282314949 0 0 0 0 0 0 0 0.0223563603845294 0 0 0 0 0 0 0 0.0401284109149278 0 0 0 0
"wicked" 0 0 0 0 0.0409444520267504 0 0 0 0 0.0485319097306479 0 0.0187617260787993 0 0 0 0 0 0 0 0 0 0 0 0 0 0 0 0 0
"willing" 0 0.0377500943752359 0 0 0 0 0.0134553283100108 0.0195331575349155 0.00849834282314949 0 0 0 0 0.0117343346632246 0 0 0 0 0 0 0 0 0.0189825360668185 0 0 0 0 0.0146391450739277 0
"wire" 0 0 0 0.0237586124970302 0 0.0135538086202223 0 0.00976657876745776 0 0 0 0 0 0 0 0 0 0 0 0 0 0 0 0.0368459837877671 0 0.0103691414350892 0 0.0292782901478554 0
"worthy" 0 0 0 0 0.0409444520267504 0 0.0134553283100108 0 0 0 0.0116427989288625 0.00938086303939963 0 0 0.00852296940253985 0 0 0 0.00994727941907888 0 0 0 0 0 0 0.0103691414350892 0 0 0
"-don^t" 0 0 0.0303060915243964 0 0 0 0 0 0 0 0.0116427989288625 0.00938086303939963 0 0 0 0 0 0.0234027615258601 0 0 0 0.0139684313451599 0 0 0 0 0 0 0
"-give" 0 0 0 0 0 0 0 0 0 0 0.023285597857725 0 0 0 0 0.026395671109938 0 0 0 0.0681663258350375 0 0 0 0 0 0 0 0 0
"-is" 0 0 0.0101020305081321 0 0 0 0 0 0 0 0.0116427989288625 0.0187617260787993 0 0 0 0 0 0.0234027615258601 0 0.0170415814587594 0 0 0 0 0 0 0 0.0146391450739277 0
"-that" 0 0 0.0202040610162643 0 0 0 0 0 0.00849834282314949 0 0.0116427989288625 0 0 0 0 0 0 0.0234027615258601 0 0 0 0.0279368626903199 0 0 0 0 0 0 0
"-there^s" 0 0 0.0303060915243964 0 0 0 0 0 0 0 0.023285597857725 0 0 0 0 0 0 0 0 0.0340831629175187 0 0 0 0 0 0 0 0.0146391450739277 0
"-they^re" 0 0 0.0101020305081321 0 0 0 0 0 0 0 0.023285597857725 0 0 0 0.00852296940253985 0 0 0.0351041422887901 0 0 0 0 0 0 0 0 0 0.0146391450739277 0
"abdi" 0 0 0 0 0 0 0 0 0 0 0 0 0 0 0 0 0 0.0936110461034402 0 0 0 0 0 0 0 0 0 0 0
"ack" 0 0 0 0 0 0 0 0 0 0 0 0 0 0 0 0 0 0 0 0 0 0 0 0 0.160513643659711 0 0 0 0
"actual" 0 0.018875047187618 0 0 0 0 0 0 0 0 0 0 0 0.0234686693264492 0 0 0 0.01170138076293 0 0 0 0.0419052940354798 0.0189825360668185 0 0 0 0 0 0
"advance" 0 0 0.0101020305081321 0 0 0 0.0134553283100108 0 0 0 0 0 0.0102658864592958 0 0 0 0 0 0 0.0340831629175187 0.0147666863555818 0 0 0 0 0.0207382828701783 0 0 0
"advised" 0 0 0 0 0 0 0 0.00976657876745776 0 0 0 0 0 0 0 0 0 0.01170138076293 0 0 0 0 0 0 0 0 0 0 0.108892921960073
"alley" 0 0 0 0 0 0 0 0 0 0.012132977432662 0 0 0 0 0 0 0 0 0.0298418382572366 0.0681663258350375 0 0 0 0 0 0 0 0 0
"art" 0 0 0 0 0.0272963013511669 0 0 0 0.016996685646299 0.012132977432662 0 0 0 0 0.0170459388050797 0 0 0.01170138076293 0 0 0 0 0 0 0 0 0 0 0
"assholes" 0 0 0 0.0118793062485151 0 0 0 0 0 0 0 0 0 0 0 0.013197835554969 0 0.01170138076293 0 0 0 0.0419052940354798 0 0 0.0200642054574639 0 0.0182848784055586 0 0
"aw" 0 0 0.0101020305081321 0 0 0.0271076172404446 0 0 0 0 0 0 0 0 0 0 0 0.01170138076293 0 0 0 0 0.0189825360668185 0.0184229918938836 0.0401284109149278 0 0 0 0
"balls" 0 0 0 0 0 0 0 0 0 0.012132977432662 0 0 0 0 0 0 0 0.0234027615258601 0 0.0170415814587594 0 0.0279368626903199 0 0.0368459837877671 0 0 0 0 0
"band" 0.0112334306897326 0 0 0.0118793062485151 0.0136481506755835 0 0 0.00976657876745776 0.00849834282314949 0 0.0116427989288625 0 0 0 0 0 0 0 0 0.0170415814587594 0 0 0 0.0184229918938836 0 0 0 0 0
"bar" 0 0 0 0 0 0 0 0.00976657876745776 0.00849834282314949 0 0 0.00938086303939963 0 0 0.0170459388050797 0 0 0 0 0 0 0 0.0189825360668185 0 0 0.0207382828701783 0 0 0
"basilone" 0 0 0 0 0 0 0 0 0 0 0 0 0 0 0 0 0 0 0 0 0 0 0 0.0736919675755343 0.0802568218298555 0 0 0 0
"bat" 0 0 0 0 0 0 0 0 0 0 0 0 0 0 0 0.105582684439752 0 0 0 0 0 0 0 0 0 0 0 0 0
"beam" 0 0.018875047187618 0.0606121830487928 0 0 0 0 0 0 0 0 0 0 0 0 0 0 0 0 0 0 0 0.0189825360668185 0 0 0 0 0 0
"belloq" 0 0.151000377500944 0 0 0 0 0 0 0 0 0 0 0 0 0 0 0 0 0 0 0 0 0 0 0 0 0 0 0
"bennings" 0 0 0 0 0 0 0 0 0 0 0 0 0 0 0 0 0.178850883076235 0 0 0 0 0 0 0 0 0 0 0 0
"betrayed" 0 0 0.0101020305081321 0 0 0 0.0134553283100108 0 0 0 0.023285597857725 0.00938086303939963 0.0102658864592958 0.0117343346632246 0.00852296940253985 0 0 0 0 0 0 0 0 0 0 0 0 0 0
"blessed" 0 0 0 0 0 0 0.0538213132400431 0 0 0 0 0.00938086303939963 0.0102658864592958 0 0 0 0 0 0.00994727941907888 0 0 0 0 0 0 0.0103691414350892 0 0 0
"bolt" 0 0 0.0202040610162643 0.0356379187455453 0 0 0 0.00976657876745776 0 0 0 0 0 0 0 0 0 0 0 0 0 0.0279368626903199 0 0 0 0 0 0 0
"bones" 0 0 0 0 0.0272963013511669 0 0 0.00976657876745776 0 0.012132977432662 0 0 0.0102658864592958 0.0117343346632246 0 0 0 0.01170138076293 0 0 0 0 0 0 0 0 0.0182848784055586 0 0
"bother" 0 0 0 0.0118793062485151 0.0272963013511669 0 0 0 0 0 0 0 0 0 0.0170459388050797 0 0 0 0.00994727941907888 0.0170415814587594 0.0147666863555818 0 0 0 0 0 0 0 0
"bought" 0 0 0.0101020305081321 0 0 0 0.0134553283100108 0.00976657876745776 0.00849834282314949 0.012132977432662 0 0.00938086303939963 0 0 0.00852296940253985 0 0 0 0 0 0 0 0 0 0 0 0 0.0146391450739277 0
"bullet" 0 0 0 0 0 0 0 0 0 0 0 0 0 0 0 0 0 0.0468055230517201 0.00994727941907888 0.0170415814587594 0 0 0.0189825360668185 0.0184229918938836 0 0 0 0 0
"buried" 0 0.018875047187618 0 0 0 0 0 0 0 0 0 0 0 0.0117343346632246 0 0.013197835554969 0.0670690811535882 0 0 0 0 0.0139684313451599 0.0189825360668185 0 0 0 0 0 0
"cairo" 0 0.151000377500944 0 0 0 0 0 0 0 0 0 0 0 0 0 0 0 0 0 0 0 0 0 0 0 0 0 0 0
"cake" 0.0112334306897326 0 0 0.0118793062485151 0 0.0135538086202223 0 0.0195331575349155 0 0 0.0116427989288625 0 0 0 0 0 0 0 0 0 0 0 0 0 0 0 0.0182848784055586 0.0146391450739277 0
"calvin" 0 0 0 0.0950344499881207 0 0 0 0 0 0 0 0 0 0 0 0 0 0 0 0 0 0 0 0 0 0 0 0 0
"cap" 0.0674005841383959 0 0 0 0 0 0 0 0 0 0 0 0 0.0117343346632246 0 0 0 0 0 0 0 0 0 0 0 0 0 0 0.0181488203266788
"capacitor" 0 0 0 0.0950344499881207 0 0 0 0 0 0 0 0 0 0 0 0 0 0 0 0 0 0 0 0 0 0 0 0 0
"caretaker" 0 0 0 0 0 0 0 0 0 0.012132977432662 0 0 0.0102658864592958 0 0 0.0791870133298139 0 0 0 0 0 0 0 0 0 0 0 0 0
"carrying" 0 0 0.0202040610162643 0 0.0136481506755835 0 0 0 0.00849834282314949 0 0 0 0.0102658864592958 0 0 0 0 0.01170138076293 0 0.0170415814587594 0 0 0 0 0 0.0103691414350892 0 0 0
"ceremony" 0 0 0.0101020305081321 0 0.0136481506755835 0 0 0 0 0.012132977432662 0 0 0 0.0469373386528984 0 0 0 0 0 0 0 0 0.0189825360668185 0 0 0 0 0 0
"chewie" 0 0 0.0808162440650571 0 0 0 0 0 0 0 0 0 0 0 0 0 0 0 0 0 0 0 0 0 0 0 0 0 0
"chocolate" 0 0 0 0.0118793062485151 0 0 0 0 0 0.024265954865324 0 0 0 0 0 0.026395671109938 0 0 0 0.0170415814587594 0 0 0.0379650721336371 0 0 0 0 0 0
"clever" 0 0.018875047187618 0 0 0 0 0.0269106566200215 0.00976657876745776 0 0.024265954865324 0.0116427989288625 0 0.0102658864592958 0 0 0 0 0 0 0 0 0 0 0 0 0 0 0 0
"computer" 0 0 0.0808162440650571 0 0 0 0 0 0 0 0 0 0 0 0 0 0 0 0 0 0 0 0 0 0 0 0 0 0
"concerned" 0 0 0 0.0118793062485151 0 0 0 0 0.00849834282314949 0 0 0 0 0.0117343346632246 0 0.039593506664907 0 0 0.00994727941907888 0 0 0 0 0 0 0 0 0.0146391450739277 0
"conditions" 0 0 0 0 0 0.0135538086202223 0 0 0.00849834282314949 0 0 0 0 0 0 0 0 0 0 0 0 0 0 0 0 0 0 0.0878348704435661 0
"cop" 0 0 0 0 0.0136481506755835 0 0 0.0488328938372888 0.00849834282314949 0 0 0 0 0 0 0 0 0 0 0 0 0 0 0 0 0 0.0182848784055586 0 0
"cream" 0 0 0 0 0 0.0135538086202223 0 0 0 0 0 0 0.0102658864592958 0 0 0.0791870133298139 0 0 0 0 0 0 0 0 0 0 0 0 0
"crossing" 0 0 0 0 0 0 0 0 0.00849834282314949 0 0.0116427989288625 0 0.0102658864592958 0.0234686693264492 0.00852296940253985 0 0 0 0 0.0170415814587594 0 0 0 0 0.0200642054574639 0 0 0 0
"damned" 0 0 0 0 0 0 0 0 0 0 0 0 0 0.0234686693264492 0 0 0 0 0.0198945588381578 0 0 0 0.0379650721336371 0.0184229918938836 0 0 0 0.0146391450739277 0
"dauntless" 0 0 0 0 0 0 0 0 0 0 0 0 0 0.0938746773057968 0 0 0 0 0 0 0 0 0 0 0 0 0 0 0
"de" 0 0 0 0 0 0 0 0 0 0 0 0 0 0.0352030039896738 0 0 0 0 0 0 0.0147666863555818 0 0 0 0.0802568218298555 0 0 0 0
"desert" 0 0.0755001887504719 0 0 0 0 0 0 0 0 0 0 0 0 0 0 0 0.01170138076293 0 0 0 0 0 0 0 0.0103691414350892 0.0365697568111172 0 0
"designed" 0.0224668613794653 0 0.0101020305081321 0 0 0 0 0 0.016996685646299 0 0 0 0 0 0.0255689082076195 0 0 0 0 0 0 0 0 0 0 0 0 0 0
"distance" 0 0 0 0.0237586124970302 0 0 0 0 0 0 0.0116427989288625 0.0187617260787993 0 0.0117343346632246 0 0 0 0 0 0 0 0 0 0 0 0 0.0365697568111172 0 0
"double" 0 0 0.0202040610162643 0 0 0.0271076172404446 0.0134553283100108 0 0 0 0 0 0.0102658864592958 0 0 0 0 0 0 0.0170415814587594 0 0 0 0 0 0 0 0.0146391450739277 0
"dreaming" 0 0 0 0 0 0 0 0 0 0 0 0 0 0 0.0681837552203188 0 0 0 0 0 0 0 0 0 0 0 0 0 0
"drunk" 0 0 0 0.0237586124970302 0 0 0 0 0.00849834282314949 0 0 0 0 0 0 0 0.0223563603845294 0 0.00994727941907888 0 0.0147666863555818 0 0 0.0184229918938836 0 0 0.0182848784055586 0 0
"duck" 0 0.018875047187618 0 0 0.0818889040535007 0 0 0 0 0 0 0 0 0 0 0 0 0.01170138076293 0 0 0 0 0 0 0 0 0 0 0
"dug" 0 0.018875047187618 0 0 0 0 0 0 0 0 0 0 0 0 0 0 0 0 0.0497363970953944 0 0 0.0139684313451599 0 0 0.0200642054574639 0 0 0 0
"ear" 0 0 0 0 0 0.0542152344808891 0.0134553283100108 0 0 0 0 0 0.0102658864592958 0 0.00852296940253985 0 0 0 0 0 0 0 0 0 0 0.0103691414350892 0 0 0
"eggs" 0.0224668613794653 0 0 0 0 0 0 0 0 0.012132977432662 0.0116427989288625 0 0 0.0352030039896738 0 0 0 0 0 0 0 0 0 0 0 0 0.0182848784055586 0 0
"einstein" 0 0 0 0.0950344499881207 0 0 0 0 0 0 0 0 0 0 0 0 0 0 0 0 0 0 0 0 0 0 0 0 0
"experience" 0.0449337227589306 0 0.0101020305081321 0 0 0 0.0134553283100108 0 0.00849834282314949 0 0 0 0 0 0 0 0 0 0.00994727941907888 0 0 0 0 0 0 0 0 0 0
"feed" 0 0 0 0 0 0 0.0134553283100108 0 0.00849834282314949 0 0 0.00938086303939963 0.0205317729185915 0 0.00852296940253985 0 0 0 0 0.0170415814587594 0 0 0 0.0184229918938836 0 0 0 0 0
"fighter" 0.0112334306897326 0 0.0505101525406607 0.0118793062485151 0 0 0 0 0 0 0 0 0 0 0 0 0 0 0 0 0 0 0.0189825360668185 0 0 0 0 0 0
"fighters" 0 0 0.0707142135569249 0 0 0 0.0134553283100108 0 0 0 0 0 0 0 0 0 0 0 0 0 0 0 0 0 0 0 0 0 0
"fingers" 0.0337002920691979 0 0.0101020305081321 0 0 0 0 0 0 0 0 0.00938086303939963 0.0102658864592958 0 0 0 0 0 0.0198945588381578 0 0 0 0 0 0 0 0 0 0
"fixed" 0 0 0 0.0118793062485151 0 0.0135538086202223 0 0 0 0 0.0116427989288625 0 0.0102658864592958 0 0 0 0 0 0.00994727941907888 0 0.0147666863555818 0 0 0 0.0401284109149278 0 0 0 0
"folk" 0 0 0 0 0.0272963013511669 0 0 0 0 0.012132977432662 0.023285597857725 0.0187617260787993 0.0102658864592958 0 0 0 0 0 0 0 0 0 0 0 0 0 0 0 0
"following" 0 0.018875047187618 0.0101020305081321 0.0118793062485151 0 0 0 0 0 0 0.0116427989288625 0 0.0102658864592958 0 0 0.013197835554969 0 0 0.00994727941907888 0 0 0 0.0189825360668185 0 0 0 0 0 0
"fools" 0 0.0377500943752359 0 0 0 0 0 0 0 0 0.023285597857725 0.00938086303939963 0.0102658864592958 0.0117343346632246 0 0 0 0 0 0 0.0147666863555818 0 0 0 0 0 0 0 0
"freezing" 0 0 0 0 0 0 0.0134553283100108 0 0.0254950284694485 0 0 0 0 0 0 0.013197835554969 0.0223563603845294 0 0.00994727941907888 0 0 0 0.0189825360668185 0 0 0 0 0 0
"function" 0.0112334306897326 0 0.0101020305081321 0 0 0 0 0 0 0 0 0 0 0 0.0255689082076195 0 0 0 0 0 0.0295333727111636 0 0 0 0 0 0.0182848784055586 0 0
"galentine" 0 0 0 0 0 0 0 0 0 0 0 0 0 0 0 0 0 0.0936110461034402 0 0 0 0 0 0 0 0 0 0 0
"gas" 0.0112334306897326 0 0 0.0118793062485151 0 0.0271076172404446 0 0 0 0 0 0 0 0 0 0 0 0.0234027615258601 0 0 0 0 0 0 0 0 0.0182848784055586 0 0.0181488203266788
"glory" 0 0 0 0 0.0136481506755835 0 0.0269106566200215 0 0 0.012132977432662 0.0116427989288625 0.0187617260787993 0 0 0 0 0 0 0 0 0 0 0 0 0 0 0 0.0146391450739277 0
"gooks" 0 0 0 0 0 0 0 0 0 0 0 0 0 0 0 0 0 0 0 0 0 0.11174745076128 0 0 0 0 0 0 0
"gordon" 0.0224668613794653 0 0 0 0 0 0 0 0 0 0 0 0 0 0 0 0 0.0351041422887901 0.0198945588381578 0.0170415814587594 0 0 0 0 0 0 0 0 0
"gotyou" 0 0 0 0 0 0 0 0 0.0679867425851959 0 0 0 0 0 0 0 0 0 0 0 0 0 0 0 0 0 0 0 0
"grateful" 0.0112334306897326 0 0 0 0 0 0 0.0488328938372888 0 0 0 0 0 0 0 0 0 0 0 0 0.0147666863555818 0 0 0 0 0.0103691414350892 0 0 0
"grew" 0 0.018875047187618 0 0 0 0 0 0.00976657876745776 0.016996685646299 0 0.0116427989288625 0 0 0 0.00852296940253985 0 0 0.01170138076293 0.00994727941907888 0 0 0 0 0 0 0 0 0 0
"grief" 0 0 0 0 0 0 0 0 0 0.012132977432662 0.0116427989288625 0.0187617260787993 0.0102658864592958 0 0 0 0 0 0 0 0 0 0 0 0 0.0207382828701783 0.0182848784055586 0 0
"guarding" 0 0 0 0 0 0 0 0.00976657876745776 0 0.0727978645959718 0 0 0.0102658864592958 0 0 0 0 0 0 0 0 0 0 0 0 0 0 0 0
"guards" 0 0 0 0 0.0272963013511669 0 0.0403659849300323 0.00976657876745776 0 0 0 0 0 0 0.00852296940253985 0 0 0 0 0.0170415814587594 0 0 0 0 0 0 0 0 0
"guinea" 0 0 0 0 0 0 0 0.0585994726047466 0 0 0 0 0 0 0 0 0 0 0 0 0.0147666863555818 0 0 0 0 0.0103691414350892 0 0 0
"gunny" 0 0 0 0 0 0 0 0 0 0 0 0 0 0 0 0 0 0 0 0 0 0 0 0 0.160513643659711 0 0 0 0
"hadn^t" 0 0 0 0.0118793062485151 0 0.0271076172404446 0 0 0.00849834282314949 0.024265954865324 0 0 0 0.0117343346632246 0 0 0 0 0.00994727941907888 0 0 0 0 0 0 0 0 0 0
"hagen" 0 0 0 0 0 0 0 0.0781326301396621 0 0 0 0 0 0 0 0 0 0 0 0 0 0 0 0 0 0 0 0 0
"hallorann" 0 0 0 0 0 0 0 0 0 0 0 0 0 0 0 0.105582684439752 0 0 0 0 0 0 0 0 0 0 0 0 0
"heaven" 0 0 0 0 0 0 0 0.00976657876745776 0.0254950284694485 0 0 0 0 0 0 0 0 0 0.0198945588381578 0 0 0.0139684313451599 0 0 0.0200642054574639 0 0 0 0
"helped" 0 0 0.0202040610162643 0 0 0 0 0.0195331575349155 0 0 0 0 0 0.0117343346632246 0 0 0 0 0.00994727941907888 0 0 0.0139684313451599 0.0189825360668185 0 0 0 0 0 0
"heroes" 0.0112334306897326 0 0 0 0 0 0 0 0 0 0 0 0 0.0117343346632246 0 0 0 0.01170138076293 0 0.0170415814587594 0 0 0.0189825360668185 0.0184229918938836 0 0 0.0365697568111172 0 0
"hunt" 0 0 0.0101020305081321 0 0 0 0 0.00976657876745776 0 0.012132977432662 0.023285597857725 0 0.0102658864592958 0.0117343346632246 0 0 0 0 0 0 0 0 0 0 0 0 0 0.0146391450739277 0
"inception" 0 0 0 0 0 0 0 0 0 0 0 0 0 0 0.0681837552203188 0 0 0 0 0 0 0 0 0 0 0 0 0 0
"inform" 0 0 0.0202040610162643 0 0 0 0 0 0 0 0 0 0 0.0234686693264492 0 0 0 0.01170138076293 0 0.0170415814587594 0 0.0139684313451599 0 0 0 0.0103691414350892 0 0 0
"iron" 0 0 0 0 0 0 0 0 0.00849834282314949 0 0 0.00938086303939963 0 0 0 0 0 0 0 0 0 0.0139684313451599 0.0189825360668185 0 0 0 0.0731395136222344 0 0
"jabba" 0 0 0.0808162440650571 0 0 0 0 0 0 0 0 0 0 0 0 0 0 0 0 0 0 0 0 0 0 0 0 0 0
"jacket" 0 0 0 0 0 0 0 0 0 0 0 0 0 0 0 0.026395671109938 0 0 0 0.0170415814587594 0 0.0139684313451599 0.0189825360668185 0 0 0.0103691414350892 0 0 0.0362976406533575
"joke" 0 0 0 0 0 0.0135538086202223 0 0 0 0.012132977432662 0 0 0 0 0 0 0 0 0 0 0 0.0419052940354798 0 0.0184229918938836 0.0200642054574639 0 0 0.0146391450739277 0
"killer" 0 0 0 0 0.0136481506755835 0 0.0134553283100108 0 0 0 0 0 0 0 0 0 0 0 0 0 0 0.0838105880709596 0 0 0 0 0 0 0
"kitchen" 0 0 0 0 0 0 0.0134553283100108 0 0 0 0 0 0 0 0 0.0527913422198759 0.0447127207690588 0 0 0 0 0 0.0189825360668185 0 0 0 0 0 0
"language" 0.0112334306897326 0 0.0303060915243964 0 0.0136481506755835 0 0 0 0.00849834282314949 0 0.0116427989288625 0 0 0 0 0 0 0 0 0 0 0 0 0 0 0 0.0182848784055586 0 0
"laser" 0 0 0 0 0 0.108430468961778 0 0 0 0 0 0 0 0 0 0 0 0 0 0 0 0 0 0 0 0 0 0 0
"law" 0 0 0 0 0 0.0135538086202223 0 0.00976657876745776 0.00849834282314949 0 0 0 0 0.0234686693264492 0 0.013197835554969 0 0 0 0 0 0.0139684313451599 0 0 0 0 0 0.0146391450739277 0
"leaders" 0 0 0.0101020305081321 0 0 0 0 0 0 0 0 0 0 0 0 0 0 0 0.00994727941907888 0.0340831629175187 0 0 0 0.0368459837877671 0.0200642054574639 0 0.0182848784055586 0 0
"letters" 0 0 0 0 0 0 0 0 0 0.024265954865324 0 0 0 0 0 0 0 0 0 0.0340831629175187 0 0 0 0.0368459837877671 0 0 0.0365697568111172 0 0
"letting" 0 0 0 0.0118793062485151 0 0 0 0.0195331575349155 0.016996685646299 0 0 0 0 0 0 0 0.0223563603845294 0 0 0 0 0 0 0 0 0.0207382828701783 0 0 0
"leyden" 0 0 0 0 0 0 0 0 0 0 0 0 0 0 0 0 0 0 0 0 0 0 0 0 0.160513643659711 0 0 0 0
"loyal" 0.0112334306897326 0 0 0 0 0 0.0538213132400431 0 0 0 0 0.0187617260787993 0.0102658864592958 0 0 0 0 0 0 0 0 0 0 0 0 0 0 0 0
"luger" 0 0 0 0 0 0 0 0 0 0 0 0 0 0 0 0 0 0 0.0397891176763155 0 0.0443000590667454 0 0.0189825360668185 0 0 0 0 0 0
"madam" 0 0 0 0 0 0 0 0 0.0254950284694485 0.0363989322979859 0 0 0 0 0 0 0 0 0 0 0 0 0 0 0 0.0103691414350892 0 0.0146391450739277 0
"mail" 0 0 0 0 0 0.0135538086202223 0 0 0.016996685646299 0.0363989322979859 0 0 0 0 0 0 0 0 0 0 0 0 0 0 0 0 0.0365697568111172 0 0
"manchu" 0 0 0 0 0 0 0 0 0 0 0 0 0 0 0 0 0 0 0 0 0 0 0 0 0 0 0 0 0.14519056261343
"married" 0 0 0 0.0118793062485151 0.0136481506755835 0 0 0.00976657876745776 0 0 0 0 0 0 0.00852296940253985 0.013197835554969 0 0 0 0.0170415814587594 0 0.0139684313451599 0 0 0 0 0 0.0146391450739277 0
"meehan" 0 0 0 0 0 0 0 0 0 0 0 0 0 0 0 0 0 0 0 0.0170415814587594 0.103366804489073 0 0 0 0 0 0 0 0
"memories" 0 0 0 0 0 0 0 0 0.00849834282314949 0 0 0 0 0 0.0426148470126992 0 0 0 0 0 0 0 0 0 0 0.0207382828701783 0 0 0
"meters" 0 0 0.0202040610162643 0 0 0 0 0 0 0 0 0 0 0 0 0 0 0.0234027615258601 0 0 0 0 0 0 0 0 0.0182848784055586 0 0.0544464609800363
"mob" 0 0 0 0 0 0 0.0807319698600646 0 0.00849834282314949 0 0 0 0 0 0 0 0 0 0 0 0 0 0 0 0 0 0 0.0146391450739277 0
"moose" 0 0 0 0 0 0 0 0 0 0 0 0 0 0 0 0 0 0 0.00994727941907888 0.119291070211316 0 0 0 0 0 0 0 0 0
"must^ve" 0.0112334306897326 0.018875047187618 0 0 0 0.0271076172404446 0 0 0 0 0 0 0 0.0234686693264492 0.00852296940253985 0 0 0 0 0 0 0 0 0 0 0 0 0.0146391450739277 0
"mustn^t" 0 0 0 0 0 0 0 0 0 0 0 0.00938086303939963 0.0513294322964788 0 0.00852296940253985 0 0 0 0 0 0 0 0 0 0 0 0 0.0146391450739277 0
"naughty" 0 0 0 0 0.0409444520267504 0 0 0 0.00849834282314949 0 0 0 0.0102658864592958 0 0 0.013197835554969 0 0 0 0 0 0 0 0 0.0401284109149278 0 0 0 0
"negotiate" 0 0 0 0 0 0 0.0134553283100108 0.00976657876745776 0 0 0 0 0 0.0234686693264492 0 0 0 0.0351041422887901 0 0 0 0.0139684313451599 0 0 0 0 0 0 0
"nelson" 0 0 0 0 0 0 0 0 0 0 0 0 0 0 0 0 0 0.0936110461034402 0 0 0 0 0 0 0 0 0 0 0
"nightmare" 0 0 0 0.0237586124970302 0 0 0.0134553283100108 0 0 0.012132977432662 0 0 0 0 0.00852296940253985 0.013197835554969 0 0 0 0 0 0 0 0 0.0200642054574639 0 0 0.0146391450739277 0
"nobody^s" 0 0.018875047187618 0 0.0237586124970302 0 0 0 0 0.00849834282314949 0 0 0.0187617260787993 0 0 0 0 0 0 0 0 0 0.0139684313451599 0 0 0 0.0103691414350892 0 0 0
"numbers" 0 0 0.0202040610162643 0 0 0 0 0 0 0 0 0.0187617260787993 0 0 0.0255689082076195 0 0 0 0 0 0 0 0 0 0 0 0 0.0146391450739277 0
"oars" 0 0 0 0 0 0 0 0 0.0339933712925979 0 0 0 0 0.0469373386528984 0 0 0 0 0 0 0 0 0 0 0 0 0 0 0
"oath" 0.0224668613794653 0 0 0 0 0 0 0 0 0 0 0.00938086303939963 0.041063545837183 0 0 0 0 0 0 0 0 0 0 0 0 0 0.0182848784055586 0 0
"ofa" 0 0 0 0 0 0 0 0 0.0679867425851959 0 0 0 0 0 0 0 0 0 0 0 0 0 0 0 0 0 0 0 0
"onto" 0 0.018875047187618 0 0 0 0.0135538086202223 0 0 0.00849834282314949 0.024265954865324 0.0116427989288625 0 0 0.0117343346632246 0 0 0 0.01170138076293 0 0 0 0 0 0 0 0 0 0 0
"op" 0 0 0 0 0 0 0 0 0 0 0 0 0 0 0 0 0 0 0.0198945588381578 0 0.0295333727111636 0 0 0 0 0 0 0 0.0725952813067151
"ow" 0 0.0377500943752359 0 0 0 0.0542152344808891 0 0 0.00849834282314949 0 0 0 0 0 0 0 0 0 0 0 0 0 0 0 0 0.0103691414350892 0 0 0
"owyn" 0 0 0 0 0 0 0 0 0 0 0 0.0187617260787993 0.0615953187557746 0 0 0 0 0 0 0 0 0 0 0 0 0 0 0 0
"parker" 0.0112334306897326 0 0 0.0356379187455453 0 0 0 0 0 0 0 0 0 0 0 0 0 0 0 0 0 0 0 0 0 0.0311074243052675 0 0 0.0181488203266788
"particular" 0.0112334306897326 0.018875047187618 0 0 0.0136481506755835 0 0 0 0.00849834282314949 0 0 0 0 0 0.00852296940253985 0.026395671109938 0 0 0 0 0 0 0 0 0 0.0103691414350892 0 0 0
"passes" 0 0 0 0 0 0 0 0 0 0.012132977432662 0 0.00938086303939963 0.0102658864592958 0 0 0.026395671109938 0 0 0 0.0170415814587594 0.0295333727111636 0 0 0 0 0 0 0 0
"pee" 0.0224668613794653 0 0 0 0 0 0 0 0 0 0 0 0 0 0 0 0 0 0.0298418382572366 0 0 0.0139684313451599 0 0 0.0200642054574639 0.0103691414350892 0 0 0
"pilots" 0 0 0.0101020305081321 0 0 0 0 0 0 0 0 0 0 0 0 0 0 0.0468055230517201 0 0 0 0 0.0569476082004556 0 0 0 0 0 0
"pistol" 0 0 0 0 0 0 0 0 0.00849834282314949 0 0 0 0 0.0704060079793476 0 0 0 0.01170138076293 0 0 0 0 0 0 0 0 0 0 0
"planes" 0 0 0 0 0 0 0 0 0.00849834282314949 0 0 0 0 0 0 0 0 0 0.0198945588381578 0 0 0 0.0569476082004556 0 0 0 0 0.0292782901478554 0
"played" 0 0 0 0 0 0.0135538086202223 0 0.00976657876745776 0 0.012132977432662 0 0 0 0 0.00852296940253985 0 0 0 0 0 0 0.0139684313451599 0 0.0184229918938836 0 0 0.0365697568111172 0 0
"plutonium" 0 0 0 0.0950344499881207 0 0 0 0 0 0 0 0 0 0 0 0 0 0 0 0 0 0 0 0 0 0 0 0 0
"political" 0 0 0 0 0 0 0.0134553283100108 0.039066315069831 0 0 0 0 0 0 0.00852296940253985 0 0 0.01170138076293 0 0 0 0.0139684313451599 0 0 0 0 0 0 0
"pretend" 0.0112334306897326 0.018875047187618 0 0 0 0 0.0269106566200215 0 0.016996685646299 0 0 0 0 0 0 0 0 0 0 0 0 0 0 0 0 0.0207382828701783 0 0 0
"progress" 0 0.018875047187618 0 0.0593965312425754 0.0136481506755835 0 0 0 0 0 0 0 0 0 0 0 0 0 0 0 0 0 0 0 0 0 0 0 0.0181488203266788
"proper" 0 0 0 0 0 0 0 0 0.00849834282314949 0 0 0 0.0102658864592958 0.0352030039896738 0 0 0 0.01170138076293 0 0 0 0.0139684313451599 0 0 0 0 0.0182848784055586 0 0
"rain" 0 0 0 0 0 0 0 0 0 0 0 0.0187617260787993 0.0205317729185915 0 0.00852296940253985 0 0 0 0 0 0 0.0139684313451599 0 0 0 0 0 0.0292782901478554 0
"receive" 0 0 0.0101020305081321 0 0 0 0 0.00976657876745776 0 0.012132977432662 0 0 0 0 0 0 0 0 0 0 0 0.0139684313451599 0 0 0 0 0.0182848784055586 0 0.0544464609800363
"regular" 0 0 0.0101020305081321 0.0118793062485151 0 0 0 0 0.00849834282314949 0 0 0 0 0 0 0.013197835554969 0 0 0 0.0170415814587594 0 0.0279368626903199 0 0 0 0 0.0182848784055586 0 0
"reload" 0 0 0 0 0 0 0.0134553283100108 0 0 0 0 0 0 0 0 0 0 0.01170138076293 0 0 0.0147666863555818 0 0 0.0736919675755343 0 0.0103691414350892 0 0 0
"ridiculous" 0 0 0.0101020305081321 0 0 0 0 0.0292997363023733 0.00849834282314949 0 0 0.00938086303939963 0.0102658864592958 0 0 0.013197835554969 0 0 0 0 0 0 0 0 0 0 0 0 0
"riding" 0 0 0 0 0.0136481506755835 0.0135538086202223 0.0269106566200215 0 0.00849834282314949 0.012132977432662 0 0.00938086303939963 0 0 0 0 0 0 0 0.0170415814587594 0 0 0 0 0 0 0 0 0
"rises" 0 0 0 0 0 0 0.0134553283100108 0 0.016996685646299 0 0.0116427989288625 0.00938086303939963 0.0307976593778873 0 0 0 0 0 0 0 0 0 0 0 0 0 0 0 0
"rocket" 0.0112334306897326 0 0 0 0 0.0813228517213337 0 0 0 0 0 0 0 0 0 0 0 0.01170138076293 0 0 0 0 0 0 0 0 0 0 0
"rocks" 0 0 0 0 0.0136481506755835 0 0 0 0 0 0.0116427989288625 0.00938086303939963 0 0.0117343346632246 0.0170459388050797 0.013197835554969 0 0.01170138076293 0 0 0 0 0 0 0 0 0 0 0
"rollo" 0 0 0 0 0 0 0 0 0 0 0 0 0 0 0 0 0 0 0 0 0 0 0 0 0 0 0.146279027244469 0 0
"salute" 0 0 0 0 0 0 0.0538213132400431 0 0 0 0 0 0 0 0 0 0 0 0 0.0170415814587594 0 0 0 0.0552689756816507 0 0 0 0 0
"sand" 0 0.018875047187618 0 0 0 0 0.0134553283100108 0 0 0 0 0 0 0 0 0 0 0 0 0 0.0295333727111636 0 0 0.0184229918938836 0.0200642054574639 0.0207382828701783 0 0 0
"sandpeople" 0 0 0.0808162440650571 0 0 0 0 0 0 0 0 0 0 0 0 0 0 0 0 0 0 0 0 0 0 0 0 0 0
"sat" 0 0 0 0.0118793062485151 0 0 0.0134553283100108 0 0 0.012132977432662 0 0.00938086303939963 0.0102658864592958 0.0234686693264492 0 0 0 0 0 0 0.0147666863555818 0 0 0 0 0 0 0 0
"saturday" 0 0 0 0.0831551437396056 0 0 0 0.00976657876745776 0 0 0 0 0 0 0 0 0 0 0 0 0 0 0 0 0 0 0 0 0
"scary" 0 0 0 0 0 0.0135538086202223 0 0.0195331575349155 0 0.024265954865324 0 0 0 0 0 0.013197835554969 0 0.01170138076293 0 0 0 0 0 0 0.0200642054574639 0 0 0 0
"science" 0 0.018875047187618 0 0.0475172249940603 0.0136481506755835 0 0 0 0 0.012132977432662 0 0 0 0 0 0 0 0.01170138076293 0 0 0 0 0 0 0 0 0 0 0
"scumbag" 0 0 0 0 0 0 0 0 0 0 0 0 0 0 0 0 0 0 0 0 0 0.0977790194161196 0 0 0 0 0.0182848784055586 0 0
"seemed" 0 0 0 0.0118793062485151 0.0409444520267504 0 0 0 0 0.012132977432662 0 0 0 0 0.00852296940253985 0.013197835554969 0 0 0 0 0 0 0 0.0184229918938836 0 0 0 0 0
"sees" 0 0 0.0101020305081321 0 0 0 0.0269106566200215 0 0 0 0.0116427989288625 0 0.0205317729185915 0 0 0 0 0 0 0 0 0 0 0 0 0.0207382828701783 0 0 0
"seriously" 0.0674005841383959 0 0 0 0 0 0 0 0 0 0.0116427989288625 0 0 0 0 0 0 0 0 0 0 0 0.0189825360668185 0 0 0 0 0 0
"servant" 0 0 0 0 0.0272963013511669 0 0.0269106566200215 0 0 0 0.0116427989288625 0.00938086303939963 0.0102658864592958 0 0 0 0 0 0 0 0 0 0 0.0184229918938836 0 0 0 0 0
"shame" 0 0 0 0 0 0 0 0 0 0 0 0.00938086303939963 0 0.0234686693264492 0.00852296940253985 0 0 0.01170138076293 0.00994727941907888 0 0.0295333727111636 0 0 0 0 0 0 0 0
"slip" 0 0 0.0101020305081321 0.0118793062485151 0 0 0 0.00976657876745776 0 0 0 0.0187617260787993 0 0 0.00852296940253985 0.013197835554969 0 0 0 0 0 0.0139684313451599 0 0 0 0 0 0 0
"sneaking" 0 0 0.0101020305081321 0 0.0272963013511669 0 0 0 0 0.012132977432662 0 0 0.041063545837183 0 0 0 0 0 0 0 0 0 0 0 0 0 0 0 0
"solid" 0 0 0 0 0 0 0 0 0.016996685646299 0 0 0.00938086303939963 0 0 0 0 0 0 0 0.0340831629175187 0 0 0 0 0 0 0 0 0.0544464609800363
"spirit" 0 0 0.0101020305081321 0 0.0136481506755835 0 0 0 0.00849834282314949 0 0.023285597857725 0.00938086303939963 0.0102658864592958 0 0 0 0 0 0.00994727941907888 0 0 0 0 0 0 0 0 0 0
"spoken" 0 0.018875047187618 0 0 0.0136481506755835 0 0.0134553283100108 0 0.00849834282314949 0 0 0.0187617260787993 0 0.0117343346632246 0 0 0 0 0 0 0 0.0139684313451599 0 0 0 0 0 0 0
"stands" 0 0 0 0.0118793062485151 0 0 0 0 0 0 0.023285597857725 0.00938086303939963 0.0205317729185915 0 0 0 0 0 0 0 0 0.0139684313451599 0 0 0 0.0103691414350892 0 0 0
"staying" 0.0112334306897326 0 0.0101020305081321 0 0 0 0 0 0 0 0.0116427989288625 0 0 0 0 0.026395671109938 0 0 0 0.0170415814587594 0 0 0.0189825360668185 0 0 0.0103691414350892 0 0 0
"steward" 0 0 0 0 0 0 0 0 0.00849834282314949 0 0.0116427989288625 0 0.0615953187557746 0 0 0 0 0 0 0 0 0 0 0 0 0 0 0 0
"sudden" 0 0.018875047187618 0 0 0 0.0135538086202223 0 0 0 0 0 0 0 0.0117343346632246 0 0 0 0 0 0.0170415814587594 0.0147666863555818 0 0 0 0 0.0103691414350892 0 0.0146391450739277 0.0181488203266788
"suffered" 0 0 0 0 0.0272963013511669 0 0 0 0 0 0 0 0.0205317729185915 0.0117343346632246 0 0.013197835554969 0 0 0 0 0 0 0 0 0 0.0207382828701783 0 0 0
"swallow" 0 0 0 0 0.109185205404668 0 0 0 0 0 0 0 0 0 0 0 0 0 0 0 0 0 0 0 0 0 0 0 0
"tape" 0 0 0 0.0356379187455453 0 0.0135538086202223 0 0.0195331575349155 0.00849834282314949 0 0 0 0 0 0 0 0.0223563603845294 0 0 0 0 0 0 0 0 0 0 0 0
"thomas" 0 0 0 0.0356379187455453 0 0 0 0 0.016996685646299 0 0 0 0 0 0 0 0 0.0234027615258601 0 0 0 0 0 0 0 0.0103691414350892 0 0 0
"thor" 0.0898674455178612 0 0 0 0 0 0 0 0 0 0 0 0 0 0 0 0 0 0 0 0 0 0 0 0 0 0 0 0
"thoughts" 0.0112334306897326 0 0 0.0118793062485151 0 0 0 0 0 0 0 0.00938086303939963 0.0102658864592958 0 0.0170459388050797 0.013197835554969 0 0 0 0 0 0.0139684313451599 0 0 0 0 0 0 0
"torn" 0 0 0 0 0 0 0.0134553283100108 0 0 0 0 0 0.0102658864592958 0 0 0 0 0.01170138076293 0.0198945588381578 0 0 0 0 0.0368459837877671 0 0 0.0182848784055586 0 0
"tortuga" 0 0 0 0 0 0 0 0 0 0 0 0 0 0.0938746773057968 0 0 0 0 0 0 0 0 0 0 0 0 0 0 0
"trap" 0 0 0 0 0 0 0 0 0 0.0363989322979859 0 0.00938086303939963 0.0102658864592958 0 0.00852296940253985 0 0 0 0 0 0.0147666863555818 0.0139684313451599 0 0 0 0 0 0 0
"tyou" 0 0 0 0 0 0 0 0 0.0679867425851959 0 0 0 0 0 0 0 0 0 0 0 0 0 0 0 0 0 0 0 0
"valley" 0 0 0 0.0593965312425754 0 0 0 0 0.00849834282314949 0 0 0 0 0 0 0 0 0 0 0 0 0 0 0 0.0200642054574639 0 0.0182848784055586 0 0
"vault" 0 0 0 0.0118793062485151 0 0 0 0 0 0.0727978645959718 0 0 0 0 0.00852296940253985 0 0 0 0 0 0 0 0 0 0 0 0 0 0
"vengeance" 0.0224668613794653 0 0 0 0 0 0.0134553283100108 0.039066315069831 0 0 0 0 0.0102658864592958 0 0 0 0 0 0 0 0 0 0 0 0 0 0 0 0
"village" 0 0 0 0 0 0 0 0 0 0 0.0116427989288625 0.00938086303939963 0 0 0 0 0 0 0.0298418382572366 0 0 0 0 0 0 0.0207382828701783 0.0182848784055586 0 0
"wars" 0 0 0.0303060915243964 0.0118793062485151 0 0 0 0 0 0 0 0.0187617260787993 0.0102658864592958 0 0 0 0 0 0 0 0 0 0 0 0.0200642054574639 0 0 0 0
"wendy" 0 0 0 0 0 0 0 0 0 0 0 0 0 0 0 0.105582684439752 0 0 0 0 0 0 0 0 0 0 0 0 0
"winning" 0 0 0 0 0 0 0 0 0.00849834282314949 0 0 0 0 0 0 0 0 0 0 0.0170415814587594 0 0.0279368626903199 0.0759301442672741 0 0 0 0 0 0
"zoot" 0 0 0 0.0118793062485151 0.0955370547290842 0 0 0 0 0 0 0 0 0 0 0 0 0 0 0 0 0 0 0 0 0 0 0 0
"-go" 0 0 0 0 0 0 0 0 0 0 0 0 0 0 0 0 0 0.0351041422887901 0 0.0511247443762781 0 0 0 0 0 0 0 0.0146391450739277 0
"-hey" 0 0 0.0101020305081321 0 0 0 0 0 0 0 0.0116427989288625 0.00938086303939963 0 0 0 0 0 0.01170138076293 0 0.0340831629175187 0 0 0 0 0 0 0 0.0146391450739277 0
"-right" 0 0 0.0101020305081321 0 0 0 0 0 0 0 0 0 0 0 0 0.013197835554969 0.0223563603845294 0.01170138076293 0 0 0 0 0 0 0 0 0 0.043917435221783 0
"-there" 0 0 0.0303060915243964 0 0 0 0 0 0 0 0.0349283967865875 0 0 0 0 0 0 0 0 0.0170415814587594 0 0 0 0 0 0 0 0 0
"-this" 0 0 0.0303060915243964 0 0 0 0 0 0 0 0.023285597857725 0.00938086303939963 0 0 0 0 0 0.01170138076293 0 0 0 0 0 0 0 0 0 0 0
"abandon" 0 0 0 0 0 0 0 0 0 0 0.023285597857725 0 0.0307976593778873 0.0117343346632246 0 0 0 0 0 0 0 0 0.0189825360668185 0 0 0 0 0 0
"access" 0 0 0 0 0 0 0 0 0 0 0 0 0 0 0.0426148470126992 0 0.0223563603845294 0 0 0 0.0147666863555818 0 0 0 0 0 0 0 0
"alarm" 0 0 0 0.0118793062485151 0.0136481506755835 0 0 0 0 0 0 0.00938086303939963 0 0 0.0170459388050797 0 0 0 0 0 0 0 0 0.0184229918938836 0 0 0.0182848784055586 0 0
"alert" 0 0 0.0303060915243964 0 0 0.0271076172404446 0 0 0 0.012132977432662 0 0 0 0 0 0 0 0 0 0 0 0 0 0 0.0200642054574639 0 0 0 0
"allow" 0.0112334306897326 0 0.0202040610162643 0 0 0 0 0 0.00849834282314949 0 0 0.00938086303939963 0 0.0117343346632246 0 0 0 0 0 0 0 0 0 0 0 0 0.0182848784055586 0 0
"amazing" 0.0112334306897326 0 0 0.0118793062485151 0 0 0 0 0.00849834282314949 0 0.0116427989288625 0 0 0 0 0.026395671109938 0 0 0 0 0 0 0 0 0 0 0 0.0146391450739277 0
"americans" 0 0.018875047187618 0 0 0 0 0 0 0.00849834282314949 0 0 0 0 0 0 0 0 0.01170138076293 0 0.0170415814587594 0 0 0 0.0184229918938836 0 0 0 0.0146391450739277 0.0181488203266788
"animals" 0.0112334306897326 0 0 0 0 0 0 0.00976657876745776 0.00849834282314949 0 0 0 0 0 0 0.013197835554969 0 0 0.00994727941907888 0 0 0.0139684313451599 0 0 0 0.0103691414350892 0 0 0
"apartment" 0 0 0 0 0 0 0 0.00976657876745776 0 0 0 0 0 0 0.0255689082076195 0.026395671109938 0 0 0 0 0 0 0 0 0 0 0 0 0.0181488203266788
"apologize" 0 0.018875047187618 0 0 0.0272963013511669 0 0 0 0.00849834282314949 0 0 0 0 0.0117343346632246 0 0 0 0 0 0 0 0 0.0379650721336371 0 0 0 0 0 0
"appear" 0 0 0.0101020305081321 0 0 0 0 0.0195331575349155 0 0 0 0.00938086303939963 0.0102658864592958 0 0 0 0 0 0 0 0 0 0 0 0 0 0 0.0292782901478554 0
"arrange" 0 0 0 0 0.0272963013511669 0 0.0134553283100108 0.039066315069831 0 0 0 0 0 0 0 0 0 0 0 0 0 0 0 0 0 0 0 0 0
"asgard" 0.0786340148281285 0 0 0 0 0 0 0 0 0 0 0 0 0 0 0 0 0 0 0 0 0 0 0 0 0 0 0 0
"ashore" 0 0 0 0 0 0 0 0 0 0 0 0 0 0.0234686693264492 0 0 0 0 0 0 0 0 0 0.0184229918938836 0 0.0103691414350892 0 0.043917435221783 0
"assistance" 0 0 0 0.0118793062485151 0 0 0 0 0.0254950284694485 0 0 0 0 0 0.00852296940253985 0.013197835554969 0 0 0 0 0 0 0 0 0 0 0 0 0.0181488203266788
"assume" 0.0337002920691979 0 0 0.0118793062485151 0 0 0 0 0 0 0 0 0 0 0 0 0 0 0 0 0.0147666863555818 0 0 0.0368459837877671 0 0 0 0 0
"aurelius" 0 0 0 0 0 0 0.0941872981700753 0 0 0 0 0 0 0 0 0 0 0 0 0 0 0 0 0 0 0 0 0 0
"awfully" 0 0 0 0 0.0136481506755835 0 0 0 0.00849834282314949 0 0 0.00938086303939963 0 0 0 0.026395671109938 0 0 0 0.0170415814587594 0 0 0 0 0 0 0 0.0146391450739277 0
"axe" 0.0337002920691979 0 0 0 0 0 0 0 0 0 0 0 0 0 0 0 0 0 0 0 0 0 0.0759301442672741 0 0 0 0 0 0
"backs" 0 0.018875047187618 0 0 0 0 0 0 0.00849834282314949 0 0 0.00938086303939963 0 0 0 0 0 0.0351041422887901 0 0 0 0 0 0 0 0 0 0 0.0181488203266788
"backto" 0 0 0 0 0 0 0 0 0.0594883997620464 0 0 0 0 0 0 0 0 0 0 0 0 0 0 0 0 0 0 0 0
"barn" 0 0 0 0.0118793062485151 0 0.0135538086202223 0 0 0 0 0 0 0.0102658864592958 0 0 0.013197835554969 0 0 0.00994727941907888 0 0 0 0 0 0 0.0207382828701783 0 0 0
"beaucoup" 0 0 0 0 0 0 0 0 0 0 0 0 0 0 0 0 0 0 0 0 0 0.0838105880709596 0 0 0 0.0103691414350892 0 0 0
"beds" 0 0 0 0 0.0136481506755835 0 0 0 0 0 0 0 0 0 0 0 0 0.01170138076293 0 0 0 0 0.0949126803340926 0 0 0 0 0 0
"believed" 0 0 0 0 0 0.0135538086202223 0.0134553283100108 0.00976657876745776 0 0.012132977432662 0 0 0 0 0 0 0 0.01170138076293 0.00994727941907888 0 0 0 0 0 0 0 0.0182848784055586 0 0
"belt" 0.0112334306897326 0 0 0.0118793062485151 0 0 0 0 0 0 0 0.00938086303939963 0 0 0 0 0.0223563603845294 0 0 0 0 0 0 0.0184229918938836 0 0 0.0365697568111172 0 0
"bid" 0.0112334306897326 0 0 0 0.0136481506755835 0.0271076172404446 0.0134553283100108 0 0 0 0.0116427989288625 0 0.0102658864592958 0 0 0 0 0 0 0 0 0 0 0 0 0 0 0 0
"blowing" 0.0112334306897326 0 0 0 0 0 0 0 0.00849834282314949 0 0 0.00938086303939963 0 0.0117343346632246 0 0 0 0 0 0 0 0 0 0.0184229918938836 0 0.0103691414350892 0 0 0.0181488203266788
"bob" 0 0 0 0 0 0.0271076172404446 0 0 0 0 0 0 0 0 0 0 0 0 0 0.0170415814587594 0.0147666863555818 0 0 0.0368459837877671 0 0 0 0.0146391450739277 0
"bone" 0 0 0 0 0 0 0 0 0 0 0.0116427989288625 0.00938086303939963 0.0102658864592958 0.0234686693264492 0 0 0 0 0.00994727941907888 0 0 0 0 0 0 0 0 0.0146391450739277 0
"brace" 0 0 0.0101020305081321 0 0 0 0 0 0 0 0 0.0375234521575985 0 0.0117343346632246 0 0 0 0 0 0 0 0 0 0 0 0 0 0.0146391450739277 0
"brains" 0 0.018875047187618 0.0101020305081321 0 0 0 0 0.0195331575349155 0 0 0 0 0 0 0.00852296940253985 0.026395671109938 0 0 0 0 0 0 0 0 0 0 0 0 0
"brasi" 0 0 0 0 0 0 0 0.0683660513722043 0 0 0 0 0 0 0 0 0 0 0 0 0 0 0 0 0 0 0 0 0
"briggs" 0 0 0 0 0 0 0 0 0 0 0 0 0 0 0 0 0 0 0 0 0 0 0 0.0921149594694178 0 0.0207382828701783 0 0 0
"bringing" 0 0 0 0 0.0136481506755835 0 0 0 0 0.012132977432662 0 0 0 0.0117343346632246 0 0.013197835554969 0 0.01170138076293 0.00994727941907888 0 0 0 0 0 0 0 0 0 0.0181488203266788
"brings" 0 0 0.0101020305081321 0 0 0 0 0 0 0 0.0116427989288625 0.00938086303939963 0 0 0.00852296940253985 0 0 0 0 0 0 0 0.0379650721336371 0 0 0.0103691414350892 0 0 0
"carried" 0 0 0 0 0.0682407533779173 0 0 0.00976657876745776 0 0 0 0 0 0 0 0 0 0 0.00994727941907888 0 0 0 0 0 0 0 0 0 0
"carries" 0 0.018875047187618 0.0101020305081321 0 0.0136481506755835 0 0 0 0 0 0.023285597857725 0 0.0102658864592958 0 0 0 0 0 0 0 0 0 0 0 0 0.0103691414350892 0 0 0
"caves" 0 0 0 0 0 0 0 0 0 0 0 0.0562851782363977 0 0.0117343346632246 0 0 0 0 0 0 0 0 0 0 0 0 0 0 0
"center" 0 0.0377500943752359 0.0101020305081321 0 0 0 0 0 0.00849834282314949 0 0 0 0.0102658864592958 0 0 0 0 0 0 0 0 0 0 0 0.0200642054574639 0 0 0.0146391450739277 0
"chain" 0 0 0.0202040610162643 0 0 0 0 0.00976657876745776 0 0 0 0 0 0.0117343346632246 0 0.013197835554969 0 0.01170138076293 0 0 0 0 0 0 0 0.0103691414350892 0 0 0
"chuckler" 0 0 0 0 0 0 0 0 0 0 0 0 0 0 0 0 0 0 0 0 0 0 0 0.0368459837877671 0.100321027287319 0 0 0 0
"cigarette" 0 0 0 0 0 0 0 0 0 0 0 0 0 0 0 0 0 0 0.0198945588381578 0.0170415814587594 0 0 0 0 0 0 0.0365697568111172 0.0292782901478554 0
"circle" 0.0224668613794653 0 0.0101020305081321 0 0 0.0135538086202223 0 0 0 0 0 0 0 0.0117343346632246 0 0 0 0.0234027615258601 0 0 0 0 0 0 0 0 0 0 0
"civilians" 0 0 0 0 0 0 0 0 0 0 0 0 0 0.0352030039896738 0 0 0 0.0234027615258601 0.00994727941907888 0 0 0.0139684313451599 0 0 0 0 0 0 0
"claim" 0 0 0 0 0 0 0 0 0.016996685646299 0 0.0116427989288625 0.0281425891181989 0 0 0 0 0 0 0 0 0 0 0 0 0 0 0 0 0.0181488203266788
"cleaning" 0.0112334306897326 0.018875047187618 0.0202040610162643 0.0118793062485151 0 0 0 0 0 0 0 0 0 0 0 0 0 0 0.00994727941907888 0 0 0 0 0 0.0200642054574639 0 0 0 0
"cleared" 0 0 0.0202040610162643 0 0 0 0 0.00976657876745776 0 0 0 0 0 0 0 0 0 0 0.0397891176763155 0 0 0 0 0 0 0 0 0 0
"club" 0 0 0 0 0 0 0 0 0.016996685646299 0 0 0 0 0.0117343346632246 0 0 0 0 0 0 0.0147666863555818 0.0139684313451599 0.0189825360668185 0 0.0200642054574639 0 0 0 0
"coconuts" 0 0 0 0 0.0545926027023338 0 0 0 0 0 0 0 0 0 0 0 0 0 0 0 0 0 0 0.0368459837877671 0.0200642054574639 0 0 0 0
"comfortable" 0 0.0755001887504719 0 0 0 0 0.0134553283100108 0 0 0 0 0 0 0 0 0.013197835554969 0 0 0 0 0 0 0 0.0184229918938836 0 0 0 0 0
"condition" 0 0.018875047187618 0.0303060915243964 0 0 0 0 0 0.00849834282314949 0 0 0 0 0 0 0 0 0 0 0 0 0.0139684313451599 0.0189825360668185 0 0 0 0 0 0
"correct" 0.0112334306897326 0.018875047187618 0.0101020305081321 0.0118793062485151 0 0 0 0 0 0.012132977432662 0 0 0 0 0 0 0 0 0 0 0.0147666863555818 0 0 0 0 0.0103691414350892 0 0 0
"counsel" 0 0 0 0 0 0 0.0134553283100108 0 0 0 0.0116427989288625 0 0.0513294322964788 0 0 0 0 0 0 0 0 0 0 0 0 0 0 0 0
"crowd" 0 0 0 0 0 0 0.0807319698600646 0 0 0 0 0 0 0 0 0 0 0.01170138076293 0 0 0 0 0 0 0 0 0 0 0
"daughter^s" 0 0 0 0 0 0 0 0.0683660513722043 0 0 0 0 0 0 0 0 0 0 0 0 0 0 0 0 0 0 0 0 0
"dave" 0 0 0 0.0118793062485151 0 0 0 0 0.00849834282314949 0 0 0 0 0 0 0 0 0 0 0 0 0.0279368626903199 0 0 0 0 0 0.043917435221783 0
"decisions" 0 0 0 0 0.0136481506755835 0 0 0 0 0 0 0 0 0.0117343346632246 0 0 0 0.01170138076293 0.0298418382572366 0.0170415814587594 0 0 0 0 0 0 0 0 0
"defenses" 0.0112334306897326 0 0.0101020305081321 0 0 0 0 0 0 0 0 0.00938086303939963 0.0307976593778873 0 0 0 0 0 0 0 0 0 0 0 0.0200642054574639 0 0 0 0
"denethor" 0 0 0 0 0 0 0 0 0 0 0 0 0.0718612052150703 0 0 0 0 0 0 0 0 0 0 0 0 0 0 0 0
"design" 0 0 0 0 0.0272963013511669 0 0 0 0 0 0 0 0 0 0.0426148470126992 0 0 0 0 0 0 0 0 0 0 0 0 0 0
"detail" 0 0 0 0 0 0 0 0 0 0 0 0 0 0 0.00852296940253985 0 0 0 0 0 0 0 0 0 0.0200642054574639 0.0414765657403567 0 0.0146391450739277 0
"digging" 0 0.0377500943752359 0 0 0 0 0 0 0 0 0 0 0 0 0.00852296940253985 0 0 0 0.0198945588381578 0 0.0147666863555818 0 0 0.0184229918938836 0 0 0 0 0
"dirt" 0 0 0 0 0 0.0271076172404446 0.0134553283100108 0 0 0.012132977432662 0 0 0 0 0 0 0 0 0.00994727941907888 0 0 0 0 0 0 0 0 0.0292782901478554 0
"disappear" 0 0.018875047187618 0 0 0 0 0 0.00976657876745776 0 0 0.0116427989288625 0 0 0 0.00852296940253985 0 0 0 0.0198945588381578 0 0 0.0139684313451599 0 0 0 0 0 0 0
"discovered" 0 0.018875047187618 0.0202040610162643 0 0.0136481506755835 0.0135538086202223 0 0 0 0.012132977432662 0 0 0 0 0 0.013197835554969 0 0 0 0 0 0 0 0 0 0 0 0 0
"discuss" 0.0112334306897326 0 0.0101020305081321 0 0 0 0 0.0195331575349155 0 0 0 0 0 0 0.00852296940253985 0.026395671109938 0 0 0 0 0 0 0 0 0 0 0 0 0
"disgusting" 0 0 0.0101020305081321 0.0118793062485151 0 0.0271076172404446 0 0 0.00849834282314949 0 0 0 0 0 0 0 0 0 0 0 0 0.0279368626903199 0 0 0 0 0 0 0
"ditch" 0 0 0 0 0 0 0 0 0 0 0 0 0 0 0 0 0 0 0 0.0340831629175187 0.073833431777909 0 0 0 0 0 0 0 0
"dressed" 0 0 0 0 0.0272963013511669 0 0 0 0.00849834282314949 0 0 0 0 0 0 0 0 0 0 0 0.0147666863555818 0 0.0189825360668185 0.0184229918938836 0 0.0103691414350892 0 0 0
"dried" 0 0 0 0 0 0 0 0 0 0 0 0 0 0 0 0.0791870133298139 0 0 0 0 0 0 0.0189825360668185 0 0 0 0 0 0
"driving" 0 0 0 0.0118793062485151 0 0 0 0.0292997363023733 0 0 0 0 0 0 0.00852296940253985 0 0 0 0 0 0 0 0 0 0 0 0 0.0292782901478554 0
"ears" 0 0 0 0 0 0 0 0.00976657876745776 0 0.012132977432662 0.0116427989288625 0 0.0102658864592958 0 0 0 0 0 0 0 0 0 0 0.0184229918938836 0 0.0103691414350892 0 0.0146391450739277 0
"eating" 0.0112334306897326 0 0 0 0 0 0.0134553283100108 0 0 0 0 0.0187617260787993 0.0102658864592958 0 0 0 0 0 0 0 0 0.0139684313451599 0.0189825360668185 0 0 0 0 0 0
"elrond" 0 0 0 0 0 0 0 0 0 0 0.04657119571545 0.0187617260787993 0.0102658864592958 0 0 0 0 0 0 0 0 0 0 0 0 0 0 0 0
"ending" 0.0112334306897326 0 0 0 0 0 0 0 0 0 0.0116427989288625 0.0281425891181989 0.0102658864592958 0 0 0 0 0 0 0 0 0.0139684313451599 0 0 0 0 0 0 0
"ends" 0 0 0 0 0 0 0.0134553283100108 0 0 0.012132977432662 0.0116427989288625 0 0 0 0.00852296940253985 0.013197835554969 0.0447127207690588 0 0 0 0 0 0 0 0 0 0 0 0
"entrance" 0.0112334306897326 0 0.0101020305081321 0 0.0272963013511669 0.0135538086202223 0 0 0 0 0 0.00938086303939963 0 0 0 0 0.0223563603845294 0 0 0 0 0 0 0 0 0 0 0 0
"ents" 0 0 0 0 0 0 0 0 0 0 0 0.0656660412757974 0 0 0 0 0 0 0 0 0 0 0 0 0 0 0 0 0
"eta" 0 0 0 0 0 0 0 0 0 0 0 0 0 0 0 0 0 0.0351041422887901 0 0 0 0 0 0 0 0 0 0 0.0725952813067151
"evac" 0.0112334306897326 0 0 0 0 0 0 0 0 0 0 0 0 0 0 0 0 0.0234027615258601 0 0 0 0 0 0 0 0 0 0 0.0725952813067151
"extraction" 0 0 0 0 0 0 0 0 0 0 0 0 0 0 0.0170459388050797 0 0 0.0468055230517201 0 0 0 0 0 0 0 0 0 0 0.0181488203266788
"extremely" 0 0 0 0.0118793062485151 0 0.0271076172404446 0.0134553283100108 0 0 0.012132977432662 0 0 0 0 0.00852296940253985 0 0 0 0 0 0 0 0 0 0 0.0103691414350892 0 0 0
"faith" 0 0.018875047187618 0.0101020305081321 0 0 0 0 0.00976657876745776 0 0 0.0116427989288625 0 0 0 0.0255689082076195 0 0 0 0 0 0 0 0 0 0 0 0 0 0
"fifth" 0 0 0 0 0 0 0 0 0 0 0 0.0187617260787993 0 0 0.00852296940253985 0 0 0 0 0 0.0147666863555818 0 0 0.0184229918938836 0 0 0 0.0146391450739277 0.0181488203266788
"fill" 0 0 0 0 0 0 0 0 0.00849834282314949 0 0 0 0 0 0 0 0 0.01170138076293 0 0 0 0.0139684313451599 0 0.0368459837877671 0 0.0207382828701783 0 0 0
"finest" 0 0 0 0 0.0136481506755835 0 0 0 0 0.024265954865324 0.0116427989288625 0.0187617260787993 0 0 0 0 0 0 0 0 0 0.0139684313451599 0 0 0 0 0 0 0
"flesh" 0 0 0 0 0.0136481506755835 0 0.0134553283100108 0 0 0 0.0116427989288625 0 0.0205317729185915 0.0117343346632246 0 0 0 0 0 0 0 0 0 0.0184229918938836 0 0 0 0 0
"fluffy" 0 0 0 0 0 0 0 0 0 0.0849308420286338 0 0 0 0 0 0 0 0 0 0 0 0 0 0 0 0 0 0 0
"forbidden" 0 0 0 0 0 0 0 0.00976657876745776 0 0.024265954865324 0 0.00938086303939963 0 0 0 0 0 0 0 0 0 0 0 0 0 0 0.0548546352166758 0 0
"forthe" 0 0 0 0 0 0 0 0 0.0594883997620464 0 0 0 0 0 0 0 0 0 0 0 0 0 0 0 0 0 0 0 0
"foryou" 0 0 0 0 0 0 0 0 0.0594883997620464 0 0 0 0 0 0 0 0 0 0 0 0 0 0 0 0 0 0 0 0
"foul" 0 0 0.0101020305081321 0 0.0409444520267504 0 0 0 0 0 0.023285597857725 0 0.0102658864592958 0 0 0 0 0 0 0 0 0 0 0 0 0 0 0 0
"francis" 0 0 0 0 0 0 0 0.00976657876745776 0 0 0 0 0 0 0 0 0 0 0 0 0 0 0 0 0 0.062214848610535 0 0 0
"fred" 0 0 0 0.0118793062485151 0 0 0 0 0 0.0606648871633099 0 0 0 0 0 0 0 0 0 0 0 0 0 0 0 0.0103691414350892 0 0 0
"freddy" 0 0 0 0 0 0 0 0.0488328938372888 0 0 0 0 0 0 0.0170459388050797 0 0 0 0 0 0 0 0 0 0 0 0 0 0
"friendlies" 0 0 0 0 0 0 0 0 0 0 0 0 0 0 0 0 0 0.0468055230517201 0 0 0 0 0 0 0 0 0 0 0.0544464609800363
"fucker" 0 0 0 0 0 0 0 0 0 0 0 0 0 0 0 0.013197835554969 0 0 0 0 0 0.0139684313451599 0 0.0368459837877671 0.0401284109149278 0 0.0182848784055586 0 0
"gaius" 0 0 0 0 0 0 0.0941872981700753 0 0 0 0 0 0 0 0 0 0 0 0 0 0 0 0 0 0 0 0 0 0
"gamgee" 0 0 0 0 0 0 0 0 0 0 0.04657119571545 0.0187617260787993 0.0102658864592958 0 0 0 0 0 0 0 0 0 0 0 0 0 0 0 0
"garrison" 0 0 0 0 0 0 0 0 0 0 0 0 0.0205317729185915 0 0 0 0 0.0468055230517201 0 0 0 0 0 0 0 0 0 0.0146391450739277 0
"gene" 0 0 0 0 0 0 0 0 0 0 0 0 0 0 0 0 0 0 0.0497363970953944 0 0 0 0 0.0368459837877671 0 0 0 0 0
"gloucester" 0 0 0 0 0 0 0 0 0 0 0 0 0 0 0 0 0 0 0 0 0 0 0 0 0.140449438202247 0 0 0 0
"golden" 0 0.018875047187618 0 0 0 0 0 0 0 0.024265954865324 0 0.0281425891181989 0.0102658864592958 0 0 0 0 0 0 0 0 0 0 0 0 0 0 0 0
"gotcha" 0.0112334306897326 0 0 0 0 0.0135538086202223 0 0 0.00849834282314949 0 0 0 0 0.0117343346632246 0 0 0 0 0 0 0 0 0 0 0 0 0 0 0.0544464609800363
"grand" 0 0 0 0 0 0 0.0134553283100108 0 0.016996685646299 0 0 0 0 0.0234686693264492 0 0 0 0 0 0 0 0 0 0 0.0401284109149278 0 0 0 0
"grandpa" 0 0 0 0.0356379187455453 0 0 0 0.0292997363023733 0 0 0 0 0 0 0.00852296940253985 0 0 0 0 0 0 0 0 0 0 0 0 0 0
"grave" 0 0.018875047187618 0 0 0 0 0 0 0.016996685646299 0.012132977432662 0 0.00938086303939963 0 0.0117343346632246 0 0 0 0 0 0 0 0 0 0 0 0.0103691414350892 0 0 0
"growing" 0 0 0 0 0 0 0 0 0 0.012132977432662 0.0116427989288625 0.0281425891181989 0.0102658864592958 0 0 0 0 0 0 0 0 0.0139684313451599 0 0 0 0 0 0 0
"guide" 0.0112334306897326 0 0 0 0 0.0135538086202223 0 0 0 0 0 0.00938086303939963 0.0102658864592958 0 0.00852296940253985 0 0 0.01170138076293 0 0 0 0.0139684313451599 0 0 0 0 0 0 0
"guilt" 0.0112334306897326 0 0 0 0 0.0135538086202223 0 0 0 0 0 0 0 0 0.0426148470126992 0 0 0 0 0 0 0 0 0 0 0 0 0 0
"halfling" 0 0 0 0 0 0 0 0 0 0 0.0349283967865875 0 0.041063545837183 0 0 0 0 0 0 0 0 0 0 0 0 0 0 0 0
"hans" 0 0 0 0 0 0 0 0 0 0 0 0 0 0 0 0 0 0 0 0 0 0 0 0 0 0 0.091424392027793 0.0292782901478554 0
"hawk" 0 0 0 0 0 0 0 0 0.016996685646299 0 0.0116427989288625 0 0 0 0 0 0 0.0468055230517201 0 0 0 0 0 0 0 0 0 0 0
"headpiece" 0 0.132125330313326 0 0 0 0 0 0 0 0 0 0 0 0 0 0 0 0 0 0 0 0 0 0 0 0 0 0 0
"heavily" 0 0 0.0101020305081321 0 0 0.0135538086202223 0 0 0 0 0 0 0 0.0117343346632246 0.00852296940253985 0 0 0 0 0 0 0 0 0 0.0200642054574639 0 0 0.0292782901478554 0
"hero" 0 0 0 0 0 0 0.0269106566200215 0.0195331575349155 0.00849834282314949 0 0 0 0 0 0 0 0 0.01170138076293 0 0 0.0147666863555818 0 0 0 0 0 0 0 0
"herself" 0 0 0 0 0 0 0.0134553283100108 0 0 0.024265954865324 0 0 0 0.0117343346632246 0.00852296940253985 0 0 0 0 0 0 0 0 0 0 0.0103691414350892 0.0182848784055586 0 0
"heyliger" 0 0 0 0 0 0 0 0 0 0 0 0 0 0 0 0 0 0 0.00994727941907888 0.102249488752556 0 0 0 0 0 0 0 0 0
"hiding" 0 0 0.0101020305081321 0 0 0 0 0.0195331575349155 0 0 0 0 0 0 0.00852296940253985 0 0 0 0 0.0511247443762781 0 0 0 0 0 0 0 0 0
"hooch" 0 0 0 0 0 0 0 0 0 0.0363989322979859 0 0 0 0 0 0 0 0 0.0198945588381578 0 0 0 0 0.0184229918938836 0.0200642054574639 0 0 0 0
"hoosier" 0 0 0 0 0 0 0 0 0 0 0 0 0 0 0 0 0 0 0 0 0 0 0 0.0552689756816507 0.0802568218298555 0 0 0 0
"hopeless" 0 0 0 0 0.0136481506755835 0 0 0 0.016996685646299 0 0 0.0281425891181989 0 0 0.00852296940253985 0 0 0 0 0 0 0 0 0 0 0 0 0 0
"hoping" 0 0 0 0 0 0 0 0 0.016996685646299 0 0 0 0.0102658864592958 0 0.00852296940253985 0 0 0 0 0.0170415814587594 0 0 0 0.0368459837877671 0 0 0 0 0
"horizon" 0 0 0 0 0 0 0 0 0.00849834282314949 0 0 0 0.0205317729185915 0.0234686693264492 0 0 0 0 0 0 0.0147666863555818 0 0 0.0184229918938836 0 0 0 0 0
"horst" 0 0 0 0 0 0 0 0 0 0 0 0 0 0 0 0 0 0 0 0 0 0 0.13287775246773 0 0 0 0 0 0
"howdy" 0 0 0 0 0 0.0813228517213337 0 0 0 0 0 0 0 0 0 0 0 0 0 0 0 0 0 0.0184229918938836 0 0 0 0 0
"huge" 0 0 0 0 0.0272963013511669 0.0271076172404446 0 0 0 0 0 0 0 0 0 0 0 0 0 0 0 0.0139684313451599 0 0 0 0 0.0365697568111172 0 0
"hut" 0 0 0 0 0 0 0 0 0 0 0 0 0 0 0 0 0 0 0 0 0 0.0977790194161196 0 0 0 0 0 0 0
"indiana" 0 0.132125330313326 0 0 0 0 0 0 0 0 0 0 0 0 0 0 0 0 0 0 0 0 0 0 0 0 0 0 0
"injured" 0 0 0 0 0 0 0 0 0 0 0 0 0 0 0 0.013197835554969 0 0.01170138076293 0.00994727941907888 0.0170415814587594 0 0 0 0 0 0 0.0365697568111172 0 0.0181488203266788
"innocent" 0 0 0 0 0 0 0.0134553283100108 0.0488328938372888 0 0 0 0.00938086303939963 0 0 0 0 0 0 0 0 0 0 0 0 0 0 0 0 0
"invasion" 0 0 0 0 0 0.0135538086202223 0 0 0 0 0 0 0 0 0 0 0 0 0 0 0.0147666863555818 0 0 0.0184229918938836 0 0.0103691414350892 0 0.043917435221783 0
"jammed" 0 0 0.0202040610162643 0 0 0 0 0 0 0 0 0 0 0 0 0.013197835554969 0 0.01170138076293 0 0 0 0 0 0.0184229918938836 0 0.0207382828701783 0 0 0
"jennifer" 0 0 0 0.0831551437396056 0 0 0 0 0 0 0 0 0 0 0 0 0 0 0 0 0 0 0 0 0 0 0 0 0
"jerk" 0.0112334306897326 0 0 0 0 0 0 0.00976657876745776 0 0 0 0 0 0 0 0 0 0 0 0 0 0 0 0 0.0200642054574639 0 0 0.0585565802957107 0
"justice" 0 0 0 0 0 0 0.0134553283100108 0.0488328938372888 0 0 0 0 0.0102658864592958 0 0 0 0 0 0 0 0 0 0 0 0 0 0 0 0
"king^s" 0.0112334306897326 0 0 0 0 0 0 0.00976657876745776 0 0 0 0.0281425891181989 0.0102658864592958 0.0117343346632246 0 0 0 0 0 0 0 0 0 0 0 0 0 0 0
"knee" 0 0 0 0 0 0 0 0 0 0 0 0 0 0 0.00852296940253985 0 0 0 0 0 0 0 0 0 0.0200642054574639 0.0103691414350892 0 0.0146391450739277 0.0544464609800363
"knowhere" 0.0786340148281285 0 0 0 0 0 0 0 0 0 0 0 0 0 0 0 0 0 0 0 0 0 0 0 0 0 0 0 0
"laughing" 0 0 0 0 0 0 0.0134553283100108 0 0.00849834282314949 0 0 0 0 0 0 0 0 0 0.0298418382572366 0.0170415814587594 0 0 0 0 0 0 0.0182848784055586 0 0
"legions" 0 0 0 0 0 0 0.0538213132400431 0 0 0 0 0 0.0307976593778873 0 0 0 0 0 0 0 0 0 0 0 0 0 0 0 0
"leonard" 0 0 0 0 0 0 0 0 0 0 0 0 0 0 0 0 0 0 0 0 0 0.0977790194161196 0 0 0 0 0 0 0
"levels" 0 0 0 0 0 0 0 0 0 0 0 0 0.0102658864592958 0 0.0511378164152391 0 0 0 0 0 0 0 0 0 0 0 0 0 0
"leviosa" 0 0 0 0 0 0 0 0 0 0.0849308420286338 0 0 0 0 0 0 0 0 0 0 0 0 0 0 0 0 0 0 0
"linger" 0 0 0 0 0 0 0 0 0 0 0.0116427989288625 0.0281425891181989 0.0102658864592958 0.0117343346632246 0 0 0 0 0 0 0 0 0 0 0 0.0103691414350892 0 0 0
"lit" 0 0 0 0 0 0.0135538086202223 0 0 0.0254950284694485 0 0 0 0.0307976593778873 0 0 0 0 0 0 0 0 0 0 0 0 0 0 0 0
"loyalty" 0.0112334306897326 0.018875047187618 0 0 0 0 0.0403659849300323 0.0195331575349155 0 0 0 0 0 0 0 0 0 0 0 0 0 0 0 0 0 0 0 0 0
"malfoy" 0 0 0 0 0 0 0 0 0 0.0849308420286338 0 0 0 0 0 0 0 0 0 0 0 0 0 0 0 0 0 0 0
"martin" 0 0 0 0 0.0136481506755835 0 0 0 0 0 0 0 0 0 0 0 0 0 0.0397891176763155 0 0.0295333727111636 0 0 0 0 0 0 0 0
"meaning" 0 0.0377500943752359 0.0101020305081321 0.0118793062485151 0 0 0 0 0 0 0.0116427989288625 0 0.0102658864592958 0.0117343346632246 0 0 0 0 0 0 0 0 0 0 0 0 0 0 0
"medical" 0 0 0 0 0.0136481506755835 0.0135538086202223 0 0 0 0 0 0 0 0 0 0 0 0 0.00994727941907888 0 0 0.0139684313451599 0 0.0184229918938836 0 0.0103691414350892 0.0182848784055586 0 0
"medivac" 0 0 0 0 0 0 0 0 0 0 0 0 0 0 0 0 0 0.0819096653405102 0 0 0 0 0 0 0 0 0 0 0
"merciful" 0 0 0 0 0 0 0.0941872981700753 0 0 0 0 0 0 0 0 0 0 0 0 0 0 0 0 0 0 0 0 0 0
"moments" 0.0112334306897326 0 0.0101020305081321 0 0 0 0.0134553283100108 0 0 0 0 0 0 0 0.0170459388050797 0.013197835554969 0 0 0 0 0 0 0 0 0 0.0103691414350892 0 0 0
"murder" 0.0224668613794653 0.018875047187618 0 0 0 0 0 0.00976657876745776 0 0 0 0 0.0102658864592958 0 0 0 0 0 0.00994727941907888 0 0 0 0 0 0 0 0 0.0146391450739277 0
"murderer" 0 0 0 0 0 0.0271076172404446 0 0.00976657876745776 0 0 0 0.00938086303939963 0.0205317729185915 0 0 0 0.0223563603845294 0 0 0 0 0 0 0 0 0 0 0 0
"murdoch" 0 0 0 0 0 0 0 0 0.0594883997620464 0 0 0 0 0 0 0 0 0 0 0 0 0 0 0 0 0 0 0 0
"name^s" 0 0 0 0 0 0 0 0 0 0.012132977432662 0.0116427989288625 0 0 0.0234686693264492 0 0 0 0 0 0 0.0147666863555818 0 0.0189825360668185 0 0.0200642054574639 0 0 0 0
"nature" 0.0112334306897326 0 0 0 0 0 0 0 0 0 0 0 0 0.0352030039896738 0.0255689082076195 0 0 0 0 0 0 0 0 0 0 0 0 0 0
"nazgl" 0 0 0 0 0 0 0 0 0 0 0 0.00938086303939963 0.0615953187557746 0 0 0 0 0 0 0 0 0 0 0 0 0 0 0 0
"nazis" 0 0.113250283125708 0 0 0 0 0 0 0 0 0 0 0 0 0 0 0 0 0 0 0 0 0 0.0184229918938836 0 0 0 0 0
"outfit" 0 0 0 0 0 0 0 0 0 0 0 0 0 0 0 0 0 0 0 0 0 0.0139684313451599 0 0.0184229918938836 0 0.0207382828701783 0 0.043917435221783 0
"owen" 0 0 0.0606121830487928 0 0 0 0 0 0 0 0 0 0 0 0 0 0 0 0 0 0.0147666863555818 0 0 0 0 0 0 0 0
"papa" 0 0 0 0 0 0 0.0269106566200215 0.00976657876745776 0 0 0 0.00938086303939963 0 0 0 0 0 0 0 0 0 0.0139684313451599 0 0 0 0 0 0 0.0362976406533575
"paradise" 0.0112334306897326 0.018875047187618 0 0 0 0 0 0.00976657876745776 0 0 0 0 0 0 0 0 0 0 0 0 0 0 0 0.0368459837877671 0.0401284109149278 0 0 0 0
"peacock" 0 0 0 0 0 0 0 0 0 0 0 0 0 0 0 0 0 0 0.0497363970953944 0.0340831629175187 0 0 0 0 0 0 0 0 0
"phillipa" 0 0 0 0 0 0 0 0 0 0 0 0 0 0 0.0596607858177789 0 0 0 0 0 0 0 0 0 0 0 0 0 0
"pizza" 0 0 0 0 0 0.094876660341556 0 0 0 0 0 0 0 0 0 0 0 0 0 0 0 0 0 0 0 0 0 0 0
"pod" 0.0449337227589306 0 0.0303060915243964 0 0 0 0 0 0 0 0 0 0 0 0 0 0 0 0 0 0 0 0 0 0 0 0 0 0
"politics" 0 0 0 0 0 0 0.0403659849300323 0.00976657876745776 0.00849834282314949 0 0 0 0 0 0 0 0 0.01170138076293 0 0 0 0 0.0189825360668185 0 0 0 0 0 0
"pool" 0 0 0 0 0 0 0 0 0 0 0 0.0187617260787993 0 0 0 0 0 0 0 0 0 0 0 0 0 0.0518457071754459 0 0 0
"powder" 0 0 0 0 0 0 0 0.00976657876745776 0 0 0 0 0 0.0352030039896738 0 0 0 0 0.00994727941907888 0 0 0 0 0 0 0.0103691414350892 0.0182848784055586 0 0
"pray" 0 0 0 0 0.0136481506755835 0 0.0134553283100108 0 0 0 0 0 0 0 0 0 0 0 0.00994727941907888 0 0 0.0139684313451599 0 0.0184229918938836 0 0.0207382828701783 0 0 0
"precise" 0 0 0.0505101525406607 0.0237586124970302 0 0 0 0 0 0 0 0 0 0 0 0 0 0 0 0 0 0 0 0 0 0 0 0 0
"precisely" 0 0 0 0.0593965312425754 0 0 0 0 0 0 0.0116427989288625 0 0 0 0.00852296940253985 0 0 0 0 0 0 0 0 0 0 0 0 0 0
"presents" 0 0 0 0 0 0.0406614258606668 0 0 0 0.024265954865324 0 0 0 0 0.00852296940253985 0 0 0 0 0 0 0 0.0189825360668185 0 0 0 0 0 0
"president" 0 0 0 0.0475172249940603 0 0 0 0.00976657876745776 0 0 0 0 0 0 0 0 0 0 0 0 0 0 0 0 0 0 0 0.0292782901478554 0
"prisoner" 0 0 0.0202040610162643 0 0 0 0 0 0 0 0 0 0.0102658864592958 0 0 0 0.0223563603845294 0.01170138076293 0 0.0170415814587594 0 0 0 0 0 0.0103691414350892 0 0 0
"properly" 0 0.018875047187618 0 0 0.0136481506755835 0 0 0 0.016996685646299 0.012132977432662 0 0 0 0 0 0 0 0 0 0 0 0.0139684313451599 0 0 0 0 0.0182848784055586 0 0
"pushing" 0 0 0 0 0 0 0 0 0.00849834282314949 0 0 0.00938086303939963 0 0 0.00852296940253985 0 0 0 0 0 0 0 0.0189825360668185 0 0 0 0 0 0.0544464609800363
"quintus" 0 0 0 0 0 0 0.0941872981700753 0 0 0 0 0 0 0 0 0 0 0 0 0 0 0 0 0 0 0 0 0 0
"quirrell" 0 0 0 0 0 0 0 0 0 0.0849308420286338 0 0 0 0 0 0 0 0 0 0 0 0 0 0 0 0 0 0 0
"race" 0 0 0 0 0 0 0 0.00976657876745776 0 0 0.04657119571545 0.00938086303939963 0 0 0 0 0 0 0 0 0 0 0.0189825360668185 0 0 0 0 0 0
"raise" 0 0.018875047187618 0 0 0 0 0.0134553283100108 0 0 0 0 0.00938086303939963 0 0 0.00852296940253985 0 0 0.01170138076293 0 0 0 0 0.0189825360668185 0 0 0 0.0182848784055586 0 0
"rare" 0 0.018875047187618 0 0 0 0 0 0 0.016996685646299 0.012132977432662 0.0116427989288625 0 0 0.0117343346632246 0 0 0 0.01170138076293 0 0 0 0 0 0 0 0 0 0 0
"ray" 0 0 0 0 0 0 0 0 0 0 0 0 0 0 0 0 0 0 0 0 0 0 0 0 0 0 0 0 0.127041742286751
"realized" 0.0112334306897326 0 0 0.0118793062485151 0 0 0.0134553283100108 0 0.00849834282314949 0 0 0 0 0 0.0170459388050797 0 0 0 0 0 0 0.0139684313451599 0 0 0 0 0 0 0
"reindeer" 0 0 0 0 0 0 0 0 0 0 0 0 0 0 0 0 0 0 0 0 0 0 0.13287775246773 0 0 0 0 0 0
"reinforcements" 0 0 0 0 0 0.0135538086202223 0 0 0 0 0 0 0 0 0 0 0 0 0 0 0 0 0 0.0184229918938836 0 0.0207382828701783 0 0.043917435221783 0
"reiser" 0 0 0 0 0 0 0 0 0 0 0 0 0 0 0 0 0 0 0 0 0 0 0 0 0 0 0.12799414883891 0 0
"remove" 0 0 0.0101020305081321 0 0.0136481506755835 0 0.0134553283100108 0 0 0 0 0.00938086303939963 0 0.0117343346632246 0 0.013197835554969 0 0 0.00994727941907888 0 0 0 0 0 0 0 0 0 0
"responsible" 0 0 0 0 0 0.0135538086202223 0 0.0195331575349155 0.00849834282314949 0 0 0 0 0 0.00852296940253985 0 0 0 0 0 0 0.0139684313451599 0 0 0 0 0.0182848784055586 0 0
"rooms" 0.0112334306897326 0 0 0 0 0 0 0 0.016996685646299 0 0.0116427989288625 0 0 0 0.00852296940253985 0.013197835554969 0.0223563603845294 0 0 0 0 0 0 0 0 0 0 0 0
"safer" 0 0 0 0 0 0.0271076172404446 0 0.00976657876745776 0 0.012132977432662 0.0116427989288625 0.00938086303939963 0 0 0.00852296940253985 0 0 0 0 0 0 0 0 0 0 0 0 0 0
"sallah" 0 0.132125330313326 0 0 0 0 0 0 0 0 0 0 0 0 0 0 0 0 0 0 0 0 0 0 0 0 0 0 0
"scratch" 0 0 0 0 0.0272963013511669 0 0 0 0 0 0 0.00938086303939963 0 0 0 0 0.0223563603845294 0 0.00994727941907888 0 0.0147666863555818 0 0 0 0 0.0103691414350892 0 0 0
"seeking" 0 0 0 0 0 0 0 0 0.00849834282314949 0 0.0582139946443125 0 0 0 0.00852296940253985 0 0 0 0 0 0 0 0 0 0 0 0 0 0
"shadows" 0 0 0 0 0 0 0.0403659849300323 0 0 0 0 0.0187617260787993 0.0205317729185915 0 0 0 0 0 0 0 0 0 0 0 0 0 0 0 0
"shield" 0.0112334306897326 0 0.0303060915243964 0 0 0.0135538086202223 0 0 0 0 0 0 0.0102658864592958 0 0 0 0 0 0 0 0 0 0 0 0 0.0103691414350892 0 0 0
"shields" 0 0 0.0101020305081321 0 0 0 0.0403659849300323 0 0 0 0 0.00938086303939963 0.0205317729185915 0 0 0 0 0 0 0 0 0 0 0 0 0 0 0 0
"shifty" 0 0 0 0 0 0 0 0 0 0 0 0 0 0 0 0 0 0 0.0397891176763155 0.0170415814587594 0.0295333727111636 0 0 0 0 0 0 0 0
"showed" 0 0 0 0 0 0 0 0 0.00849834282314949 0 0 0 0.0102658864592958 0 0 0.013197835554969 0 0 0 0 0 0.0139684313451599 0.0189825360668185 0 0 0.0103691414350892 0 0 0.0181488203266788
"sides" 0 0 0 0 0 0 0 0.00976657876745776 0.016996685646299 0 0 0 0 0 0 0 0 0.01170138076293 0 0 0 0 0 0 0 0.0207382828701783 0 0.0146391450739277 0
"signature" 0.0337002920691979 0 0 0 0 0 0 0.00976657876745776 0 0 0 0 0 0 0 0 0 0 0 0.0170415814587594 0 0 0.0189825360668185 0 0 0 0.0182848784055586 0 0
"skinny" 0 0 0 0 0 0 0 0.00976657876745776 0 0 0 0 0 0 0 0 0 0.0234027615258601 0.0298418382572366 0 0.0147666863555818 0 0 0 0 0 0 0 0
"sky" 0 0 0 0 0 0.0542152344808891 0 0 0 0.012132977432662 0 0 0 0 0 0 0 0 0 0 0.0147666863555818 0 0 0 0 0.0103691414350892 0 0 0
"smashed" 0 0.018875047187618 0.0101020305081321 0.0118793062485151 0.0136481506755835 0.0135538086202223 0 0 0 0 0 0 0 0 0 0 0.0223563603845294 0 0 0 0 0 0.0189825360668185 0 0 0 0 0 0
"son-of-a-bitch" 0 0 0 0 0 0 0 0.0683660513722043 0 0 0 0 0 0 0 0 0 0 0 0 0 0 0 0 0 0 0 0 0
"spaceship" 0.0224668613794653 0 0 0 0 0.0677690431011114 0 0 0 0 0 0 0 0 0 0 0 0 0 0 0 0 0 0 0 0 0 0 0
"stairs" 0 0 0 0 0 0 0 0 0.00849834282314949 0 0 0.00938086303939963 0.041063545837183 0.0117343346632246 0 0 0 0 0 0 0 0 0 0 0 0 0 0 0
"strider" 0 0 0 0 0 0 0 0 0 0 0.0814995925020375 0 0 0 0 0 0 0 0 0 0 0 0 0 0 0 0 0 0
"string" 0 0 0 0 0 0.0542152344808891 0 0.00976657876745776 0 0 0 0 0 0 0 0 0 0 0 0.0170415814587594 0 0 0 0 0.0200642054574639 0 0 0 0
"suicide" 0.0224668613794653 0 0.0101020305081321 0 0 0 0 0 0 0 0 0 0 0 0 0 0.0223563603845294 0 0 0.0170415814587594 0 0.0139684313451599 0 0 0 0 0.0182848784055586 0 0
"summer" 0 0 0 0 0.0409444520267504 0.0135538086202223 0 0 0 0.012132977432662 0 0 0.0102658864592958 0 0 0 0 0 0 0 0 0 0 0 0 0 0.0182848784055586 0 0
"supply" 0 0 0 0 0 0.0135538086202223 0 0 0 0 0 0 0 0 0.00852296940253985 0 0.0223563603845294 0.01170138076293 0 0.0170415814587594 0.0147666863555818 0 0 0 0 0.0103691414350892 0 0 0
"surrounded" 0 0.018875047187618 0 0 0 0 0 0 0 0 0 0 0.0102658864592958 0 0 0 0 0.01170138076293 0 0.0340831629175187 0 0 0 0.0184229918938836 0 0 0.0182848784055586 0 0
"survived" 0 0 0 0 0 0 0 0 0 0 0.0116427989288625 0.00938086303939963 0.0102658864592958 0 0 0 0 0 0 0.0170415814587594 0 0 0.0189825360668185 0 0 0.0103691414350892 0.0182848784055586 0 0
"sweetheart" 0 0 0.0101020305081321 0 0 0 0 0 0 0.012132977432662 0 0 0 0 0.0255689082076195 0 0 0 0 0 0 0.0279368626903199 0 0 0 0 0 0 0
"swim" 0 0 0 0 0 0 0 0 0.0254950284694485 0 0.0116427989288625 0 0 0.0117343346632246 0 0 0 0 0 0 0 0 0 0 0 0 0 0.0292782901478554 0
"tab" 0 0 0 0.0237586124970302 0 0 0 0 0 0 0 0 0 0 0 0 0 0 0 0.0340831629175187 0.0443000590667454 0 0 0 0 0 0 0 0
"terror" 0 0 0.0202040610162643 0 0 0 0.0134553283100108 0 0 0 0 0.0187617260787993 0 0 0 0 0 0 0.00994727941907888 0 0 0 0 0.0184229918938836 0 0 0 0 0
"theirs" 0 0.018875047187618 0 0 0 0 0 0 0 0 0 0 0 0 0.00852296940253985 0 0 0 0.00994727941907888 0 0 0.0139684313451599 0 0 0 0.0311074243052675 0 0 0
"there^ll" 0 0 0.0303060915243964 0 0 0 0 0 0.016996685646299 0 0 0 0 0.0117343346632246 0 0 0.0223563603845294 0 0 0 0 0 0 0 0 0 0 0 0
"therefore" 0.0224668613794653 0 0 0 0.0136481506755835 0 0 0 0 0.012132977432662 0 0 0 0.0234686693264492 0.00852296940253985 0 0 0 0 0 0 0 0 0 0 0 0 0 0
"thieves" 0 0 0 0 0 0 0.0134553283100108 0 0 0 0 0.0281425891181989 0.0102658864592958 0.0117343346632246 0.00852296940253985 0 0 0 0 0 0 0 0 0 0 0 0 0 0
"threat" 0 0 0.0101020305081321 0 0 0.0135538086202223 0 0 0 0 0.023285597857725 0 0 0.0117343346632246 0 0 0 0.01170138076293 0 0 0 0 0 0 0 0 0 0 0.0181488203266788
"throne" 0 0 0 0 0 0 0.0134553283100108 0 0 0 0.023285597857725 0 0.0307976593778873 0 0 0 0 0 0 0 0 0 0 0 0.0200642054574639 0 0 0 0
"tip" 0.0112334306897326 0 0 0 0 0 0 0 0 0 0 0 0 0 0 0 0 0 0 0.0511247443762781 0.0443000590667454 0 0 0 0 0 0 0 0
"tractor" 0 0 0.0606121830487928 0 0 0 0 0 0 0 0 0 0 0 0 0 0.0223563603845294 0 0 0 0 0 0 0 0 0 0 0 0
"treat" 0 0 0 0 0.0272963013511669 0 0 0.00976657876745776 0 0 0 0 0.0205317729185915 0 0 0 0 0.01170138076293 0.00994727941907888 0 0 0 0 0 0 0 0 0 0
"trigger" 0 0 0 0 0 0 0 0.0195331575349155 0 0 0 0 0 0.0117343346632246 0.00852296940253985 0 0 0 0 0.0170415814587594 0 0.0279368626903199 0 0 0 0 0 0 0
"truly" 0.0112334306897326 0 0 0.0118793062485151 0 0 0 0 0.00849834282314949 0 0 0.00938086303939963 0 0.0117343346632246 0 0 0 0 0.00994727941907888 0 0 0.0139684313451599 0 0 0 0 0 0 0
"unbelievable" 0 0 0 0 0 0 0 0 0 0 0 0 0 0 0 0 0 0 0.0198945588381578 0 0 0 0 0.0184229918938836 0 0.0103691414350892 0.0365697568111172 0.0146391450739277 0
"vera" 0 0 0 0 0 0 0 0 0 0 0 0 0 0 0 0 0 0 0 0 0 0 0 0.128960943257185 0 0 0 0 0
"waking" 0 0 0 0 0 0 0 0 0.00849834282314949 0 0 0.0281425891181989 0.0102658864592958 0.0117343346632246 0.00852296940253985 0 0 0 0 0 0 0 0 0 0 0 0 0 0
"warned" 0 0 0 0.0118793062485151 0.0272963013511669 0 0.0134553283100108 0 0 0 0 0 0.0205317729185915 0 0 0 0 0 0 0 0 0 0 0 0.0200642054574639 0 0 0 0
"weakness" 0 0 0.0303060915243964 0 0 0.0135538086202223 0 0.00976657876745776 0 0 0.0116427989288625 0.00938086303939963 0 0 0 0 0 0 0 0 0 0 0 0 0 0 0 0 0
"webb" 0 0 0 0 0 0 0 0 0 0 0 0 0 0 0 0 0 0 0.0696309559335522 0 0 0 0 0 0 0 0 0 0
"wept" 0 0 0 0 0 0 0.0538213132400431 0.00976657876745776 0 0 0 0 0.0205317729185915 0 0 0 0 0 0 0 0 0 0 0 0 0 0 0 0
"wet" 0 0 0 0.0118793062485151 0.0136481506755835 0 0 0 0 0 0 0 0 0 0 0 0 0 0.00994727941907888 0 0 0.0139684313451599 0 0 0.0200642054574639 0.0103691414350892 0 0.0146391450739277 0
"whip" 0 0.0566251415628539 0 0 0 0 0 0 0 0 0 0 0.0102658864592958 0 0 0 0 0.01170138076293 0 0 0 0 0 0.0184229918938836 0 0.0103691414350892 0 0 0
"whisper" 0 0 0 0 0 0 0.0807319698600646 0 0 0 0 0.00938086303939963 0 0 0 0 0 0 0 0 0 0 0 0 0 0 0 0 0
"wield" 0.0224668613794653 0 0 0 0.0136481506755835 0 0 0 0 0 0.023285597857725 0.00938086303939963 0.0102658864592958 0 0 0 0 0 0 0 0 0 0 0 0 0 0 0 0
"william" 0 0 0 0 0 0 0 0 0 0 0 0 0 0.0821403426425722 0 0 0 0 0 0 0 0 0 0 0 0 0 0 0
"woke" 0.0112334306897326 0 0 0 0 0 0 0 0 0.012132977432662 0 0 0 0 0.0170459388050797 0 0 0 0 0 0.0147666863555818 0 0 0 0 0.0103691414350892 0 0.0146391450739277 0
"wondering" 0 0 0 0.0118793062485151 0 0 0 0 0.00849834282314949 0 0 0 0 0 0 0 0.0223563603845294 0 0.00994727941907888 0 0.0147666863555818 0 0 0.0184229918938836 0 0.0103691414350892 0 0 0
"world^s" 0.0224668613794653 0 0 0.0118793062485151 0 0.0271076172404446 0 0 0 0 0 0 0.0102658864592958 0 0 0 0 0 0 0 0 0 0 0 0 0 0 0.0146391450739277 0
"written" 0 0 0 0.0118793062485151 0 0 0 0 0 0 0 0 0 0 0 0.013197835554969 0 0 0 0.0170415814587594 0 0.0139684313451599 0 0 0 0.0103691414350892 0.0365697568111172 0 0
"wrote" 0 0 0 0.0118793062485151 0 0 0.0134553283100108 0 0 0.012132977432662 0 0 0 0 0 0 0 0 0 0 0 0.0139684313451599 0 0 0 0.0103691414350892 0.0182848784055586 0.0146391450739277 0
"yards" 0 0 0 0 0 0 0 0 0 0 0 0 0 0 0 0 0 0 0.00994727941907888 0.0340831629175187 0.0147666863555818 0.0139684313451599 0 0.0368459837877671 0 0 0 0 0
"-a" 0 0 0.0101020305081321 0 0 0 0 0 0 0 0 0 0 0 0 0 0 0 0 0.0340831629175187 0 0 0 0 0 0 0 0.043917435221783 0
"-do" 0 0 0.0303060915243964 0 0 0 0 0 0 0 0 0.0187617260787993 0 0 0 0 0 0 0 0 0 0.0139684313451599 0 0 0 0 0 0 0
"-for" 0 0 0.0101020305081321 0 0 0 0 0 0 0 0.0116427989288625 0.0375234521575985 0 0 0 0 0 0 0 0 0 0 0 0 0 0 0 0 0
"-gandalf" 0 0 0 0 0 0 0 0 0 0 0.0582139946443125 0.00938086303939963 0 0 0 0 0 0 0 0 0 0 0 0 0 0 0 0 0
"-just" 0 0 0 0 0 0 0 0 0.00849834282314949 0 0.0116427989288625 0 0 0 0 0 0 0.01170138076293 0 0.0170415814587594 0 0 0 0 0 0 0 0.0292782901478554 0
"-nothing" 0 0 0 0 0 0 0 0 0 0 0.0116427989288625 0.0187617260787993 0 0 0 0 0 0 0 0 0 0 0 0 0 0 0 0.043917435221783 0
"-okay" 0 0 0 0 0 0 0 0 0 0 0 0 0 0 0 0 0 0.0234027615258601 0 0.0170415814587594 0 0 0 0 0 0 0 0.043917435221783 0
"-so" 0 0 0.0101020305081321 0 0 0 0 0 0 0 0.023285597857725 0.00938086303939963 0 0 0 0 0 0.01170138076293 0 0 0 0 0 0 0 0 0 0.0146391450739277 0
"-thank" 0 0 0.0101020305081321 0 0 0 0 0 0 0 0 0 0 0 0 0.013197835554969 0 0 0 0.0170415814587594 0 0 0 0 0 0 0 0.043917435221783 0
"-they" 0 0 0.0202040610162643 0 0 0 0 0 0 0 0.023285597857725 0.00938086303939963 0 0 0 0 0 0.01170138076293 0 0 0 0 0 0 0 0 0 0 0
"a-" 0 0 0 0 0 0.0542152344808891 0 0 0 0 0 0 0 0 0 0 0 0 0 0 0 0 0 0 0 0.0103691414350892 0 0 0.0181488203266788
"a-a-a-argh" 0 0 0 0 0.0818889040535007 0 0 0 0 0 0 0 0 0 0 0 0 0 0 0 0 0 0 0 0 0 0 0 0
"abner" 0 0.113250283125708 0 0 0 0 0 0 0 0 0 0 0 0 0 0 0 0 0 0 0 0 0 0 0 0 0 0 0
"accomplish" 0 0 0 0.0356379187455453 0 0 0 0 0 0 0 0 0 0 0 0.013197835554969 0 0 0 0 0.0147666863555818 0 0 0 0 0.0103691414350892 0 0 0
"account" 0 0 0.0101020305081321 0.0118793062485151 0 0 0 0 0 0.012132977432662 0.0116427989288625 0.00938086303939963 0 0 0 0 0 0 0 0 0 0 0 0 0.0200642054574639 0 0 0 0
"admit" 0.0112334306897326 0 0 0.0118793062485151 0 0 0 0.00976657876745776 0 0 0 0 0 0.0117343346632246 0.0170459388050797 0 0 0 0 0 0 0 0 0 0 0 0 0 0
"aim" 0 0 0 0 0 0 0.0134553283100108 0 0 0 0 0 0.0307976593778873 0.0117343346632246 0 0 0 0 0 0 0 0 0 0 0 0 0.0182848784055586 0 0
"airport" 0 0 0 0 0 0 0 0.0195331575349155 0 0 0 0 0 0 0 0.0527913422198759 0 0 0 0 0 0 0 0 0 0 0 0 0
"al" 0 0 0 0 0 0 0 0 0 0 0 0 0 0 0 0 0 0 0 0 0 0 0 0 0.100321027287319 0.0103691414350892 0 0 0
"announce" 0 0 0 0 0 0 0.0403659849300323 0 0 0.012132977432662 0.0116427989288625 0 0 0 0 0 0 0 0 0 0 0 0 0 0 0 0.0182848784055586 0 0
"approach" 0 0 0.0101020305081321 0 0 0 0.0134553283100108 0 0 0 0.0116427989288625 0 0 0 0.0170459388050797 0 0 0 0 0 0 0 0 0 0 0 0 0.0146391450739277 0
"archaeology" 0 0.113250283125708 0 0 0 0 0 0 0 0 0 0 0 0 0 0 0 0 0 0 0 0 0 0 0 0 0 0 0
"archers" 0 0 0 0 0 0 0.0538213132400431 0 0 0 0 0.00938086303939963 0.0102658864592958 0 0 0 0 0 0 0 0 0 0 0 0 0 0 0 0
"ariadne" 0 0 0 0 0 0 0 0 0 0 0 0 0 0 0.0511378164152391 0 0 0 0 0 0 0 0 0 0 0 0 0 0
"armour" 0 0 0 0 0 0 0 0 0 0 0 0.00938086303939963 0 0 0 0 0 0.0234027615258601 0 0 0 0 0 0 0 0.0311074243052675 0 0 0
"ash" 0.0112334306897326 0 0 0 0 0 0 0 0 0 0.023285597857725 0.00938086303939963 0 0.0234686693264492 0 0 0 0 0 0 0 0 0 0 0 0 0 0 0
"assemble" 0 0 0 0 0 0 0 0 0 0 0 0 0.0102658864592958 0 0.00852296940253985 0 0 0 0 0.0340831629175187 0 0 0 0 0 0.0207382828701783 0 0 0
"attacked" 0 0 0.0101020305081321 0 0 0 0 0 0 0 0 0.0187617260787993 0 0 0 0 0.0447127207690588 0 0 0 0 0 0 0.0184229918938836 0 0 0 0 0
"attempt" 0 0 0 0 0 0 0 0.00976657876745776 0 0 0 0 0 0.0234686693264492 0 0 0 0 0 0 0 0 0 0 0 0.0103691414350892 0 0 0.0362976406533575
"authority" 0 0 0 0 0 0 0 0 0 0 0 0.00938086303939963 0.0205317729185915 0 0.0255689082076195 0 0 0 0 0 0 0 0 0 0 0 0 0 0
"avoid" 0 0 0.0202040610162643 0 0 0 0 0.00976657876745776 0 0 0.0116427989288625 0 0 0.0117343346632246 0 0 0 0 0 0 0 0 0 0 0 0 0 0.0146391450739277 0
"award" 0 0 0 0 0 0 0 0 0 0.0363989322979859 0 0 0 0 0 0 0 0 0 0 0 0.0139684313451599 0 0 0 0 0.0365697568111172 0 0
"ax" 0 0 0 0 0 0 0 0 0 0 0.0116427989288625 0.0281425891181989 0 0 0 0.013197835554969 0.0223563603845294 0 0 0 0 0 0 0 0 0 0 0 0
"bacon" 0.0112334306897326 0 0 0 0 0 0 0 0 0 0.023285597857725 0 0 0 0 0 0 0 0 0.0511247443762781 0 0 0 0 0 0 0 0 0
"bags" 0 0 0 0.0118793062485151 0 0 0 0 0 0 0.0116427989288625 0 0 0 0 0.013197835554969 0 0.01170138076293 0 0 0 0 0 0 0 0.0103691414350892 0 0.0146391450739277 0
"baker" 0 0 0 0 0 0 0 0.00976657876745776 0 0 0 0 0 0 0 0 0 0 0 0 0 0 0 0 0 0.0311074243052675 0 0 0.0362976406533575
"bandage" 0 0 0 0 0 0 0 0 0 0 0 0 0 0 0 0 0 0 0.0298418382572366 0 0.0147666863555818 0 0.0189825360668185 0 0 0 0.0182848784055586 0 0
"bandages" 0 0 0 0 0 0 0 0 0 0 0 0 0 0 0 0 0 0 0.0497363970953944 0 0 0 0 0 0.0200642054574639 0 0 0 0
"bangalores" 0 0 0 0 0 0 0 0 0 0 0 0 0 0 0 0 0 0 0 0 0 0 0 0 0 0.0518457071754459 0 0.0146391450739277 0
"banner" 0.0337002920691979 0 0 0 0 0 0 0 0 0 0 0 0.0205317729185915 0 0 0 0 0 0 0 0 0.0139684313451599 0 0 0 0 0 0 0
"bay" 0 0 0.0202040610162643 0 0 0.0135538086202223 0 0 0 0 0.0116427989288625 0 0 0.0117343346632246 0 0 0 0 0 0 0 0 0 0 0 0 0.0182848784055586 0 0
"beast" 0 0 0 0 0.0272963013511669 0 0 0 0 0.024265954865324 0 0.00938086303939963 0.0102658864592958 0 0 0 0 0 0 0 0 0 0 0 0 0 0 0 0
"began" 0 0 0 0 0 0 0 0 0 0 0.0349283967865875 0.00938086303939963 0.0102658864592958 0 0 0 0 0 0 0 0 0 0 0 0 0 0 0.0146391450739277 0
"bell" 0 0 0 0.0118793062485151 0 0 0 0 0 0.012132977432662 0.0116427989288625 0 0 0 0 0 0 0 0 0 0 0 0 0 0 0.0207382828701783 0 0 0.0181488203266788
"blackburn" 0 0 0 0 0 0 0 0 0 0 0 0 0 0 0 0 0 0.0702082845775802 0 0 0 0 0 0 0 0 0 0 0
"blocks" 0 0 0 0 0 0.0135538086202223 0 0 0 0 0 0 0 0 0 0 0 0.0585069038146501 0 0 0 0 0 0 0 0 0 0 0
"bo" 0 0 0 0 0 0.0677690431011114 0 0 0 0 0 0 0 0 0 0 0 0 0 0.0170415814587594 0 0 0 0 0 0 0 0 0
"bold" 0 0 0.0101020305081321 0 0.0136481506755835 0 0 0 0 0 0 0 0 0.0352030039896738 0 0.013197835554969 0 0 0 0 0 0 0 0 0 0 0 0 0
"borrow" 0 0 0 0.0118793062485151 0 0 0 0 0 0.024265954865324 0 0 0 0 0 0.013197835554969 0 0 0 0.0170415814587594 0 0 0.0189825360668185 0 0 0 0 0 0
"boy^s" 0 0 0 0 0 0 0.0134553283100108 0 0.00849834282314949 0.012132977432662 0 0 0 0.0117343346632246 0.00852296940253985 0 0 0 0 0 0 0 0 0.0184229918938836 0 0 0 0 0
"brandy" 0 0 0 0 0 0 0 0.00976657876745776 0.0424917141157474 0 0 0 0 0 0 0 0 0 0 0 0 0 0 0 0 0 0 0 0
"bravely" 0 0 0 0 0.0682407533779173 0 0 0 0 0 0.0116427989288625 0 0 0 0 0 0 0 0 0 0 0 0 0 0 0 0 0 0
"breached" 0 0 0 0 0 0 0 0 0.00849834282314949 0 0 0.0375234521575985 0.0102658864592958 0 0 0 0 0 0 0 0 0 0 0 0 0 0 0 0
"bright" 0 0 0.0101020305081321 0 0 0 0 0 0 0 0 0.00938086303939963 0 0 0 0.013197835554969 0 0 0 0 0 0 0 0.0184229918938836 0 0.0207382828701783 0 0 0
"broad" 0 0 0 0 0 0 0 0.00976657876745776 0 0 0 0.00938086303939963 0 0 0 0 0 0 0.00994727941907888 0 0 0 0 0.0368459837877671 0 0 0 0 0.0181488203266788
"bucks" 0 0 0 0 0 0 0 0 0.00849834282314949 0 0 0 0 0 0 0 0 0 0 0 0 0 0 0 0.0200642054574639 0.0103691414350892 0 0.043917435221783 0
"burns" 0 0 0 0 0 0 0 0 0 0 0 0.0281425891181989 0 0 0 0.013197835554969 0 0 0 0 0 0 0 0.0184229918938836 0 0 0.0182848784055586 0 0
"button" 0 0 0 0 0 0.0135538086202223 0 0 0 0 0 0 0 0 0 0 0 0 0 0 0 0.0419052940354798 0 0 0 0 0.0182848784055586 0 0.0181488203266788
"bythe" 0 0 0.0101020305081321 0 0 0 0 0 0.0424917141157474 0 0 0 0 0 0 0 0 0 0 0 0 0 0 0 0 0 0 0 0
"cable" 0 0.018875047187618 0 0.0475172249940603 0 0 0 0 0.00849834282314949 0 0 0 0 0 0 0 0 0 0 0 0 0 0 0 0 0 0 0 0
"calculations" 0 0.0377500943752359 0.0202040610162643 0.0118793062485151 0 0 0 0 0 0.012132977432662 0 0 0 0 0 0 0 0 0 0 0 0 0 0 0 0 0 0 0
"calvert" 0 0 0 0 0 0 0 0 0.0509900569388969 0 0 0 0 0 0 0 0 0 0 0 0 0 0 0 0 0 0 0 0
"casa" 0 0 0 0 0 0 0 0 0 0 0 0 0 0 0 0 0 0 0 0 0 0 0 0 0 0 0 0 0.108892921960073
"casino" 0 0 0 0 0 0 0 0.0585994726047466 0 0 0 0 0 0 0 0 0 0 0 0 0 0 0 0 0 0 0 0 0
"chalks" 0 0 0 0 0 0 0 0 0 0 0 0 0 0 0 0 0 0.0702082845775802 0 0 0 0 0 0 0 0 0 0 0
"chances" 0.0112334306897326 0 0.0101020305081321 0 0 0 0 0 0 0 0 0.00938086303939963 0 0 0 0 0 0 0 0 0.0147666863555818 0 0 0 0.0200642054574639 0 0 0.0146391450739277 0
"changes" 0 0 0 0.0118793062485151 0 0 0 0 0 0 0 0 0.0102658864592958 0 0.00852296940253985 0 0 0.01170138076293 0 0 0 0 0 0 0 0.0103691414350892 0 0 0.0181488203266788
"channel" 0 0 0 0.0118793062485151 0 0 0 0 0 0 0 0 0 0 0 0.013197835554969 0 0 0 0 0 0 0 0.0184229918938836 0 0.0207382828701783 0 0.0146391450739277 0
"cheese" 0.0112334306897326 0 0 0 0 0 0 0 0 0 0.0116427989288625 0 0 0 0 0 0 0 0 0 0.0147666863555818 0 0 0.0184229918938836 0 0.0207382828701783 0 0 0
"chicken" 0 0 0 0 0.0272963013511669 0 0 0 0 0 0.0116427989288625 0.0187617260787993 0 0 0 0 0 0 0 0 0 0.0139684313451599 0 0 0 0 0 0 0
"clicks" 0 0 0 0 0 0 0 0 0 0 0 0 0 0 0 0 0 0 0 0 0 0 0 0 0 0.0103691414350892 0 0.0585565802957107 0.0181488203266788
"commandeer" 0 0 0 0 0 0.0135538086202223 0 0 0 0 0 0 0 0.058671673316123 0 0 0 0 0 0 0 0 0 0 0 0 0 0 0
"common" 0 0 0 0.0118793062485151 0 0 0 0 0 0.012132977432662 0.0116427989288625 0 0 0 0 0 0 0.0234027615258601 0 0 0 0 0 0 0 0 0.0182848784055586 0 0
"confidence" 0 0 0 0.0118793062485151 0 0 0 0.00976657876745776 0 0 0 0 0 0 0 0.013197835554969 0 0 0.0298418382572366 0 0 0 0 0 0 0 0 0 0
"confused" 0.0112334306897326 0 0 0 0 0 0 0 0 0 0 0 0 0 0.0170459388050797 0.013197835554969 0 0 0 0 0.0147666863555818 0 0 0 0 0 0 0.0146391450739277 0
"connie" 0 0 0 0 0 0 0 0.0585994726047466 0 0 0 0 0 0 0 0 0 0 0 0 0 0 0 0 0 0 0 0 0
"cook" 0 0 0 0 0 0 0 0.00976657876745776 0 0.012132977432662 0.0116427989288625 0 0 0 0 0.013197835554969 0 0 0 0 0.0147666863555818 0 0 0.0184229918938836 0 0 0 0 0
"cotton" 0 0 0 0.0118793062485151 0 0 0 0 0 0 0 0 0.0102658864592958 0.0469373386528984 0 0 0 0 0 0 0 0 0 0 0 0 0 0 0
"could^ve" 0 0 0 0.0118793062485151 0 0.0271076172404446 0 0 0 0 0 0 0.0102658864592958 0 0 0 0 0 0 0 0 0 0 0.0184229918938836 0 0 0.0182848784055586 0 0
"counting" 0 0 0 0 0.0136481506755835 0.0271076172404446 0 0.00976657876745776 0 0 0 0 0 0 0 0 0 0 0 0 0 0 0 0 0.0401284109149278 0 0 0 0
"created" 0 0 0.0101020305081321 0 0 0 0.0134553283100108 0 0.00849834282314949 0 0 0 0 0 0.00852296940253985 0 0 0 0 0 0 0 0 0 0.0401284109149278 0 0 0 0
"cruel" 0 0 0 0 0.0272963013511669 0 0.0134553283100108 0 0 0 0 0.00938086303939963 0 0 0 0.013197835554969 0 0.01170138076293 0 0 0 0 0 0 0 0 0 0 0
"cutting" 0 0 0 0.0118793062485151 0 0.0406614258606668 0 0 0 0 0.0116427989288625 0 0 0 0 0 0 0 0 0 0 0 0 0 0 0 0 0.0146391450739277 0
"d-day" 0 0 0 0 0 0 0 0 0 0 0 0 0 0 0 0 0 0 0.00994727941907888 0 0.073833431777909 0 0 0 0 0 0 0 0
"daniels" 0 0 0 0 0 0 0 0 0 0 0 0 0 0 0 0 0 0 0 0 0 0 0 0 0.120385232744783 0 0 0 0
"defending" 0 0 0 0 0 0.0135538086202223 0 0 0 0.012132977432662 0 0.00938086303939963 0.0102658864592958 0 0 0 0 0.01170138076293 0 0 0 0 0 0 0 0 0.0182848784055586 0 0
"demand" 0 0 0.0101020305081321 0 0.0272963013511669 0 0 0 0 0.012132977432662 0 0 0 0 0 0 0 0 0 0 0 0 0 0 0 0 0.0365697568111172 0 0
"deny" 0 0 0 0 0 0 0 0 0.00849834282314949 0 0.0116427989288625 0.00938086303939963 0.0205317729185915 0 0 0 0 0 0.00994727941907888 0 0 0 0 0 0 0 0 0 0
"device" 0.0112334306897326 0 0 0.0118793062485151 0 0.0135538086202223 0 0 0 0 0 0.0187617260787993 0.0102658864592958 0 0 0 0 0 0 0 0 0 0 0 0 0 0 0 0
"disappeared" 0 0 0.0101020305081321 0 0 0 0 0 0.016996685646299 0 0.0116427989288625 0 0 0 0 0.013197835554969 0 0 0 0 0 0 0 0 0 0 0 0 0.0181488203266788
"discipline" 0 0 0 0 0 0 0 0 0 0 0 0 0 0 0 0 0 0 0.00994727941907888 0 0.0295333727111636 0 0.0379650721336371 0 0 0 0.0182848784055586 0 0
"dress" 0 0 0 0 0.0136481506755835 0 0 0.00976657876745776 0.016996685646299 0 0 0 0 0.0117343346632246 0 0 0 0 0 0 0.0147666863555818 0 0 0 0 0 0 0 0
"drugs" 0 0 0 0 0 0 0 0.0488328938372888 0 0 0 0 0 0 0 0 0.0223563603845294 0 0 0 0 0 0 0 0 0 0 0 0
"dukeman" 0 0 0 0 0 0 0 0 0 0 0 0 0 0 0 0 0 0 0 0.0852079072937969 0.0147666863555818 0 0 0 0 0 0 0 0
"dump" 0 0 0 0 0 0 0 0 0 0 0 0 0 0 0.00852296940253985 0 0 0.01170138076293 0.00994727941907888 0.0170415814587594 0 0.0139684313451599 0 0 0.0200642054574639 0 0 0 0
"durant" 0 0 0 0 0 0 0 0 0 0 0 0 0 0 0 0 0 0.0702082845775802 0 0 0 0 0 0 0 0 0 0 0
"earn" 0 0 0 0 0 0 0 0 0 0.012132977432662 0 0 0 0.0117343346632246 0 0 0 0.01170138076293 0 0 0 0 0 0 0 0.0311074243052675 0 0 0
"edoras" 0 0 0 0 0 0 0 0 0 0 0 0.0469043151969981 0.0102658864592958 0 0 0 0 0 0 0 0 0 0 0 0 0 0 0 0
"edward" 0 0 0 0 0 0 0 0 0 0 0 0 0 0 0 0 0 0 0.0596836765144733 0 0 0 0 0 0 0 0 0 0
"embrace" 0 0 0 0 0 0 0.0538213132400431 0 0 0 0.023285597857725 0 0 0 0 0 0 0 0 0 0 0 0 0 0 0 0 0 0
"entered" 0.0112334306897326 0 0.0101020305081321 0 0.0136481506755835 0 0.0134553283100108 0 0 0 0.0116427989288625 0.00938086303939963 0 0 0 0 0 0 0 0 0 0 0 0 0 0 0 0 0
"entirely" 0 0.0377500943752359 0 0 0 0 0 0 0 0 0.0116427989288625 0 0 0.0117343346632246 0 0.013197835554969 0 0.01170138076293 0 0 0 0 0 0 0 0 0 0 0
"europe" 0 0 0 0 0 0 0 0 0 0 0 0 0 0 0 0 0 0 0.00994727941907888 0 0 0 0.0379650721336371 0.0184229918938836 0.0200642054574639 0 0 0.0146391450739277 0
"eve" 0 0 0 0 0 0 0 0 0 0 0.0116427989288625 0 0.0205317729185915 0 0 0 0 0 0.00994727941907888 0 0 0.0139684313451599 0 0 0 0 0 0.0146391450739277 0
"existence" 0.0112334306897326 0 0 0.0237586124970302 0 0 0 0 0.00849834282314949 0.012132977432662 0.0116427989288625 0 0 0 0 0 0 0 0 0 0 0 0 0 0 0 0 0 0
"extraordinary" 0 0 0 0 0 0 0 0 0.0254950284694485 0.012132977432662 0.0116427989288625 0 0 0 0 0 0 0 0 0 0 0 0 0 0 0 0 0.0146391450739277 0
"fabrizio" 0 0 0 0 0 0 0 0.0195331575349155 0.0339933712925979 0 0 0 0 0 0 0 0 0 0 0 0 0 0 0 0 0 0 0 0
"failing" 0.0224668613794653 0 0 0 0 0 0 0 0 0 0.023285597857725 0.00938086303939963 0.0102658864592958 0 0 0 0 0 0 0 0 0 0 0 0 0 0 0 0
"feelings" 0 0 0.0202040610162643 0 0 0 0 0 0 0 0 0.0281425891181989 0 0 0 0 0 0 0 0 0 0 0 0 0 0 0.0182848784055586 0 0
"fellowship" 0 0 0 0 0 0 0 0 0 0 0.0349283967865875 0 0.0307976593778873 0 0 0 0 0 0 0 0 0 0 0 0 0 0 0 0
"fields" 0 0 0 0 0 0 0.0134553283100108 0.00976657876745776 0 0 0.0116427989288625 0 0.0102658864592958 0 0 0 0 0 0 0 0.0295333727111636 0 0 0 0 0 0 0 0
"finds" 0.0112334306897326 0 0 0 0.0136481506755835 0 0 0 0 0 0 0.00938086303939963 0 0 0.0170459388050797 0 0.0223563603845294 0 0 0 0 0 0 0 0 0 0 0 0
"first-class" 0 0 0.0101020305081321 0 0 0 0 0 0.0424917141157474 0 0 0 0 0 0 0 0 0 0 0 0 0 0 0 0 0 0 0 0
"fleet" 0 0 0.0101020305081321 0 0 0 0 0 0 0 0 0 0.0102658864592958 0.0234686693264492 0 0 0 0 0 0 0 0 0 0.0184229918938836 0 0 0 0.0146391450739277 0
"flooded" 0 0 0 0 0 0 0 0 0.00849834282314949 0 0 0 0 0 0 0 0 0 0 0 0.0295333727111636 0 0 0 0 0 0 0.043917435221783 0
"fontane" 0 0 0 0 0 0 0 0.0585994726047466 0 0 0 0 0 0 0 0 0 0 0 0 0 0 0 0 0 0 0 0 0
"formation" 0 0 0.0202040610162643 0 0 0 0.0269106566200215 0 0 0 0 0 0 0 0 0 0 0 0.00994727941907888 0 0 0 0 0 0 0.0103691414350892 0 0 0
"fox" 0 0 0 0 0 0 0 0 0 0 0.0116427989288625 0 0 0 0 0 0 0 0 0 0.0590667454223272 0 0 0 0 0.0103691414350892 0 0 0
"fritz" 0 0 0 0 0 0 0 0 0 0 0 0 0 0 0 0 0 0 0 0 0 0 0 0 0 0 0.109709270433352 0 0
"frog" 0 0 0 0 0 0.0135538086202223 0 0 0 0 0 0 0 0 0 0 0 0 0 0.0170415814587594 0 0 0 0 0 0 0 0 0.0725952813067151
"fuehrer" 0 0.113250283125708 0 0 0 0 0 0 0 0 0 0 0 0 0 0 0 0 0 0 0 0 0 0 0 0 0 0 0
"fully" 0 0 0.0101020305081321 0 0 0 0 0 0 0 0.0116427989288625 0 0.0102658864592958 0 0.0255689082076195 0 0 0 0 0 0 0 0 0 0 0 0 0 0
"g" 0 0 0 0 0 0 0 0.0292997363023733 0 0 0 0 0 0 0 0 0 0 0 0 0 0 0 0 0.0200642054574639 0 0.0365697568111172 0 0
"gambling" 0 0 0 0 0 0 0 0.039066315069831 0 0 0 0 0 0 0 0 0 0 0 0.0340831629175187 0 0 0 0 0 0 0 0 0
"garbage" 0.0112334306897326 0 0.0505101525406607 0 0 0 0 0 0 0 0 0 0 0 0 0 0 0 0 0 0 0 0 0 0 0 0 0 0
"garden" 0 0 0 0 0 0 0.0134553283100108 0 0 0 0 0 0 0 0 0 0 0 0 0.0340831629175187 0 0.0139684313451599 0 0.0184229918938836 0.0200642054574639 0 0 0 0
"gathering" 0 0 0 0 0 0 0 0 0 0 0.0116427989288625 0.0375234521575985 0 0 0 0 0 0 0 0 0 0 0 0 0 0.0103691414350892 0 0 0
"generate" 0 0 0.0101020305081321 0.0475172249940603 0 0 0 0 0 0 0 0 0 0 0.00852296940253985 0 0 0 0 0 0 0 0 0 0 0 0 0 0
"genius" 0.0112334306897326 0 0 0 0 0.0271076172404446 0 0 0 0 0 0 0 0 0 0 0 0 0 0 0.0147666863555818 0 0 0 0 0.0207382828701783 0 0 0
"gentleman" 0 0 0 0 0 0 0 0 0.016996685646299 0 0 0 0 0.0352030039896738 0 0 0 0 0 0 0 0 0 0.0184229918938836 0 0 0 0 0
"ghost" 0 0 0 0 0 0 0 0.00976657876745776 0.00849834282314949 0 0 0 0 0.0234686693264492 0 0.026395671109938 0 0 0 0 0 0 0 0 0 0 0 0 0
"goddamned" 0 0 0 0 0 0 0 0 0.0424917141157474 0 0 0 0 0 0 0.013197835554969 0 0 0 0 0 0 0 0 0 0 0 0 0
"goodness" 0 0 0.0101020305081321 0 0 0.0135538086202223 0 0 0 0.012132977432662 0 0.00938086303939963 0 0 0 0 0 0 0 0.0170415814587594 0 0 0 0 0 0.0103691414350892 0 0 0
"gook" 0 0 0 0 0 0 0 0 0 0 0 0 0 0 0 0 0 0 0 0 0 0.0698421567257997 0 0 0.0200642054574639 0 0 0 0
"gravity" 0 0 0 0.0118793062485151 0 0 0 0 0 0 0 0 0 0 0.0426148470126992 0 0 0 0 0 0 0 0 0 0 0 0 0 0
"gripe" 0 0 0 0 0 0 0 0 0 0 0 0 0 0 0 0 0 0 0 0 0 0 0 0 0 0.062214848610535 0 0 0
"guarantee" 0 0 0 0.0118793062485151 0 0 0 0.0292997363023733 0 0 0 0 0 0 0.0170459388050797 0 0 0 0 0 0 0 0 0 0 0 0 0 0
"halls" 0 0 0 0 0 0 0 0 0 0 0.0116427989288625 0.0187617260787993 0.0307976593778873 0 0 0 0 0 0 0 0 0 0 0 0 0 0 0 0
"handsome" 0.0112334306897326 0 0 0 0.0272963013511669 0 0 0 0 0 0 0 0 0 0 0 0 0 0 0 0 0 0 0.0184229918938836 0 0 0.0182848784055586 0 0.0181488203266788
"hannah" 0 0 0 0 0 0.0813228517213337 0 0 0 0 0 0 0 0 0 0 0 0 0 0 0 0 0 0 0 0 0 0 0
"haste" 0 0 0 0 0.0136481506755835 0 0 0 0 0 0 0.00938086303939963 0.0307976593778873 0 0 0 0 0 0 0 0 0 0 0 0 0.0103691414350892 0 0 0
"haul" 0 0 0 0 0 0 0 0 0 0 0 0 0 0.0352030039896738 0 0 0.0223563603845294 0.01170138076293 0 0 0 0 0 0 0 0.0103691414350892 0 0 0
"hearing" 0 0 0 0 0 0 0 0.00976657876745776 0 0 0 0 0 0 0.00852296940253985 0 0 0 0 0 0.0443000590667454 0 0 0 0 0 0 0.0146391450739277 0
"heh" 0 0 0 0 0 0.0542152344808891 0 0 0 0 0 0 0 0 0 0 0 0 0 0 0 0 0.0189825360668185 0 0.0200642054574639 0 0 0 0
"helping" 0.0224668613794653 0 0 0 0 0 0 0.00976657876745776 0 0.012132977432662 0 0 0 0 0 0 0 0 0 0 0 0.0279368626903199 0 0 0 0 0 0 0
"herr" 0 0.0377500943752359 0 0 0 0 0 0 0 0 0 0 0 0 0 0 0 0 0 0 0 0 0 0 0 0 0.0731395136222344 0 0
"higher" 0 0 0 0 0.0136481506755835 0 0 0 0 0 0 0.00938086303939963 0 0 0 0 0 0 0.00994727941907888 0 0 0 0 0 0 0.0103691414350892 0 0.0292782901478554 0
"hinkle" 0 0 0 0 0 0 0 0 0 0 0 0 0 0 0 0 0 0 0.0596836765144733 0 0 0 0 0 0 0 0 0 0
"holds" 0.0112334306897326 0 0 0 0 0 0 0 0.00849834282314949 0 0.0116427989288625 0 0 0.0234686693264492 0 0 0 0 0 0 0 0 0 0.0184229918938836 0 0 0 0 0
"honestly" 0 0 0 0 0 0.0135538086202223 0 0 0 0.024265954865324 0 0 0 0.0117343346632246 0 0.013197835554969 0 0 0.00994727941907888 0 0 0 0 0 0 0 0 0 0
"hoo-ah" 0 0 0 0 0 0 0 0 0 0 0 0 0 0 0 0 0 0.0702082845775802 0 0 0 0 0 0 0 0 0 0 0
"hoob" 0 0 0 0 0 0 0 0 0 0 0 0 0 0 0 0 0 0 0.0497363970953944 0.0170415814587594 0 0 0 0 0 0 0 0 0
"humble" 0.0112334306897326 0 0 0 0.0136481506755835 0 0 0 0 0 0 0.00938086303939963 0 0.0117343346632246 0 0 0 0 0 0 0 0 0 0.0184229918938836 0 0 0.0182848784055586 0 0
"ill" 0 0 0 0 0.0136481506755835 0 0 0 0 0.012132977432662 0.023285597857725 0 0.0102658864592958 0 0 0.013197835554969 0 0 0 0 0 0 0 0 0 0 0 0 0
"including" 0.0112334306897326 0 0 0 0 0 0 0 0 0 0 0 0 0 0 0 0 0.01170138076293 0 0.0170415814587594 0.0147666863555818 0.0139684313451599 0 0 0 0.0103691414350892 0 0 0
"individual" 0 0 0 0 0 0 0 0.00976657876745776 0 0 0 0 0 0 0 0.013197835554969 0.0223563603845294 0 0 0 0 0 0 0 0.0200642054574639 0 0 0 0.0362976406533575
"individuals" 0 0 0 0 0 0 0 0 0 0 0 0 0 0 0 0 0 0 0 0 0 0.0279368626903199 0 0 0 0 0 0 0.0725952813067151
"insist" 0 0.018875047187618 0 0 0 0 0 0.0292997363023733 0.00849834282314949 0.012132977432662 0 0 0 0 0 0 0 0 0 0 0 0 0 0 0 0 0 0 0
"insurance" 0 0 0 0.0356379187455453 0 0 0 0 0.016996685646299 0 0 0 0 0 0 0.013197835554969 0 0 0 0 0 0 0 0 0 0 0 0 0
"interceptor" 0 0 0 0 0 0 0 0 0 0 0 0 0 0.0704060079793476 0 0 0 0 0 0 0 0 0 0 0 0 0 0 0
"interest" 0 0.018875047187618 0.0101020305081321 0 0 0 0 0.0195331575349155 0.00849834282314949 0 0 0 0 0 0 0.013197835554969 0 0 0 0 0 0 0 0 0 0 0 0 0
"irene" 0 0 0 0 0 0 0 0 0 0 0 0 0 0 0 0 0 0.0702082845775802 0 0 0 0 0 0 0 0 0 0 0
"it^s-" 0 0 0 0 0 0.0813228517213337 0 0 0 0 0 0 0 0 0 0 0 0 0 0 0 0 0 0 0 0 0 0 0
"italian" 0 0 0 0 0 0 0 0.039066315069831 0 0 0 0 0 0 0 0 0 0 0 0 0 0.0139684313451599 0 0 0 0 0.0182848784055586 0 0
"item" 0 0 0 0 0 0.0135538086202223 0 0 0 0 0 0 0 0 0 0 0 0 0.0298418382572366 0 0.0147666863555818 0 0 0 0.0200642054574639 0 0 0 0
"january" 0 0 0 0 0 0 0 0 0 0 0 0 0 0 0 0 0 0 0.0397891176763155 0 0 0.0139684313451599 0 0 0 0 0.0182848784055586 0 0
"jawohl" 0 0 0 0 0 0 0 0 0 0 0 0 0 0 0 0 0 0 0 0 0 0 0 0 0 0 0.109709270433352 0 0
"jelly" 0.0112334306897326 0 0 0 0 0 0 0 0 0 0.0116427989288625 0 0 0 0 0 0 0 0 0 0 0.0558737253806398 0 0 0 0 0 0 0
"k" 0 0 0 0 0 0 0 0 0 0 0 0 0 0 0 0 0 0.0234027615258601 0 0 0 0 0 0 0.0802568218298555 0 0 0 0
"kills" 0 0 0 0 0 0 0.0134553283100108 0 0 0 0 0 0 0 0 0 0 0.0234027615258601 0 0 0 0.0279368626903199 0 0 0 0 0.0182848784055586 0 0
"kinds" 0 0.018875047187618 0 0 0 0 0 0.00976657876745776 0 0.012132977432662 0 0 0 0 0 0.013197835554969 0 0 0.00994727941907888 0 0 0 0 0 0 0 0 0.0146391450739277 0
"l^d" 0 0 0 0 0 0 0 0 0 0 0 0 0 0 0 0 0.134138162307176 0 0 0 0 0 0 0 0 0 0 0 0
"lake" 0 0 0 0.0356379187455453 0.0136481506755835 0 0 0 0.00849834282314949 0 0.0116427989288625 0 0 0 0 0 0 0 0 0 0 0 0 0 0 0 0 0 0
"latest" 0.0224668613794653 0 0 0.0118793062485151 0 0 0 0 0 0 0 0 0 0.0117343346632246 0 0 0 0 0 0 0 0 0 0 0.0200642054574639 0 0 0.0146391450739277 0
"leaf" 0 0 0 0 0 0.0135538086202223 0 0 0 0 0.0116427989288625 0.00938086303939963 0.0205317729185915 0 0 0 0 0 0.00994727941907888 0 0 0 0 0 0 0 0 0 0
"lean" 0 0 0 0 0 0.0271076172404446 0.0134553283100108 0 0 0.012132977432662 0.0116427989288625 0 0 0 0 0 0 0 0 0 0 0.0139684313451599 0 0 0 0 0 0 0
"leap" 0 0 0 0 0.0409444520267504 0 0 0 0 0 0 0 0 0 0.0255689082076195 0 0 0 0 0 0 0 0 0 0 0 0 0 0
"lets" 0 0 0 0 0 0 0 0 0.00849834282314949 0 0 0.00938086303939963 0 0 0.00852296940253985 0 0 0 0 0 0 0.0139684313451599 0 0 0 0.0103691414350892 0.0182848784055586 0 0
"liebgott" 0 0 0 0 0 0 0 0 0 0 0 0 0 0 0 0 0 0 0.0298418382572366 0.0170415814587594 0.0295333727111636 0 0 0 0 0 0 0 0
"lied" 0.0112334306897326 0 0.0202040610162643 0 0 0 0.0134553283100108 0 0 0 0 0 0.0102658864592958 0.0117343346632246 0 0 0 0 0 0 0 0 0 0 0 0 0 0 0
"lighter" 0 0 0 0 0 0 0 0 0 0 0 0 0 0 0 0 0 0 0 0 0 0 0.113895216400911 0 0 0 0 0 0
"limbo" 0 0 0 0 0 0 0 0 0 0 0 0 0 0 0.0511378164152391 0 0 0 0 0 0 0 0 0 0 0 0 0 0
"london" 0 0 0 0 0 0 0 0 0 0.012132977432662 0 0 0 0.0234686693264492 0 0 0 0 0 0.0170415814587594 0 0 0.0189825360668185 0.0184229918938836 0 0 0 0 0
"longbottom" 0 0 0 0 0 0 0 0 0 0.0485319097306479 0 0 0.0205317729185915 0 0 0 0 0 0 0 0 0 0 0 0 0 0 0 0
"loosen" 0 0 0.0101020305081321 0 0 0 0 0.00976657876745776 0 0 0 0 0 0 0 0 0 0 0.0198945588381578 0 0 0 0.0379650721336371 0 0 0 0 0 0
"luftwaffe" 0 0 0 0 0 0 0 0 0 0 0 0 0 0 0 0 0 0 0.00994727941907888 0.0170415814587594 0 0 0.0759301442672741 0 0 0 0 0 0
"lunch" 0 0 0 0 0 0.0677690431011114 0 0 0 0 0 0 0 0 0 0.013197835554969 0 0 0 0 0 0 0 0 0 0 0 0 0
"maggots" 0 0 0 0 0 0 0 0 0 0 0 0 0.0205317729185915 0 0 0 0 0 0 0 0 0.0558737253806398 0 0 0 0 0 0 0
"magnificent" 0.0337002920691979 0 0 0 0 0 0.0269106566200215 0 0 0 0 0 0 0 0 0 0 0 0 0 0 0.0139684313451599 0 0 0 0 0 0 0
"mall" 0 0 0 0.0593965312425754 0 0 0 0.00976657876745776 0 0 0 0 0 0 0 0 0 0 0 0 0 0 0 0 0 0 0 0 0
"manage" 0 0 0 0 0 0 0 0 0.00849834282314949 0 0 0.00938086303939963 0.0205317729185915 0 0 0.026395671109938 0 0 0 0 0 0 0 0 0 0 0 0 0
"markings" 0 0.0566251415628539 0.0101020305081321 0 0 0 0 0 0 0 0.023285597857725 0 0 0 0 0 0 0 0 0 0 0 0 0 0 0 0 0 0
"melt" 0.0112334306897326 0 0.0101020305081321 0.0118793062485151 0 0.0135538086202223 0 0 0 0 0 0 0 0 0 0 0 0 0 0 0 0 0.0189825360668185 0 0 0 0.0182848784055586 0 0
"meyour" 0 0 0 0 0 0 0 0 0.0509900569388969 0 0 0 0 0 0 0 0 0 0 0 0 0 0 0 0 0 0 0 0
"mg-" 0 0 0 0 0 0 0 0 0 0 0 0 0 0 0 0 0 0 0 0.0170415814587594 0.0443000590667454 0 0 0 0 0.0207382828701783 0 0 0
"militia" 0 0 0 0 0 0 0 0 0 0 0 0 0 0 0 0 0 0.0702082845775802 0 0 0 0 0 0 0 0 0 0 0
"miserable" 0 0 0 0 0.0136481506755835 0 0.0134553283100108 0 0 0.012132977432662 0 0 0.0102658864592958 0 0 0.013197835554969 0 0 0 0 0 0 0 0 0 0 0.0182848784055586 0 0
"mixed" 0.0112334306897326 0 0 0 0 0 0 0.039066315069831 0 0 0 0 0 0 0 0 0 0 0 0 0 0 0 0 0 0.0103691414350892 0 0 0
"mm-hmm" 0 0 0 0 0 0.0135538086202223 0 0 0.016996685646299 0 0 0 0 0 0 0 0 0 0 0 0 0 0 0.0184229918938836 0 0 0 0 0.0362976406533575
"molly" 0 0 0 0 0 0.0542152344808891 0 0 0.016996685646299 0 0 0 0 0 0 0 0 0 0 0 0 0 0 0 0 0 0 0 0
"mood" 0 0 0 0 0 0 0 0 0 0 0 0 0 0.0117343346632246 0 0.013197835554969 0 0 0.00994727941907888 0.0170415814587594 0 0 0 0.0368459837877671 0 0 0 0 0
"morgul" 0 0 0 0 0 0 0 0 0 0 0.023285597857725 0.0187617260787993 0.0205317729185915 0 0 0 0 0 0 0 0 0 0 0 0 0 0 0 0
"mostly" 0 0 0 0.0118793062485151 0 0 0 0 0 0 0 0 0 0.0117343346632246 0 0.013197835554969 0 0 0.00994727941907888 0.0170415814587594 0 0 0 0.0184229918938836 0 0 0 0 0
"murdered" 0.0112334306897326 0 0.0101020305081321 0 0 0 0.0269106566200215 0 0 0 0 0 0 0 0 0 0 0 0 0 0 0 0 0 0 0 0 0.0292782901478554 0
"nights" 0 0 0 0 0 0 0 0 0 0 0 0.00938086303939963 0 0.0117343346632246 0 0 0 0 0 0.0170415814587594 0.0147666863555818 0 0 0 0 0.0207382828701783 0 0 0
"nix" 0 0 0 0 0 0 0 0 0 0 0 0 0 0 0 0 0 0 0.00994727941907888 0.0511247443762781 0.0295333727111636 0 0 0 0 0 0 0 0
"norrington" 0 0 0 0 0 0 0 0 0 0 0 0 0 0.0704060079793476 0 0 0 0 0 0 0 0 0 0 0 0 0 0 0
"norris" 0 0 0 0 0 0 0 0 0 0 0 0 0 0 0 0 0.134138162307176 0 0 0 0 0 0 0 0 0 0 0 0
"norway" 0 0 0 0 0 0 0 0 0 0 0 0 0 0 0 0 0.0223563603845294 0 0 0 0 0 0.0759301442672741 0 0 0 0 0.0146391450739277 0
"ofyour" 0 0 0 0 0 0 0 0 0.0509900569388969 0 0 0 0 0 0 0 0 0 0 0 0 0 0 0 0 0 0 0 0
"omer" 0 0 0 0 0 0 0 0 0 0 0 0.0469043151969981 0.0102658864592958 0 0 0 0 0 0 0 0 0 0 0 0 0 0 0 0
"opinion" 0 0 0 0 0 0 0 0 0 0.024265954865324 0.0116427989288625 0 0 0.0117343346632246 0 0 0 0 0 0 0 0 0 0 0 0.0103691414350892 0.0182848784055586 0 0
"orcses" 0 0 0 0 0 0 0 0 0 0 0 0.0281425891181989 0.0307976593778873 0 0 0 0 0 0 0 0 0 0 0 0 0 0 0 0
"ordered" 0 0 0 0 0 0 0.0134553283100108 0 0.00849834282314949 0 0 0 0 0 0 0 0 0.01170138076293 0 0 0 0.0139684313451599 0 0 0 0 0.0182848784055586 0.0146391450739277 0
"osgiliath" 0 0 0 0 0 0 0 0 0 0 0 0.0281425891181989 0.0307976593778873 0 0 0 0 0 0 0 0 0 0 0 0 0 0 0 0
"outer" 0 0 0.0202040610162643 0 0 0 0 0 0 0 0 0.0187617260787993 0.0102658864592958 0 0 0 0.0223563603845294 0 0 0 0 0 0 0 0 0 0 0 0
"outstanding" 0 0 0 0 0 0 0 0 0 0.012132977432662 0 0 0 0 0 0 0 0 0.00994727941907888 0 0 0.0558737253806398 0 0 0 0 0 0 0
"overrun" 0 0 0.0101020305081321 0 0 0 0 0 0 0 0 0.00938086303939963 0.0102658864592958 0 0 0 0 0 0 0 0 0.0279368626903199 0 0 0 0 0 0.0146391450739277 0
"owe" 0.0112334306897326 0 0 0 0 0 0 0.0195331575349155 0 0 0.0116427989288625 0 0.0102658864592958 0 0 0 0 0 0 0 0 0.0139684313451599 0 0 0 0 0 0 0
"pa" 0 0 0 0.0356379187455453 0 0 0 0.00976657876745776 0 0 0 0 0 0 0 0 0 0.01170138076293 0 0 0 0 0 0 0.0200642054574639 0 0 0 0
"packs" 0 0 0 0 0 0 0 0 0 0 0 0 0 0 0 0 0 0 0 0.0511247443762781 0 0 0 0 0 0 0 0.0146391450739277 0.0362976406533575
"panzer" 0 0 0 0 0 0 0 0 0 0 0 0 0 0 0 0 0 0 0.00994727941907888 0.0340831629175187 0 0 0 0 0 0.0207382828701783 0 0.0146391450739277 0
"patient" 0 0.018875047187618 0.0101020305081321 0 0 0.0271076172404446 0 0.0195331575349155 0 0 0 0 0 0 0 0 0 0 0 0 0 0 0 0 0 0 0 0 0
"phillips" 0 0 0 0 0 0.0271076172404446 0 0 0 0 0 0 0 0 0 0 0 0 0 0 0 0 0 0.0552689756816507 0.0200642054574639 0 0 0 0
"philosopher^s" 0 0 0 0 0 0 0 0 0 0.0727978645959718 0 0 0 0 0 0 0 0 0 0 0 0 0 0 0 0 0 0 0
"pictures" 0 0.018875047187618 0 0 0 0 0 0.00976657876745776 0.00849834282314949 0 0 0 0 0 0 0.013197835554969 0 0 0 0 0 0 0 0 0.0401284109149278 0 0 0 0
"pissing" 0 0 0 0 0.0136481506755835 0 0 0 0 0 0 0 0 0 0 0 0 0 0.0198945588381578 0 0 0 0.0189825360668185 0 0.0200642054574639 0 0.0182848784055586 0 0
"planning" 0 0 0 0.0118793062485151 0 0 0 0 0.00849834282314949 0 0 0 0 0.0117343346632246 0 0 0 0 0.00994727941907888 0 0 0 0.0189825360668185 0.0184229918938836 0 0 0 0 0
"positive" 0 0 0 0 0 0.0135538086202223 0 0 0 0 0 0 0 0 0.0255689082076195 0 0 0 0 0 0 0 0 0 0 0 0 0.0292782901478554 0
"press" 0 0 0 0 0 0 0 0.00976657876745776 0.00849834282314949 0.012132977432662 0 0 0 0.0117343346632246 0 0 0 0 0 0 0 0.0139684313451599 0 0 0 0 0 0.0146391450739277 0
"pride" 0 0 0 0 0 0 0 0 0 0 0.0116427989288625 0 0 0.0234686693264492 0 0 0 0 0 0 0 0 0 0.0184229918938836 0 0.0207382828701783 0 0 0
"prize" 0.0112334306897326 0.0377500943752359 0 0 0 0 0 0 0 0 0 0.00938086303939963 0 0 0 0 0.0223563603845294 0 0 0 0 0 0 0 0 0.0103691414350892 0 0 0
"projection" 0 0 0 0 0 0 0 0 0 0 0 0 0 0 0.0511378164152391 0 0 0 0 0 0 0 0 0 0 0 0 0 0
"promises" 0.0112334306897326 0.018875047187618 0 0 0 0 0 0.00976657876745776 0 0.012132977432662 0 0.00938086303939963 0 0 0 0 0 0.01170138076293 0 0 0 0 0 0 0 0 0 0 0
"property" 0 0 0.0202040610162643 0 0 0 0 0 0.016996685646299 0 0 0 0 0 0 0 0 0 0 0.0340831629175187 0 0 0 0 0 0 0 0 0
"purple" 0 0 0 0.0118793062485151 0 0 0 0.0195331575349155 0 0 0 0 0 0 0 0 0 0 0.00994727941907888 0 0.0295333727111636 0 0 0 0 0 0 0 0
"pussy" 0 0 0 0 0.0136481506755835 0 0 0 0 0 0 0 0 0 0 0 0 0 0 0 0 0.0419052940354798 0 0 0 0 0.0365697568111172 0 0
"queen" 0 0 0 0 0 0 0.0134553283100108 0 0 0.024265954865324 0.0116427989288625 0 0 0 0 0 0 0.01170138076293 0 0 0 0.0139684313451599 0 0 0 0 0 0 0
"raised" 0 0.018875047187618 0 0 0.0136481506755835 0 0 0.00976657876745776 0 0 0.0116427989288625 0.00938086303939963 0 0.0117343346632246 0 0 0 0 0 0 0 0 0 0 0 0 0 0 0
"rally" 0 0 0 0 0 0 0 0 0 0 0 0 0.0102658864592958 0 0 0 0 0.0234027615258601 0 0 0 0 0 0 0.0200642054574639 0.0207382828701783 0 0 0
"reasonable" 0 0.0377500943752359 0.0101020305081321 0 0.0136481506755835 0 0 0.0195331575349155 0 0 0 0 0 0 0 0 0 0 0 0 0 0 0 0 0 0 0 0 0
"received" 0 0 0.0101020305081321 0 0 0 0 0 0 0.012132977432662 0 0 0 0 0 0 0 0 0.0198945588381578 0 0 0 0.0189825360668185 0 0 0.0103691414350892 0 0 0
"recover" 0 0 0 0 0.0136481506755835 0 0 0 0 0 0.0349283967865875 0 0 0 0 0 0 0 0 0 0 0 0 0 0.0200642054574639 0 0.0182848784055586 0 0
"relief" 0 0 0 0 0 0 0 0 0 0 0 0 0 0.0117343346632246 0 0 0 0 0.0198945588381578 0 0 0 0 0 0 0.0311074243052675 0 0 0
"remembered" 0 0 0.0101020305081321 0 0.0136481506755835 0 0.0134553283100108 0 0 0.012132977432662 0.0116427989288625 0 0.0102658864592958 0 0 0 0 0 0 0 0 0 0 0 0 0 0 0 0
"rendezvous" 0.0112334306897326 0 0.0101020305081321 0 0 0.0271076172404446 0 0 0 0 0 0 0 0 0 0 0 0 0 0.0170415814587594 0 0 0 0.0184229918938836 0 0 0 0 0
"repair" 0 0 0.0202040610162643 0.0118793062485151 0 0.0271076172404446 0 0 0 0 0 0 0 0 0.00852296940253985 0 0 0 0 0 0 0 0 0 0 0 0 0 0
"reporting" 0 0 0 0 0 0.0135538086202223 0 0 0 0 0 0 0 0 0 0 0 0.0234027615258601 0 0 0 0.0279368626903199 0 0 0 0.0103691414350892 0 0 0
"requesting" 0.0224668613794653 0 0 0 0 0.0135538086202223 0 0 0 0 0 0 0 0 0 0 0 0.0234027615258601 0 0 0 0 0 0 0 0 0 0 0.0181488203266788
"ridge" 0 0.018875047187618 0.0101020305081321 0 0 0 0 0 0 0 0 0 0 0 0 0 0 0 0.00994727941907888 0 0 0 0 0.0552689756816507 0 0 0 0 0
"roadblock" 0 0 0 0 0 0 0 0 0 0 0 0 0 0 0 0 0 0.0351041422887901 0 0 0 0 0 0 0 0.0103691414350892 0 0.0292782901478554 0
"rockman" 0 0 0 0 0 0 0 0 0 0 0 0 0 0 0 0 0 0 0 0 0 0 0 0 0 0 0 0 0.108892921960073
"roe" 0 0 0 0 0 0 0 0 0 0 0 0 0 0 0 0 0 0 0.0397891176763155 0.0170415814587594 0.0147666863555818 0 0 0 0 0 0 0 0
"ronald" 0 0 0 0.0237586124970302 0 0 0 0 0 0.0363989322979859 0 0 0 0 0 0 0 0 0.00994727941907888 0 0 0 0 0 0 0 0 0 0
"rooftops" 0 0 0 0 0 0 0 0 0 0 0 0 0 0 0 0 0 0.01170138076293 0 0 0 0 0 0 0 0 0 0 0.0907441016333938
"root" 0 0 0 0 0 0 0 0 0 0.012132977432662 0 0.00938086303939963 0 0 0 0 0 0 0 0 0 0 0 0 0 0 0 0 0.0725952813067151
"royalty" 0 0 0 0 0 0 0 0 0.0254950284694485 0 0 0 0 0 0 0.013197835554969 0 0 0 0 0 0.0279368626903199 0 0 0 0 0 0 0
"rumor" 0 0 0 0.0118793062485151 0 0 0 0 0 0 0.0116427989288625 0.00938086303939963 0 0 0.0170459388050797 0 0 0 0 0 0 0.0139684313451599 0 0 0 0 0 0 0
"rupert" 0 0 0 0 0 0 0 0 0 0 0 0 0 0 0 0 0 0 0 0 0 0 0 0 0 0 0 0.0878348704435661 0
"sainte-mre-eglise" 0 0 0 0 0 0 0 0 0 0 0 0 0 0 0 0 0 0 0 0 0 0 0 0 0 0 0 0.0878348704435661 0
"savvy" 0 0 0 0 0 0 0 0 0 0 0 0 0 0.0704060079793476 0 0 0 0 0 0 0 0 0 0 0 0 0 0 0
"scene" 0 0 0 0 0.0818889040535007 0 0 0 0 0 0 0 0 0 0 0 0 0 0 0 0 0 0 0 0 0 0 0 0
"scheduled" 0 0 0.0101020305081321 0 0 0.0135538086202223 0 0 0 0 0 0 0 0 0.00852296940253985 0 0 0 0 0 0.0147666863555818 0 0 0 0 0 0 0.0292782901478554 0
"schopis" 0 0 0 0 0 0 0 0 0 0 0 0 0 0 0 0 0 0 0 0 0 0 0.113895216400911 0 0 0 0 0 0
"schwartz" 0 0 0 0 0 0 0 0 0 0 0 0 0 0 0 0 0 0 0 0 0 0 0.113895216400911 0 0 0 0 0 0
"scout" 0 0 0.0101020305081321 0 0 0 0 0 0 0 0 0.00938086303939963 0 0 0 0 0 0 0.00994727941907888 0 0.0295333727111636 0 0 0 0.0200642054574639 0 0 0 0
"scouts" 0 0 0 0 0 0 0 0 0 0 0 0.00938086303939963 0.0205317729185915 0 0 0 0 0 0 0.0170415814587594 0 0 0 0 0 0 0 0.0146391450739277 0.0181488203266788
"searching" 0 0.018875047187618 0.0101020305081321 0 0 0.0271076172404446 0 0 0 0 0 0 0 0.0117343346632246 0 0.013197835554969 0 0 0 0 0 0 0 0 0 0 0 0 0
"secrets" 0 0.018875047187618 0 0 0 0 0 0 0.00849834282314949 0 0.0116427989288625 0 0 0 0.0255689082076195 0 0 0 0 0 0 0 0 0 0 0 0 0 0
"sell" 0.0112334306897326 0.018875047187618 0.0101020305081321 0 0.0136481506755835 0 0 0.00976657876745776 0 0 0 0 0 0 0 0 0 0 0 0 0 0 0 0 0 0 0.0182848784055586 0 0
"sentence" 0 0 0.0101020305081321 0 0 0 0 0.0195331575349155 0 0 0 0 0 0 0 0.026395671109938 0 0 0 0 0 0 0 0 0 0 0.0182848784055586 0 0
"settle" 0 0.018875047187618 0 0 0 0.0135538086202223 0 0.0292997363023733 0 0 0 0 0.0102658864592958 0 0 0 0 0 0 0 0 0 0 0 0 0 0 0 0
"shake" 0 0 0.0202040610162643 0 0 0 0 0 0 0 0 0 0 0 0.00852296940253985 0 0 0 0 0 0.0147666863555818 0 0 0 0 0 0 0.0292782901478554 0
"shirt" 0 0 0 0 0 0 0 0 0 0 0 0 0.0102658864592958 0 0 0 0 0 0 0 0 0.0139684313451599 0 0 0 0.0103691414350892 0 0 0.0544464609800363
"shots" 0 0 0 0 0 0 0 0.039066315069831 0 0 0 0 0 0 0 0 0.0223563603845294 0 0 0 0 0.0139684313451599 0 0 0 0 0 0 0
"shown" 0 0 0 0 0 0.0135538086202223 0 0 0 0 0.0116427989288625 0.00938086303939963 0 0 0.0170459388050797 0 0 0 0 0 0 0 0 0 0 0.0103691414350892 0 0 0
"skip" 0 0 0 0 0.0136481506755835 0 0 0 0 0 0 0 0 0 0 0 0 0 0.0198945588381578 0 0.0147666863555818 0.0139684313451599 0 0 0 0.0103691414350892 0 0 0
"slight" 0 0 0.0202040610162643 0.0118793062485151 0 0 0 0 0 0 0 0 0.0102658864592958 0 0 0 0 0.01170138076293 0 0 0 0 0 0 0 0.0103691414350892 0 0 0
"slightest" 0.0112334306897326 0 0 0 0 0 0 0 0.00849834282314949 0 0 0 0 0.0117343346632246 0.00852296940253985 0.013197835554969 0 0 0 0 0 0 0.0189825360668185 0 0 0 0 0 0
"slimy" 0 0.018875047187618 0 0 0 0 0 0 0 0 0 0 0 0.0117343346632246 0 0 0 0 0 0 0 0.0558737253806398 0 0 0 0 0 0 0
"slink" 0 0 0 0 0 0.0813228517213337 0 0 0 0 0 0 0 0 0 0 0 0 0 0 0 0 0 0 0 0 0 0 0
"slugs" 0 0 0.0101020305081321 0 0 0 0 0 0 0 0 0 0.0513294322964788 0 0 0 0 0 0 0 0 0 0 0 0 0 0 0 0
"smokes" 0 0 0 0 0 0 0 0 0 0 0 0 0 0 0 0 0 0 0 0.0170415814587594 0.0590667454223272 0 0 0.0184229918938836 0 0 0 0 0
"sneak" 0.0112334306897326 0 0 0.0118793062485151 0 0 0 0 0 0 0 0 0.0307976593778873 0 0 0 0 0 0 0 0 0 0 0 0 0 0 0.0146391450739277 0
"snitch" 0 0 0 0 0 0 0 0 0 0.0727978645959718 0 0 0 0 0 0 0 0 0 0 0 0 0 0 0 0 0 0 0
"snowcat" 0 0 0 0 0 0 0 0 0 0 0 0 0 0 0 0.0791870133298139 0 0 0 0 0 0 0 0 0 0 0 0 0
"somebody^s" 0 0 0.0101020305081321 0.0118793062485151 0 0.0271076172404446 0 0 0.00849834282314949 0 0 0 0 0 0 0 0 0 0 0 0 0 0 0 0 0 0 0.0146391450739277 0
"someone^s" 0.0112334306897326 0 0 0 0 0 0 0 0 0.024265954865324 0 0 0 0 0.00852296940253985 0 0 0 0.0198945588381578 0 0 0 0 0 0 0 0 0 0
"sometime" 0 0 0 0 0 0 0 0 0.00849834282314949 0 0.0116427989288625 0.00938086303939963 0 0 0 0 0.0223563603845294 0 0.00994727941907888 0 0.0147666863555818 0 0 0 0 0 0 0 0
"specific" 0 0 0 0 0 0 0 0 0 0 0 0 0 0 0.0255689082076195 0 0 0 0.00994727941907888 0 0 0 0 0 0 0.0207382828701783 0 0 0
"splendid" 0 0 0 0 0.0136481506755835 0 0.0134553283100108 0 0.016996685646299 0.012132977432662 0 0 0.0102658864592958 0 0 0 0 0 0 0 0 0 0 0 0 0 0 0 0
"ss" 0 0 0 0 0 0 0 0 0 0 0 0 0 0 0 0 0 0 0 0.0852079072937969 0 0 0 0 0 0.0103691414350892 0 0 0
"stalingrad" 0 0 0 0 0 0 0 0 0 0 0 0 0 0 0 0 0 0 0 0 0 0 0 0 0 0 0.109709270433352 0 0
"stare" 0 0 0 0 0 0 0 0.00976657876745776 0 0 0.0116427989288625 0 0 0 0 0 0 0 0.00994727941907888 0 0 0.0279368626903199 0 0 0 0.0103691414350892 0 0 0
"state" 0 0 0 0 0 0 0 0 0 0.012132977432662 0 0 0 0 0.0170459388050797 0 0 0 0.0198945588381578 0 0 0 0.0189825360668185 0 0 0 0 0 0
"stations" 0 0 0.0303060915243964 0 0 0 0 0 0 0 0 0 0 0 0 0 0 0 0 0 0.0147666863555818 0 0 0 0 0 0 0 0.0362976406533575
"status" 0 0 0 0 0 0 0 0 0 0 0 0 0 0 0 0 0 0.0351041422887901 0.00994727941907888 0 0 0 0 0 0 0 0 0 0.0362976406533575
"stays" 0.0112334306897326 0 0 0 0 0 0 0 0.00849834282314949 0 0 0.0187617260787993 0 0.0117343346632246 0 0 0 0 0 0 0 0 0 0 0 0.0103691414350892 0 0 0
"stranger" 0 0 0 0 0 0.0135538086202223 0 0.00976657876745776 0 0.0485319097306479 0 0 0 0 0 0 0 0 0 0 0 0 0 0 0 0 0 0 0
"strayer" 0 0 0 0 0 0 0 0 0 0 0 0 0 0 0 0 0 0 0 0.0681663258350375 0.0295333727111636 0 0 0 0 0 0 0 0
"strip" 0 0 0 0 0 0.0271076172404446 0 0 0 0 0 0 0 0 0 0 0 0 0.00994727941907888 0 0 0 0 0.0184229918938836 0 0.0103691414350892 0 0.0146391450739277 0
"struecker" 0 0 0 0 0 0 0 0 0 0 0 0 0 0 0 0 0 0.0702082845775802 0 0 0 0 0 0 0 0 0 0 0
"style" 0 0.018875047187618 0 0.0118793062485151 0 0.0271076172404446 0 0 0.00849834282314949 0 0 0 0 0 0 0 0 0 0 0 0 0 0.0189825360668185 0 0 0 0 0 0
"success" 0 0.018875047187618 0 0 0 0.0135538086202223 0 0 0 0 0 0 0.0102658864592958 0 0 0 0 0 0 0 0.0147666863555818 0 0 0 0 0 0.0182848784055586 0.0146391450739277 0
"summoned" 0 0 0 0 0 0 0.0134553283100108 0 0 0 0.0349283967865875 0 0.0205317729185915 0 0 0 0 0 0 0 0 0 0 0 0 0 0 0 0
"surely" 0 0.0377500943752359 0 0 0.0136481506755835 0 0.0134553283100108 0 0.00849834282314949 0 0 0 0 0 0 0 0 0 0 0 0 0 0 0 0 0 0.0182848784055586 0 0
"surprised" 0 0.0377500943752359 0.0101020305081321 0 0 0 0 0 0 0 0 0 0 0 0 0 0 0 0 0 0.0147666863555818 0 0 0 0.0200642054574639 0 0 0.0146391450739277 0
"surprises" 0.0224668613794653 0.018875047187618 0 0 0 0 0.0134553283100108 0 0 0 0.0116427989288625 0 0 0 0 0 0.0223563603845294 0 0 0 0 0 0 0 0 0 0 0 0
"surrender" 0.0224668613794653 0 0 0 0 0 0 0 0 0 0 0 0 0.0117343346632246 0 0 0 0 0.00994727941907888 0 0 0 0 0 0 0.0103691414350892 0.0182848784055586 0 0
"tag" 0 0 0 0 0 0 0.0134553283100108 0 0 0 0 0 0 0 0 0 0.0223563603845294 0 0.0198945588381578 0 0 0.0139684313451599 0 0 0 0 0.0182848784055586 0 0
"talent" 0.0112334306897326 0 0 0 0 0 0.0134553283100108 0 0 0.012132977432662 0 0 0 0 0 0.026395671109938 0 0 0 0 0 0 0 0 0 0.0103691414350892 0 0 0
"texas" 0 0 0 0 0 0 0 0 0 0 0 0 0 0 0 0 0 0.01170138076293 0 0 0.0147666863555818 0.0558737253806398 0 0 0 0 0 0 0
"thing^s" 0.0112334306897326 0 0.0101020305081321 0 0 0 0.0134553283100108 0 0 0.024265954865324 0 0 0 0 0 0 0 0 0.00994727941907888 0 0 0 0 0 0 0 0 0 0
"threatened" 0 0 0 0 0 0 0 0.00976657876745776 0 0 0 0 0 0.0352030039896738 0.00852296940253985 0 0 0 0 0 0 0 0 0 0 0 0.0182848784055586 0 0
"tied" 0 0 0 0 0 0 0 0 0.00849834282314949 0.012132977432662 0.0116427989288625 0 0.0102658864592958 0 0 0 0.0223563603845294 0 0.00994727941907888 0 0 0 0 0 0 0 0 0 0
"tongue" 0 0 0 0 0 0 0 0 0 0 0.0116427989288625 0.00938086303939963 0 0.0117343346632246 0 0 0 0.0234027615258601 0 0 0 0 0 0 0 0.0103691414350892 0 0 0
"total" 0.0112334306897326 0 0 0 0 0.0135538086202223 0 0 0 0 0 0 0 0.0117343346632246 0.00852296940253985 0 0 0 0.0198945588381578 0 0 0 0 0 0 0 0 0 0
"totally" 0.0112334306897326 0.018875047187618 0.0101020305081321 0 0.0136481506755835 0 0 0 0 0.012132977432662 0 0 0 0 0.00852296940253985 0 0 0 0 0 0 0 0 0 0 0 0 0 0
"toyou" 0 0 0 0 0 0 0 0 0.0509900569388969 0 0 0 0 0 0 0 0 0 0 0 0 0 0 0 0 0 0 0 0
"track" 0 0 0 0 0 0 0 0 0 0 0 0.00938086303939963 0 0 0.00852296940253985 0 0 0 0 0.0170415814587594 0 0 0.0189825360668185 0.0184229918938836 0 0 0 0 0.0181488203266788
"treebeard" 0 0 0 0 0 0 0 0 0 0 0 0.0469043151969981 0.0102658864592958 0 0 0 0 0 0 0 0 0 0 0 0 0 0 0 0
"trooper" 0 0 0.0101020305081321 0 0 0 0 0 0 0 0 0 0 0 0 0 0 0 0 0 0.073833431777909 0 0 0 0 0 0 0 0
"trusted" 0.0112334306897326 0 0 0 0 0 0.0134553283100108 0 0 0.012132977432662 0 0.00938086303939963 0 0 0.0170459388050797 0 0 0 0 0 0 0 0 0 0 0 0 0 0
"tunnel" 0 0 0 0 0 0 0 0 0 0 0 0.00938086303939963 0.041063545837183 0 0 0.013197835554969 0 0 0 0 0 0 0 0 0 0 0 0 0
"turkey" 0 0 0 0 0 0 0 0.00976657876745776 0 0 0 0 0 0 0 0 0 0 0.00994727941907888 0.0170415814587594 0 0 0 0.0552689756816507 0 0 0 0 0
"ullman" 0 0 0 0 0 0 0 0 0 0 0 0 0 0 0 0.0791870133298139 0 0 0 0 0 0 0 0 0 0 0 0 0
"unfortunately" 0 0 0 0.0237586124970302 0.0136481506755835 0 0 0 0.00849834282314949 0.012132977432662 0 0 0 0 0 0 0 0 0 0 0 0 0 0 0 0.0103691414350892 0 0 0
"usual" 0 0.018875047187618 0 0 0 0 0 0 0 0.012132977432662 0.0116427989288625 0 0.0102658864592958 0 0 0 0 0.01170138076293 0.00994727941907888 0 0 0 0 0 0 0 0 0 0
"vain" 0 0 0 0 0.0272963013511669 0 0 0 0 0 0.0116427989288625 0.00938086303939963 0.0102658864592958 0 0.00852296940253985 0 0 0 0 0 0 0 0 0 0 0 0 0 0
"vegas" 0 0 0 0 0 0 0 0.0585994726047466 0 0 0 0 0 0 0 0 0 0 0 0 0 0 0 0 0 0 0 0 0
"vehicles" 0 0 0 0 0 0 0 0 0 0 0 0 0 0 0 0 0 0.0585069038146501 0 0 0 0 0 0 0 0 0 0.0146391450739277 0
"view" 0.0112334306897326 0 0 0 0 0 0 0 0 0 0 0.00938086303939963 0 0 0 0.013197835554969 0 0.01170138076293 0 0 0 0 0 0 0 0.0207382828701783 0 0 0
"vino" 0 0 0 0 0 0 0.0807319698600646 0 0 0 0 0 0 0 0 0 0 0 0 0 0 0 0 0 0 0 0 0 0
"wand" 0 0 0 0 0 0 0 0 0 0.0727978645959718 0 0 0 0 0 0 0 0 0 0 0 0 0 0 0 0 0 0 0
"wanda" 0.0674005841383959 0 0 0 0 0 0 0 0 0 0 0 0 0 0 0 0 0 0 0 0 0 0 0 0 0 0 0 0
"watched" 0 0 0 0 0 0 0 0 0 0.012132977432662 0.0116427989288625 0.0187617260787993 0 0.0117343346632246 0 0 0 0 0.00994727941907888 0 0 0 0 0 0 0 0 0 0
"weasley" 0 0 0 0 0 0 0 0 0 0.0727978645959718 0 0 0 0 0 0 0 0 0 0 0 0 0 0 0 0 0 0 0
"wherever" 0 0 0.0101020305081321 0 0 0 0 0 0 0 0 0 0 0.0117343346632246 0 0.013197835554969 0 0 0 0 0 0.0139684313451599 0 0 0.0200642054574639 0 0 0.0146391450739277 0
"whoo" 0 0 0 0 0 0.0406614258606668 0 0 0.00849834282314949 0 0 0 0 0 0 0 0 0 0 0 0 0 0 0.0184229918938836 0.0200642054574639 0 0 0 0
"whore" 0 0 0 0 0 0 0.0269106566200215 0.00976657876745776 0.016996685646299 0 0 0 0 0 0 0 0 0 0 0 0 0 0 0 0 0 0.0182848784055586 0 0
"wishes" 0 0 0 0 0.0136481506755835 0 0.0134553283100108 0 0 0.012132977432662 0 0 0 0 0 0 0 0 0.00994727941907888 0.0170415814587594 0 0 0 0.0184229918938836 0 0 0 0 0
"wizard^s" 0 0 0 0 0 0 0 0 0 0.0485319097306479 0 0.00938086303939963 0.0102658864592958 0 0 0 0 0 0 0 0 0 0 0 0 0 0 0 0
"wizards" 0.0112334306897326 0 0 0 0 0 0 0 0 0.024265954865324 0 0.0187617260787993 0.0102658864592958 0 0 0 0 0 0 0 0 0 0 0 0 0 0 0 0
"woltz" 0 0 0 0 0 0 0 0.0585994726047466 0 0 0 0 0 0 0 0 0 0 0 0 0 0 0 0 0 0 0 0 0
"worthless" 0 0.0377500943752359 0 0 0 0 0 0 0 0 0 0 0 0.0117343346632246 0 0 0 0 0 0 0 0.0279368626903199 0 0 0 0 0.0182848784055586 0 0
"wounds" 0 0 0 0 0 0 0 0 0 0 0 0 0 0 0 0 0 0 0 0.0170415814587594 0 0 0 0 0 0 0 0.0585565802957107 0.0181488203266788
"-let" 0 0 0.0202040610162643 0 0 0 0 0 0 0 0 0.0187617260787993 0 0 0 0 0 0.01170138076293 0 0 0 0 0 0 0 0 0 0 0
"-now" 0 0 0 0 0 0 0 0 0 0 0.0116427989288625 0.00938086303939963 0 0 0 0 0 0.01170138076293 0 0.0170415814587594 0 0 0 0 0 0 0 0.0146391450739277 0
"-of" 0 0 0.0202040610162643 0 0 0 0.0134553283100108 0 0 0 0.0116427989288625 0 0 0 0 0 0 0 0 0 0 0 0 0 0 0 0 0.0146391450739277 0
"-stay" 0 0 0.0101020305081321 0 0 0 0.0134553283100108 0 0 0 0 0.00938086303939963 0 0 0 0.026395671109938 0 0 0 0 0 0 0 0 0 0 0 0 0
"-take" 0 0 0 0 0 0 0 0 0 0 0.023285597857725 0.00938086303939963 0 0 0 0 0 0 0 0.0170415814587594 0 0 0 0 0 0 0 0.0146391450739277 0
"-to" 0 0 0 0 0 0 0.0134553283100108 0 0 0 0.023285597857725 0.00938086303939963 0 0 0 0 0 0 0 0.0170415814587594 0 0 0 0 0 0 0 0 0
"-watch" 0 0 0.0303060915243964 0 0 0 0 0 0 0 0 0 0 0 0 0 0 0 0 0.0170415814587594 0 0 0 0 0 0 0 0.0146391450739277 0
"-you^ll" 0 0 0.0404081220325285 0 0 0 0 0 0 0 0 0 0 0 0 0 0 0 0 0.0170415814587594 0 0 0 0 0 0 0 0 0
"actions" 0 0 0.0101020305081321 0 0 0 0 0 0 0.012132977432662 0 0 0 0.0234686693264492 0 0 0 0 0 0 0 0 0 0 0 0.0103691414350892 0 0 0
"activity" 0 0 0 0 0 0 0 0 0 0 0 0 0 0 0 0.013197835554969 0.0223563603845294 0.01170138076293 0.00994727941907888 0 0 0 0 0 0 0 0 0 0.0181488203266788
"add" 0.0112334306897326 0 0 0 0 0 0 0.00976657876745776 0 0 0 0 0 0 0.0170459388050797 0 0 0 0 0 0 0 0 0 0 0.0103691414350892 0 0 0
"advancing" 0 0 0 0 0.0136481506755835 0 0 0 0 0 0 0 0 0 0 0 0 0.0351041422887901 0 0 0 0 0 0 0 0 0 0.0146391450739277 0
"adventures" 0 0 0.0101020305081321 0 0 0 0.0269106566200215 0 0 0 0.023285597857725 0 0 0 0 0 0 0 0 0 0 0 0 0 0 0 0 0 0
"advice" 0 0 0.0101020305081321 0.0356379187455453 0 0 0 0.00976657876745776 0 0 0 0 0 0 0 0 0 0 0 0 0 0 0 0 0 0 0 0 0
"afford" 0 0 0.0101020305081321 0 0 0 0 0.0195331575349155 0 0 0 0 0 0.0234686693264492 0 0 0 0 0 0 0 0 0 0 0 0 0 0 0
"ages" 0 0 0 0 0.0136481506755835 0.0271076172404446 0.0134553283100108 0 0 0 0.0116427989288625 0 0 0 0 0 0 0 0 0 0 0 0 0 0 0 0 0 0
"ahhh" 0 0 0 0 0 0 0 0 0 0 0 0 0 0 0 0 0 0 0 0 0 0 0.0189825360668185 0.0736919675755343 0 0 0 0 0
"ahold" 0 0.018875047187618 0 0 0 0 0 0 0 0 0 0 0 0 0 0 0.0894254415381176 0 0 0 0 0 0 0 0 0 0 0 0
"aidid" 0 0 0 0 0 0 0 0 0 0 0 0 0 0 0 0 0 0.0585069038146501 0 0 0 0 0 0 0 0 0 0 0
"airplane" 0 0 0 0.0237586124970302 0 0 0 0 0 0 0 0 0 0 0 0 0 0 0.00994727941907888 0 0 0 0.0379650721336371 0 0 0 0 0 0
"alice" 0 0 0 0 0.0136481506755835 0 0 0 0 0 0 0 0 0 0 0 0 0 0 0 0 0 0 0 0 0.0414765657403567 0 0 0
"alliance" 0 0 0.0202040610162643 0 0 0.0135538086202223 0 0 0 0 0.0116427989288625 0.00938086303939963 0 0 0 0 0 0 0 0 0 0 0 0 0 0 0 0 0
"ammunition" 0 0 0 0 0 0 0 0 0 0 0 0 0 0 0 0 0 0 0.0198945588381578 0 0 0 0 0 0.0200642054574639 0 0.0365697568111172 0 0
"anchor" 0 0 0 0 0 0 0 0 0 0 0 0 0 0.058671673316123 0 0 0 0 0 0 0 0 0 0 0 0 0 0 0
"anger" 0.0112334306897326 0 0 0 0 0 0.0134553283100108 0 0 0 0 0.0187617260787993 0 0 0 0 0 0 0 0 0 0.0139684313451599 0 0 0 0 0 0 0
"anybody^s" 0.0112334306897326 0 0 0 0 0 0 0 0.00849834282314949 0 0 0 0 0 0 0 0.0447127207690588 0 0.00994727941907888 0 0 0 0 0 0 0 0 0 0
"apparently" 0 0.018875047187618 0 0 0 0 0 0 0.00849834282314949 0.024265954865324 0 0 0 0.0117343346632246 0 0 0 0 0 0 0 0 0 0 0 0 0 0 0
"appears" 0 0 0.0101020305081321 0 0 0.0135538086202223 0 0 0 0 0 0 0 0 0 0.013197835554969 0.0447127207690588 0 0 0 0 0 0 0 0 0 0 0 0
"approved" 0 0 0 0 0 0 0 0 0 0 0 0 0 0 0 0 0 0 0.00994727941907888 0 0 0 0 0 0 0 0.0182848784055586 0.0146391450739277 0.0362976406533575
"april" 0 0 0 0 0 0 0 0 0.016996685646299 0 0 0 0 0 0 0.013197835554969 0 0 0 0 0 0 0.0379650721336371 0 0 0 0 0 0
"areas" 0 0 0 0 0 0 0 0 0 0 0 0 0 0 0.00852296940253985 0.013197835554969 0 0 0 0 0 0 0 0 0 0 0 0.043917435221783 0
"argue" 0 0.018875047187618 0 0 0.0136481506755835 0 0 0 0.00849834282314949 0 0 0 0 0.0117343346632246 0 0 0.0223563603845294 0 0 0 0 0 0 0 0 0 0 0 0
"arrangement" 0 0 0 0 0 0 0 0 0.016996685646299 0 0 0 0 0 0.0255689082076195 0 0 0 0 0 0 0 0 0 0 0 0 0 0
"asks" 0 0 0 0 0.0136481506755835 0 0.0134553283100108 0.00976657876745776 0 0 0 0 0 0 0 0 0 0.01170138076293 0 0 0 0 0 0.0184229918938836 0 0 0 0 0
"assure" 0.0112334306897326 0.018875047187618 0 0 0 0 0.0134553283100108 0 0.00849834282314949 0.012132977432662 0 0 0 0 0 0 0 0 0 0 0 0 0 0 0 0 0 0 0
"aunt" 0 0 0.0202040610162643 0 0 0 0 0 0 0.012132977432662 0 0 0 0.0117343346632246 0 0 0 0 0 0 0 0 0 0.0184229918938836 0 0 0 0 0
"available" 0 0 0 0.0118793062485151 0 0.0135538086202223 0 0 0 0 0.0116427989288625 0 0 0 0 0 0 0 0 0 0 0 0 0 0 0 0 0 0.0362976406533575
"awful" 0 0.018875047187618 0.0101020305081321 0 0 0 0 0 0 0 0 0 0 0.0117343346632246 0 0.013197835554969 0 0 0 0 0 0 0 0 0 0 0.0182848784055586 0 0
"backup" 0.0337002920691979 0 0 0 0 0 0 0 0 0 0 0 0 0 0 0 0 0 0.0198945588381578 0 0 0 0 0 0 0 0 0 0
"balance" 0.0224668613794653 0 0 0 0 0 0 0 0 0 0 0 0 0 0.00852296940253985 0 0 0 0 0.0340831629175187 0 0 0 0 0 0 0 0 0
"bank" 0 0 0 0 0 0 0 0 0 0.012132977432662 0 0 0.0102658864592958 0 0.00852296940253985 0.013197835554969 0 0 0 0 0 0 0 0.0184229918938836 0 0 0 0 0
"barrel" 0 0 0 0 0 0.0135538086202223 0 0 0 0 0 0.0187617260787993 0 0.0117343346632246 0 0 0 0 0.00994727941907888 0 0 0 0 0 0 0 0 0 0
"battles" 0 0 0.0101020305081321 0 0 0 0.0538213132400431 0 0 0 0 0 0 0 0 0 0 0 0 0 0 0 0 0 0 0 0 0 0
"bayonets" 0 0 0 0 0 0 0 0 0 0 0 0 0 0 0 0 0 0 0 0.0170415814587594 0.0147666863555818 0 0 0.0184229918938836 0.0401284109149278 0 0 0 0
"beacon" 0 0 0.0101020305081321 0 0.0272963013511669 0 0 0 0 0 0 0 0.0205317729185915 0 0 0 0 0 0 0 0 0 0 0 0 0 0 0 0
"beasts" 0 0 0 0 0 0 0.0134553283100108 0 0 0.012132977432662 0.0116427989288625 0 0.0102658864592958 0 0 0 0 0 0 0 0 0 0 0 0 0 0.0182848784055586 0 0
"becomes" 0 0.018875047187618 0 0 0 0 0 0.00976657876745776 0 0 0 0 0 0 0.0255689082076195 0 0 0 0 0 0 0 0 0 0 0 0 0 0
"bedevere" 0 0 0 0 0.0682407533779173 0 0 0 0 0 0 0 0 0 0 0 0 0 0 0 0 0 0 0 0 0 0 0 0
"bedroom" 0 0 0 0 0 0.0135538086202223 0 0 0.016996685646299 0 0 0 0 0 0 0.026395671109938 0 0 0 0 0 0 0 0 0 0 0 0 0
"begins" 0 0 0.0101020305081321 0 0 0 0 0 0 0.012132977432662 0 0.0281425891181989 0 0 0 0 0 0 0 0 0 0 0 0 0 0 0 0 0
"behave" 0 0.018875047187618 0.0101020305081321 0 0 0 0.0134553283100108 0 0.00849834282314949 0 0 0 0 0 0 0.013197835554969 0 0 0 0 0 0 0 0 0 0 0 0 0
"behold" 0 0 0 0 0.0409444520267504 0 0 0 0 0 0.0116427989288625 0 0.0102658864592958 0 0 0 0 0 0 0 0 0 0 0 0 0 0 0 0
"biggs" 0 0 0.0505101525406607 0 0 0 0 0 0 0 0 0 0 0 0 0 0 0 0 0 0 0 0 0 0 0 0 0 0
"bitches" 0 0 0 0 0 0 0 0 0.00849834282314949 0 0 0 0 0 0 0 0 0 0.0198945588381578 0 0 0 0 0 0.0200642054574639 0 0.0182848784055586 0 0
"bits" 0 0.018875047187618 0 0 0.0136481506755835 0.0135538086202223 0 0 0 0.012132977432662 0 0 0 0 0 0.013197835554969 0 0 0 0 0 0 0 0 0 0 0 0 0
"blame" 0 0 0 0 0 0.0135538086202223 0 0.00976657876745776 0 0 0 0 0 0.0117343346632246 0 0 0 0 0 0 0 0 0 0 0.0200642054574639 0.0103691414350892 0 0 0
"blanket" 0.0112334306897326 0 0 0 0.0136481506755835 0 0.0134553283100108 0 0 0 0 0 0 0 0 0 0 0 0 0 0 0.0139684313451599 0 0 0 0 0 0.0146391450739277 0
"blasted" 0 0 0.0202040610162643 0 0 0 0 0 0 0.024265954865324 0 0 0 0 0 0 0 0 0 0 0 0 0 0 0 0 0 0.0146391450739277 0
"blew" 0 0 0 0 0 0 0 0 0 0 0 0 0 0 0 0.013197835554969 0.0670690811535882 0 0 0 0 0.0139684313451599 0 0 0 0 0 0 0
"blind" 0 0 0 0.0356379187455453 0 0 0 0 0 0 0 0 0.0205317729185915 0 0 0 0 0 0 0 0 0 0 0 0 0 0 0 0
"boring" 0 0 0.0202040610162643 0 0 0 0 0 0 0.012132977432662 0 0 0 0 0.00852296940253985 0 0 0 0 0 0 0 0.0189825360668185 0 0 0 0 0 0
"brat" 0 0 0 0 0 0 0 0.039066315069831 0.00849834282314949 0 0 0 0 0 0 0 0 0 0 0 0 0 0 0 0 0 0 0 0
"breathing" 0.0112334306897326 0 0 0 0 0 0 0 0 0 0 0.00938086303939963 0 0.0352030039896738 0 0 0 0 0 0 0 0 0 0 0 0 0 0 0
"bridges" 0 0 0 0 0.0136481506755835 0 0 0 0 0 0 0 0 0 0 0 0 0 0 0.0511247443762781 0.0147666863555818 0 0 0 0 0 0 0 0
"brilliant" 0 0 0 0 0 0 0 0 0 0.0363989322979859 0 0 0 0 0 0 0 0 0 0 0 0 0.0189825360668185 0 0 0.0103691414350892 0 0 0
"broomstick" 0 0 0 0 0 0 0 0 0 0.0606648871633099 0 0 0 0 0 0 0 0 0 0 0 0 0 0 0 0 0 0 0
"brother^s" 0.0112334306897326 0 0 0.0237586124970302 0 0 0.0134553283100108 0 0 0 0 0 0 0 0 0 0 0 0 0 0 0 0 0 0 0 0 0 0.0181488203266788
"bud" 0 0 0 0 0 0 0 0 0 0 0 0 0 0 0 0 0 0.01170138076293 0 0 0 0 0 0.0552689756816507 0 0 0 0.0146391450739277 0
"bunch" 0 0 0 0 0 0 0 0 0 0 0 0 0 0 0 0 0 0.01170138076293 0.00994727941907888 0.0170415814587594 0 0 0 0.0184229918938836 0 0 0 0 0.0181488203266788
"bury" 0 0.018875047187618 0 0 0 0 0 0 0 0 0 0.00938086303939963 0 0 0.00852296940253985 0 0 0 0 0 0 0 0.0379650721336371 0 0 0 0 0 0
"cafe" 0 0 0 0 0 0 0 0 0 0 0 0 0 0 0.0340918776101594 0 0 0.01170138076293 0 0 0 0 0 0 0 0 0 0 0
"cancelled" 0 0 0 0 0 0 0.0134553283100108 0 0 0 0 0 0 0 0 0 0 0 0 0.0170415814587594 0.0147666863555818 0.0139684313451599 0 0 0 0 0.0182848784055586 0 0
"cans" 0 0 0 0 0 0 0 0 0 0 0 0 0 0 0 0 0.0447127207690588 0.0234027615258601 0 0 0 0 0 0 0.0200642054574639 0 0 0 0
"capable" 0.0112334306897326 0 0 0.0118793062485151 0 0.0135538086202223 0 0 0 0 0 0 0.0102658864592958 0 0 0 0.0223563603845294 0 0 0 0 0 0 0 0 0 0 0 0
"cards" 0 0 0 0 0 0 0 0.00976657876745776 0 0.012132977432662 0 0 0 0 0.00852296940253985 0 0 0 0 0 0 0 0 0 0 0 0.0365697568111172 0 0
"carentan" 0 0 0 0 0 0 0 0 0 0 0 0 0 0 0 0 0 0 0.00994727941907888 0 0.0443000590667454 0 0 0 0 0.0103691414350892 0 0 0
"cargo" 0 0.018875047187618 0.0101020305081321 0 0 0.0271076172404446 0 0 0 0 0 0 0 0 0 0 0 0 0 0 0 0 0 0 0.0200642054574639 0 0 0 0
"cars" 0 0 0 0 0 0 0 0.00976657876745776 0 0 0 0 0 0 0 0 0 0 0 0 0 0 0.0759301442672741 0 0 0 0 0 0
"carthage" 0 0 0 0 0 0 0.0672766415500538 0 0 0 0 0 0 0 0 0 0 0 0 0 0 0 0 0 0 0 0 0 0
"cash" 0 0 0 0 0 0 0 0.0292997363023733 0 0 0 0 0 0 0.00852296940253985 0 0 0 0 0 0 0 0 0 0 0 0 0 0.0181488203266788
"causeway" 0 0 0 0 0 0 0 0.00976657876745776 0 0 0 0.0187617260787993 0 0 0 0 0 0 0 0 0.0295333727111636 0 0 0 0 0 0 0 0
"chair" 0.0112334306897326 0 0 0 0 0 0 0 0 0 0 0 0 0 0 0.013197835554969 0 0 0 0 0 0 0 0.0184229918938836 0 0.0103691414350892 0.0182848784055586 0 0
"challenge" 0 0 0 0 0 0 0.0134553283100108 0 0 0 0 0.00938086303939963 0.0102658864592958 0.0117343346632246 0.00852296940253985 0 0 0 0 0 0 0 0 0 0 0 0 0 0
"chamber" 0 0.0755001887504719 0 0 0 0 0 0 0 0 0 0 0 0 0 0 0 0 0 0 0 0.0139684313451599 0 0 0 0 0 0 0
"changing" 0 0 0 0 0 0 0 0.00976657876745776 0 0 0 0.00938086303939963 0 0 0.00852296940253985 0 0 0 0 0 0 0.0139684313451599 0 0.0184229918938836 0 0 0 0 0
"cheap" 0 0 0 0 0 0 0 0.00976657876745776 0.016996685646299 0 0.0116427989288625 0 0 0 0 0 0 0 0 0 0 0 0.0189825360668185 0 0 0 0 0 0
"cherbourg" 0 0 0 0 0 0 0 0 0 0 0 0 0 0 0 0 0 0 0 0 0 0 0 0 0 0.0414765657403567 0 0.0146391450739277 0
"chesty" 0 0 0 0 0 0 0 0 0 0 0 0 0 0 0 0 0 0 0 0 0 0 0 0.0921149594694178 0 0 0 0 0
"chips" 0 0 0 0 0 0.0135538086202223 0 0.00976657876745776 0 0 0 0.0187617260787993 0 0 0 0 0 0 0 0 0 0 0 0 0 0.0103691414350892 0 0 0
"chop" 0 0 0 0 0.0136481506755835 0.0406614258606668 0 0 0 0 0 0 0 0 0 0 0 0.01170138076293 0 0 0 0 0 0 0 0 0 0 0
"chopper" 0 0 0 0 0 0 0 0 0 0 0 0 0 0 0 0 0.0223563603845294 0.0468055230517201 0 0 0 0 0 0 0 0 0 0 0
"church" 0 0 0 0 0 0 0 0.0195331575349155 0 0 0 0 0 0.0117343346632246 0 0 0 0.01170138076293 0 0 0 0 0 0 0 0.0103691414350892 0 0 0
"circumstances" 0.0112334306897326 0.018875047187618 0 0 0 0 0 0 0 0 0 0 0 0 0 0 0 0 0 0 0 0 0.0379650721336371 0 0 0.0103691414350892 0 0 0
"claw" 0 0 0 0 0 0.0677690431011114 0 0 0 0 0 0 0 0 0 0 0 0 0 0 0 0 0 0 0 0 0 0 0
"cleaned" 0 0 0.0101020305081321 0.0118793062485151 0 0 0 0 0 0 0 0 0 0 0 0 0.0223563603845294 0 0 0.0170415814587594 0 0.0139684313451599 0 0 0 0 0 0 0
"clemenza" 0 0 0 0 0 0 0 0.0488328938372888 0 0 0 0 0 0 0 0 0 0 0 0 0 0 0 0 0 0 0 0 0
"cloud" 0 0 0 0 0 0 0 0 0.00849834282314949 0 0.023285597857725 0 0.0205317729185915 0 0 0 0 0 0 0 0 0 0 0 0 0 0 0 0
"coconut" 0 0 0 0 0.0545926027023338 0 0 0 0 0 0 0 0 0 0 0 0 0 0 0 0 0 0 0.0184229918938836 0 0 0 0 0
"color" 0 0 0 0 0.0272963013511669 0 0.0134553283100108 0 0.016996685646299 0 0 0 0 0 0 0 0 0 0 0 0 0 0 0 0 0 0 0 0
"colorado" 0 0 0 0 0 0 0 0 0 0 0 0 0 0 0 0.0659891777748449 0 0 0 0 0 0 0 0 0 0 0 0 0
"colors" 0 0 0 0 0 0 0 0 0 0 0 0 0 0.0352030039896738 0 0.013197835554969 0 0 0 0 0 0 0 0 0.0200642054574639 0 0 0 0
"comfort" 0 0 0 0 0 0 0.0134553283100108 0 0 0 0 0.0281425891181989 0.0102658864592958 0 0 0 0 0 0 0 0 0 0 0 0 0 0 0 0
"complicated" 0 0 0 0 0 0 0 0 0 0 0 0 0 0 0.0170459388050797 0 0 0.01170138076293 0 0 0 0 0.0189825360668185 0.0184229918938836 0 0 0 0 0
"comrades" 0 0 0 0 0 0 0 0 0 0 0 0 0 0 0 0 0 0 0 0 0.0147666863555818 0 0 0.0184229918938836 0 0 0.0365697568111172 0.0146391450739277 0
"concern" 0 0.018875047187618 0.0202040610162643 0.0118793062485151 0 0 0 0 0 0 0 0 0 0 0.00852296940253985 0 0 0 0 0 0 0 0 0 0 0 0 0 0
"concerns" 0 0 0 0.0118793062485151 0 0.0135538086202223 0 0 0 0 0 0 0 0.0117343346632246 0.00852296940253985 0.013197835554969 0 0 0 0 0 0 0 0 0 0 0 0 0
"concord" 0 0 0 0 0.0682407533779173 0 0 0 0 0 0 0 0 0 0 0 0 0 0 0 0 0 0 0 0 0 0 0 0
"confirmed" 0 0 0 0 0 0.0135538086202223 0 0 0 0 0 0 0 0 0 0.013197835554969 0 0.01170138076293 0 0 0 0.0139684313451599 0 0 0 0 0 0 0.0181488203266788
"contract" 0 0 0 0 0 0 0.0269106566200215 0.0292997363023733 0 0 0 0 0 0 0 0 0 0 0 0 0 0 0 0 0 0 0 0 0
"controls" 0 0 0.0303060915243964 0 0 0 0.0269106566200215 0 0 0 0 0 0 0 0 0 0 0 0 0 0 0 0 0 0 0 0 0 0
"conversation" 0.0112334306897326 0 0.0101020305081321 0 0 0 0 0 0.016996685646299 0 0 0 0 0 0 0 0 0 0 0 0 0 0.0189825360668185 0 0 0 0 0 0
"convince" 0 0 0 0 0 0.0135538086202223 0 0.00976657876745776 0 0 0 0 0 0 0.0170459388050797 0 0 0 0 0 0 0.0139684313451599 0 0 0 0 0 0 0
"corners" 0 0 0 0 0 0 0.0134553283100108 0 0 0 0 0 0 0 0 0 0 0.0234027615258601 0 0 0 0 0 0 0 0.0103691414350892 0 0 0.0181488203266788
"counter" 0 0 0 0 0 0.0135538086202223 0 0 0 0 0.0116427989288625 0 0 0.0117343346632246 0 0 0 0 0 0 0 0 0.0189825360668185 0 0.0200642054574639 0 0 0 0
"covenant" 0 0.0943752359380898 0 0 0 0 0 0 0 0 0 0 0 0 0 0 0 0 0 0 0 0 0 0 0 0 0 0 0
"coward" 0 0 0.0101020305081321 0 0 0 0 0 0 0.012132977432662 0 0 0 0.0117343346632246 0 0 0 0 0 0 0 0 0 0 0 0.0103691414350892 0.0182848784055586 0 0
"crashed" 0 0 0 0 0 0 0 0 0 0 0 0 0 0 0 0 0 0.01170138076293 0 0 0.0147666863555818 0 0.0189825360668185 0.0184229918938836 0 0 0 0.0146391450739277 0
"credit" 0 0 0.0101020305081321 0 0 0 0 0.0195331575349155 0 0 0 0.00938086303939963 0 0 0 0.013197835554969 0 0 0 0 0 0 0 0 0 0 0 0 0
"crossed" 0 0 0 0 0.0136481506755835 0 0 0 0 0 0.023285597857725 0 0.0102658864592958 0 0 0 0 0 0 0 0 0 0 0 0 0.0103691414350892 0 0 0
"crown" 0 0 0 0 0 0 0 0 0.016996685646299 0 0 0.00938086303939963 0.0102658864592958 0.0117343346632246 0 0 0 0 0 0 0 0 0 0 0 0 0 0 0
"daft" 0 0 0 0 0.0272963013511669 0 0 0 0 0 0 0 0 0.0234686693264492 0 0 0 0 0 0 0 0 0 0 0 0 0 0.0146391450739277 0
"dan" 0 0 0 0 0 0 0 0 0 0 0 0 0 0 0 0.013197835554969 0 0 0 0 0 0 0 0 0 0.0414765657403567 0 0 0
"darth" 0 0 0.0303060915243964 0.0237586124970302 0 0 0 0 0 0 0 0 0 0 0 0 0 0 0 0 0 0 0 0 0 0 0 0 0
"deserted" 0.0112334306897326 0 0.0101020305081321 0 0 0 0 0 0 0 0 0.00938086303939963 0.0102658864592958 0 0 0 0 0 0 0 0 0.0139684313451599 0 0 0 0 0 0 0
"devil" 0 0 0 0.0118793062485151 0 0 0 0.00976657876745776 0 0.012132977432662 0 0 0 0.0117343346632246 0 0 0 0 0 0 0 0 0.0189825360668185 0 0 0 0 0 0
"dies" 0.0112334306897326 0 0 0 0 0 0 0.0195331575349155 0 0 0 0.00938086303939963 0 0 0.00852296940253985 0 0 0 0 0 0 0 0 0 0 0 0 0 0
"dike^s" 0 0 0 0 0 0 0 0 0 0 0 0 0 0 0 0 0 0 0.0497363970953944 0 0 0 0 0 0 0 0 0 0
"displace" 0 0 0 0 0 0 0 0 0 0 0 0 0 0 0 0 0 0 0 0 0 0 0 0 0 0.0518457071754459 0 0 0
"distant" 0 0 0 0 0 0 0 0 0 0 0.023285597857725 0.00938086303939963 0.0102658864592958 0.0117343346632246 0 0 0 0 0 0 0 0 0 0 0 0 0 0 0
"divisions" 0 0 0 0 0 0 0 0 0 0 0 0 0 0 0 0 0 0 0 0.0681663258350375 0 0 0 0 0 0 0 0.0146391450739277 0
"dom" 0 0 0 0 0 0 0 0 0 0 0 0 0 0 0.0426148470126992 0 0 0 0 0 0 0 0 0 0 0 0 0 0
"doris" 0 0 0 0 0 0 0 0 0 0.012132977432662 0 0 0 0 0 0 0 0 0 0.0681663258350375 0 0 0 0 0 0 0 0 0
"downstairs" 0 0 0 0 0 0.0135538086202223 0 0.00976657876745776 0 0 0 0 0 0 0.00852296940253985 0 0 0 0 0 0 0 0 0 0 0 0 0 0.0362976406533575
"drawing" 0 0 0 0 0 0 0 0 0.0254950284694485 0 0 0.00938086303939963 0 0 0.00852296940253985 0 0 0 0 0 0 0 0 0 0 0 0 0 0
"drawn" 0 0 0 0 0 0 0 0 0.00849834282314949 0 0.023285597857725 0.00938086303939963 0.0102658864592958 0 0 0 0 0 0 0 0 0 0 0 0 0 0 0 0
"dreamer" 0 0 0 0 0 0 0 0 0 0 0 0 0 0 0.0426148470126992 0 0 0 0 0 0 0 0 0 0 0 0 0 0
"dropping" 0 0 0 0 0 0 0 0 0.00849834282314949 0 0.0116427989288625 0 0 0 0 0.013197835554969 0 0.01170138076293 0 0.0170415814587594 0 0 0 0 0 0 0 0 0
"drug" 0 0 0 0 0 0 0 0.0292997363023733 0 0 0 0 0 0 0 0 0.0223563603845294 0 0.00994727941907888 0 0 0 0 0 0 0 0 0 0
"earned" 0 0 0 0 0 0 0.0134553283100108 0 0 0 0 0 0 0 0 0 0 0 0 0 0 0 0.0189825360668185 0.0184229918938836 0 0.0103691414350892 0 0.0146391450739277 0
"easier" 0 0 0.0101020305081321 0 0 0 0.0134553283100108 0 0 0 0 0 0 0.0117343346632246 0 0 0.0223563603845294 0 0 0 0 0 0.0189825360668185 0 0 0 0 0 0
"eastern" 0 0 0 0 0 0 0 0 0 0 0.0349283967865875 0.00938086303939963 0 0 0 0 0 0 0 0 0 0 0 0 0 0 0.0182848784055586 0 0
"effort" 0.0112334306897326 0 0.0101020305081321 0 0 0 0 0.00976657876745776 0 0 0 0 0 0 0 0 0 0 0 0 0 0.0139684313451599 0 0 0.0200642054574639 0 0 0 0
"emergency" 0 0 0.0101020305081321 0 0 0.0135538086202223 0 0 0.016996685646299 0 0 0 0 0 0 0.013197835554969 0 0 0 0 0 0 0 0 0 0 0 0 0
"emotion" 0 0 0 0 0 0 0 0 0 0 0 0 0 0 0.0426148470126992 0 0 0 0 0 0 0 0 0 0 0 0 0 0
"enchanter" 0 0 0 0 0.0682407533779173 0 0 0 0 0 0 0 0 0 0 0 0 0 0 0 0 0 0 0 0 0 0 0 0
"engage" 0.0224668613794653 0 0 0 0 0 0 0 0.00849834282314949 0 0 0 0 0.0117343346632246 0 0 0 0.01170138076293 0 0 0 0 0 0 0 0 0 0 0
"engineers" 0 0 0 0 0 0 0 0 0 0 0 0 0 0 0 0 0 0 0 0 0 0.0139684313451599 0 0 0 0.0103691414350892 0 0.043917435221783 0
"enzo" 0 0 0 0 0 0 0 0.0488328938372888 0 0 0 0 0 0 0 0 0 0 0 0 0 0 0 0 0 0 0 0 0
"european" 0 0.018875047187618 0 0 0.0272963013511669 0 0 0 0 0 0 0 0 0 0 0 0 0 0 0.0170415814587594 0 0 0 0 0 0.0103691414350892 0 0 0
"events" 0 0 0 0.0237586124970302 0 0 0 0 0 0.012132977432662 0 0 0 0 0 0 0 0 0.00994727941907888 0 0 0 0.0189825360668185 0 0 0 0 0 0
"evidence" 0 0.018875047187618 0 0 0 0 0.0134553283100108 0 0 0 0 0 0 0 0 0 0 0 0 0 0 0 0.0189825360668185 0 0 0 0 0.0292782901478554 0
"exact" 0 0.0377500943752359 0 0.0237586124970302 0 0 0 0 0 0.012132977432662 0 0 0 0 0 0 0 0 0 0 0 0 0 0 0 0 0 0 0
"example" 0 0 0 0 0.0136481506755835 0 0 0 0.00849834282314949 0.024265954865324 0 0 0 0.0117343346632246 0 0 0 0 0 0 0 0 0 0 0 0 0 0 0
"exit" 0 0 0 0 0 0 0 0 0.016996685646299 0 0 0 0 0 0 0 0 0 0 0 0 0 0 0 0 0.0311074243052675 0 0 0
"expert" 0 0.0377500943752359 0 0 0 0 0 0 0 0 0 0 0 0 0 0.013197835554969 0 0 0 0 0 0 0.0379650721336371 0 0 0 0 0 0
"explanation" 0 0 0.0101020305081321 0 0 0 0 0 0 0 0 0 0 0 0 0.026395671109938 0 0 0 0 0 0 0 0 0 0 0.0365697568111172 0 0
"extract" 0 0 0.0101020305081321 0 0 0 0 0 0 0 0 0 0 0 0.0170459388050797 0 0 0.01170138076293 0 0 0 0 0 0 0 0 0 0 0.0181488203266788
"fangorn" 0 0 0 0 0 0 0 0 0 0 0 0.0469043151969981 0 0 0 0 0 0 0 0 0 0 0 0 0 0 0 0 0
"feast" 0 0 0 0 0.0136481506755835 0 0 0 0 0.012132977432662 0 0 0.0102658864592958 0.0117343346632246 0 0 0 0 0 0 0 0 0 0.0184229918938836 0 0 0 0 0
"fetch" 0 0.018875047187618 0 0 0 0 0 0 0.00849834282314949 0 0 0 0 0.0234686693264492 0 0 0 0 0 0 0.0147666863555818 0 0 0 0 0 0 0 0
"fever" 0 0 0 0 0 0 0.0134553283100108 0 0 0 0 0 0 0 0 0.013197835554969 0.0223563603845294 0 0 0 0 0 0 0 0 0 0.0365697568111172 0 0
"filled" 0 0 0 0 0 0 0 0 0 0 0 0 0 0 0.0255689082076195 0 0 0 0 0 0.0147666863555818 0 0 0 0 0.0103691414350892 0 0 0
"film" 0 0 0 0 0 0 0 0.0195331575349155 0 0 0 0 0 0 0 0.013197835554969 0 0 0 0.0170415814587594 0 0 0.0189825360668185 0 0 0 0 0 0
"filth" 0 0 0 0 0.0136481506755835 0 0 0 0.00849834282314949 0 0 0 0.0307976593778873 0 0 0 0 0 0 0 0 0 0 0 0 0 0 0 0
"finger" 0 0 0 0 0 0 0 0 0.00849834282314949 0 0 0 0 0.0117343346632246 0 0.013197835554969 0 0 0.00994727941907888 0 0 0 0 0 0 0 0 0.0146391450739277 0
"flavor" 0.0112334306897326 0 0 0 0 0 0.0134553283100108 0 0 0.0363989322979859 0 0 0 0 0 0 0 0 0 0 0 0 0 0 0 0 0 0 0
"flee" 0 0 0 0 0 0 0 0 0 0 0 0.0187617260787993 0.0307976593778873 0 0 0 0 0 0 0 0 0 0 0 0 0 0 0 0
"flies" 0 0 0 0 0 0 0 0.00976657876745776 0 0 0 0 0.0102658864592958 0 0 0 0.0223563603845294 0 0 0 0.0147666863555818 0 0 0 0 0 0 0.0146391450739277 0
"foe" 0 0 0 0 0.0136481506755835 0 0 0 0.00849834282314949 0 0.0116427989288625 0.00938086303939963 0 0 0 0 0 0 0 0 0 0 0 0.0184229918938836 0 0 0 0 0
"fold" 0 0 0 0 0 0 0 0 0 0 0 0 0 0 0 0 0 0 0 0 0 0.0279368626903199 0 0 0 0.0103691414350892 0 0 0.0362976406533575
"foley" 0 0 0 0 0 0 0 0 0 0 0 0 0 0 0 0 0 0 0.0497363970953944 0 0 0 0 0 0 0 0 0 0
"footlocker" 0 0 0 0 0 0 0 0 0 0 0 0 0 0 0 0 0 0 0 0.0340831629175187 0 0.0419052940354798 0 0 0 0 0 0 0
"forms" 0 0 0.0202040610162643 0 0 0 0.0134553283100108 0 0 0 0 0 0 0 0.0170459388050797 0 0 0 0 0 0 0 0 0 0 0 0 0 0
"fort" 0 0 0.0101020305081321 0 0 0 0 0 0 0 0 0 0 0.0234686693264492 0 0 0 0 0 0 0 0 0 0 0 0 0 0.0292782901478554 0
"fortunate" 0 0 0.0202040610162643 0 0 0 0.0134553283100108 0 0 0.012132977432662 0 0 0.0102658864592958 0 0 0 0 0 0 0 0 0 0 0 0 0 0 0 0
"fortune" 0 0 0 0.0118793062485151 0.0136481506755835 0 0.0134553283100108 0.00976657876745776 0 0 0 0.00938086303939963 0 0 0 0 0 0 0 0 0 0 0 0 0 0 0 0 0
"foxholes" 0 0 0 0 0 0 0 0 0 0 0 0 0 0 0 0 0 0 0.0497363970953944 0 0 0 0 0 0 0 0 0 0
"frankly" 0 0.018875047187618 0.0101020305081321 0 0 0 0 0 0 0 0 0 0 0 0 0 0 0 0.00994727941907888 0 0 0 0 0 0.0200642054574639 0.0103691414350892 0 0 0
"freeze" 0 0 0 0 0 0.0135538086202223 0 0 0 0 0 0 0 0 0 0 0.0670690811535882 0 0 0 0 0 0 0 0.0200642054574639 0 0 0 0
"friday" 0.0449337227589306 0 0 0 0 0 0 0.00976657876745776 0 0 0 0 0 0 0 0 0 0 0 0 0 0 0 0 0 0 0 0 0
"frogmen" 0 0 0 0 0 0 0 0 0 0 0 0 0 0 0 0 0 0 0 0 0 0 0 0 0 0 0 0 0.0907441016333938
"frozen" 0.0112334306897326 0 0.0101020305081321 0 0.0136481506755835 0 0 0 0 0 0 0 0 0 0 0.013197835554969 0 0 0 0 0 0 0 0 0 0 0.0182848784055586 0 0
"fry" 0.0112334306897326 0 0.0101020305081321 0 0 0 0 0.0195331575349155 0 0 0 0 0 0 0 0 0.0223563603845294 0 0 0 0 0 0 0 0 0 0 0 0
"gain" 0 0 0.0101020305081321 0 0 0 0 0 0 0 0 0 0 0 0 0 0 0 0.00994727941907888 0 0 0 0.0189825360668185 0 0 0.0103691414350892 0 0 0.0181488203266788
"gap" 0 0 0 0 0 0 0 0 0 0 0.04657119571545 0 0 0 0 0 0 0 0 0 0 0 0 0.0184229918938836 0 0 0 0 0
"gigawatts" 0 0 0 0.0593965312425754 0 0 0 0 0 0 0 0 0 0 0 0 0 0 0 0 0 0 0 0 0 0 0 0 0
"glorious" 0 0 0 0 0 0 0.0269106566200215 0 0.00849834282314949 0 0 0 0 0 0 0 0 0 0 0 0 0 0 0.0184229918938836 0 0 0.0182848784055586 0 0
"goal" 0.0224668613794653 0.018875047187618 0 0 0 0 0 0 0 0 0 0.00938086303939963 0 0.0117343346632246 0 0 0 0 0 0 0 0 0 0 0 0 0 0 0
"grandma" 0 0 0 0 0 0 0 0 0 0 0 0 0 0 0.0170459388050797 0 0 0 0.0198945588381578 0 0 0 0 0 0 0 0.0182848784055586 0 0
"grass" 0 0 0 0 0 0 0 0 0 0 0.0116427989288625 0 0.0102658864592958 0 0 0 0 0 0 0 0 0.0279368626903199 0 0 0 0.0103691414350892 0 0 0
"greatness" 0 0 0 0 0 0 0.0538213132400431 0 0 0.012132977432662 0 0 0 0 0 0 0 0 0 0 0 0 0 0 0 0 0 0 0
"grimesy" 0 0 0 0 0 0 0 0 0 0 0 0 0 0 0 0 0 0.0585069038146501 0 0 0 0 0 0 0 0 0 0 0
"grip" 0 0 0.0101020305081321 0.0118793062485151 0.0136481506755835 0 0 0 0 0.012132977432662 0 0 0 0 0 0 0 0 0 0 0 0 0 0 0 0 0.0182848784055586 0 0
"grma" 0 0 0 0 0 0 0 0 0 0 0 0.0469043151969981 0 0 0 0 0 0 0 0 0 0 0 0 0 0 0 0 0
"grunts" 0 0 0 0 0 0 0 0 0 0 0 0 0 0 0 0 0 0 0 0 0 0.0698421567257997 0 0 0 0 0 0 0
"guarded" 0 0 0 0 0.0136481506755835 0.0135538086202223 0 0.0195331575349155 0 0 0.0116427989288625 0 0 0 0 0 0 0 0 0 0 0 0 0 0 0 0 0 0
"guest" 0 0 0.0101020305081321 0 0.0272963013511669 0 0 0 0 0 0 0.00938086303939963 0 0 0 0 0 0 0 0 0 0.0139684313451599 0 0 0 0 0 0 0
"gunner" 0 0 0 0 0 0 0 0 0 0 0 0 0 0 0 0 0 0.01170138076293 0 0 0.0147666863555818 0 0.0569476082004556 0 0 0 0 0 0
"guy^s" 0.0112334306897326 0 0 0 0 0 0 0 0 0 0 0 0 0 0 0 0 0.01170138076293 0 0 0.0147666863555818 0 0 0 0 0.0103691414350892 0 0 0.0181488203266788
"harder" 0.0112334306897326 0 0 0 0 0 0 0 0 0 0 0 0 0 0 0 0 0 0.00994727941907888 0 0 0.0139684313451599 0.0189825360668185 0 0 0.0103691414350892 0 0 0
"harvest" 0 0 0.0404081220325285 0 0 0 0.0134553283100108 0 0 0 0 0 0 0 0 0 0 0 0 0 0 0 0 0 0 0 0 0 0
"hasty" 0 0 0 0 0 0 0 0 0 0 0 0.0469043151969981 0 0 0 0 0 0 0 0 0 0 0 0 0 0 0 0 0
"hated" 0.0337002920691979 0 0 0 0 0 0 0 0 0 0 0 0 0 0.00852296940253985 0 0 0 0 0 0 0 0 0 0 0 0.0182848784055586 0 0
"hobbitses" 0 0 0 0 0 0 0 0 0 0 0 0.0187617260787993 0.0307976593778873 0 0 0 0 0 0 0 0 0 0 0 0 0 0 0 0
"honorable" 0 0 0 0 0 0 0 0 0 0.012132977432662 0 0.00938086303939963 0.0205317729185915 0 0 0 0 0 0.00994727941907888 0 0 0 0 0 0 0 0 0 0
"horn" 0 0 0 0 0 0 0 0 0 0 0.0116427989288625 0.0375234521575985 0 0 0 0 0 0 0 0 0 0 0 0 0 0 0 0 0
"horny" 0 0 0 0 0 0 0 0 0 0 0 0 0 0 0 0 0 0 0 0 0 0.0558737253806398 0 0 0 0 0.0182848784055586 0 0
"houses" 0 0 0 0 0 0 0 0 0 0.024265954865324 0 0 0.0102658864592958 0 0 0 0 0 0 0 0.0147666863555818 0 0 0 0 0 0 0 0.0181488203266788
"hue" 0 0 0 0 0 0 0 0 0 0 0 0 0 0 0 0 0 0 0 0 0 0.0698421567257997 0 0 0 0 0 0 0
"iceberg" 0 0 0 0 0 0 0 0 0.0424917141157474 0 0 0 0 0 0 0 0 0 0 0 0 0 0 0 0 0 0 0 0
"ied" 0 0 0 0 0 0 0 0 0 0 0 0 0 0 0 0 0 0 0 0 0 0 0 0 0 0 0 0 0.0907441016333938
"ike" 0 0 0 0 0 0 0 0 0 0 0 0 0 0 0 0 0 0 0 0.0170415814587594 0 0 0 0 0 0 0 0.0585565802957107 0
"imagined" 0.0112334306897326 0.018875047187618 0 0 0 0 0 0 0 0 0 0 0 0 0.00852296940253985 0.013197835554969 0 0 0.00994727941907888 0 0 0 0 0 0 0 0 0 0
"immediate" 0 0 0 0 0 0.0135538086202223 0 0 0.00849834282314949 0 0 0 0 0 0 0 0 0 0 0 0 0.0139684313451599 0 0 0 0 0 0 0.0362976406533575
"impress" 0 0 0 0 0 0 0 0 0.00849834282314949 0 0 0 0 0.0117343346632246 0.00852296940253985 0 0 0 0 0.0170415814587594 0 0 0.0189825360668185 0 0 0 0 0 0
"impressive" 0 0 0 0 0 0.0135538086202223 0 0 0 0 0 0 0.0102658864592958 0.0234686693264492 0.00852296940253985 0 0 0 0 0 0 0 0 0 0 0 0 0 0
"inch" 0 0 0 0 0 0 0 0 0.00849834282314949 0.012132977432662 0 0 0 0 0 0 0 0 0 0 0 0.0139684313451599 0 0 0 0.0103691414350892 0 0 0.0181488203266788
"inches" 0 0.018875047187618 0 0 0 0 0 0 0.00849834282314949 0 0 0 0 0 0 0.013197835554969 0 0 0 0 0 0.0279368626903199 0 0 0 0 0 0 0
"incredible" 0 0.018875047187618 0.0101020305081321 0 0 0 0 0 0.00849834282314949 0 0 0 0 0 0.00852296940253985 0.013197835554969 0 0 0 0 0 0 0 0 0 0 0 0 0
"intact" 0 0 0.0101020305081321 0.0118793062485151 0 0 0 0 0.00849834282314949 0 0 0 0.0102658864592958 0 0 0 0 0 0 0 0 0 0 0 0 0 0 0.0146391450739277 0
"interested" 0 0.018875047187618 0 0 0.0136481506755835 0 0 0 0.00849834282314949 0.024265954865324 0 0 0 0 0 0 0 0 0 0 0 0 0 0 0 0 0 0 0
"isildur^s" 0 0 0 0 0 0 0 0 0 0 0.023285597857725 0.00938086303939963 0.0205317729185915 0 0 0 0 0 0 0 0 0 0 0 0 0 0 0 0
"it^d" 0 0 0.0101020305081321 0 0 0 0 0 0 0.012132977432662 0 0 0 0.0117343346632246 0.00852296940253985 0.013197835554969 0 0 0 0 0 0 0 0 0 0 0 0 0
"ivan" 0 0 0 0 0 0 0 0 0 0 0 0 0 0 0 0 0 0 0 0 0 0 0 0 0 0 0.091424392027793 0 0
"jail" 0 0 0 0 0 0.0135538086202223 0 0.00976657876745776 0 0 0 0 0 0.0117343346632246 0.0170459388050797 0 0 0 0 0 0 0 0 0 0 0 0 0 0
"jake" 0 0 0 0 0 0 0 0 0 0 0 0 0 0 0 0 0 0 0 0 0 0 0 0 0 0 0 0 0.0907441016333938
"jamie" 0 0 0 0 0 0 0 0 0 0 0 0 0 0 0 0 0 0.0585069038146501 0 0 0 0 0 0 0 0 0 0 0
"jerry" 0 0 0 0.0118793062485151 0 0 0 0 0 0 0 0 0 0 0 0 0 0 0 0 0.0443000590667454 0 0 0 0 0 0 0.0146391450739277 0
"jobs" 0.0112334306897326 0 0 0.0118793062485151 0 0 0 0 0 0 0 0 0 0 0.00852296940253985 0 0 0.01170138076293 0.00994727941907888 0 0 0 0 0 0 0 0 0 0
"jock" 0 0.0943752359380898 0 0 0 0 0 0 0 0 0 0 0 0 0 0 0 0 0 0 0 0 0 0 0 0 0 0 0
"joey" 0 0 0 0.0593965312425754 0 0 0 0 0 0 0 0 0 0 0 0 0 0 0 0 0 0 0 0 0 0 0 0 0
"juliet" 0 0 0 0 0 0 0 0 0 0 0 0 0 0 0 0 0 0.0585069038146501 0 0 0 0 0 0 0 0 0 0 0
"jumped" 0 0 0 0.0118793062485151 0 0 0 0 0 0 0 0 0 0 0 0 0 0 0 0.0170415814587594 0.0295333727111636 0 0 0 0 0 0 0.0146391450739277 0
"june" 0 0 0 0 0 0 0 0 0 0 0 0 0 0 0 0 0 0 0 0 0 0 0 0 0.0401284109149278 0 0 0.043917435221783 0
"keeper" 0 0 0 0 0.0272963013511669 0 0 0 0 0.0363989322979859 0 0 0 0 0 0 0 0 0 0 0 0 0 0 0 0 0 0 0
"keldysh" 0 0 0 0 0 0 0 0 0.0424917141157474 0 0 0 0 0 0 0 0 0 0 0 0 0 0 0 0 0 0 0 0
"kicked" 0.0112334306897326 0 0 0.0118793062485151 0.0136481506755835 0.0135538086202223 0 0 0 0 0 0 0 0 0.00852296940253985 0 0 0 0 0 0 0 0 0 0 0 0 0 0
"kin" 0 0 0 0 0 0 0 0 0.00849834282314949 0 0.0116427989288625 0.0281425891181989 0 0 0 0 0 0 0 0 0 0 0 0 0 0 0 0 0
"kinda" 0.0337002920691979 0 0 0 0 0.0135538086202223 0 0 0 0 0 0 0 0 0 0 0 0 0 0 0 0 0 0.0184229918938836 0 0 0 0 0
"knocked" 0 0 0 0 0 0 0 0 0.00849834282314949 0.012132977432662 0 0 0 0 0 0 0 0 0.00994727941907888 0 0 0 0 0 0 0 0.0182848784055586 0.0146391450739277 0
"knowledge" 0.0112334306897326 0 0 0 0 0 0 0.00976657876745776 0 0.012132977432662 0.0116427989288625 0 0 0 0 0 0 0 0 0 0 0 0.0189825360668185 0 0 0 0 0 0
"lamb" 0 0 0 0 0 0 0 0 0.016996685646299 0 0 0 0 0 0 0.026395671109938 0 0 0 0 0.0147666863555818 0 0 0 0 0 0 0 0
"lamps" 0 0 0 0 0 0 0 0 0 0 0 0 0 0 0 0 0 0 0 0 0 0 0 0.0921149594694178 0 0 0 0 0
"larry" 0 0 0 0 0 0 0 0 0 0 0 0 0 0 0 0.0527913422198759 0 0 0 0 0 0 0 0 0 0 0 0 0.0181488203266788
"leads" 0.0112334306897326 0 0.0101020305081321 0 0.0272963013511669 0 0 0 0 0 0 0.00938086303939963 0 0 0 0 0 0 0 0 0 0 0 0 0 0 0 0 0
"leak" 0 0 0.0202040610162643 0 0 0 0 0.0195331575349155 0 0 0 0 0 0.0117343346632246 0 0 0 0 0 0 0 0 0 0 0 0 0 0 0
"legend" 0.0112334306897326 0 0 0 0 0 0 0 0 0 0.023285597857725 0.00938086303939963 0 0 0 0 0 0 0.00994727941907888 0 0 0 0 0 0 0 0 0 0
"lesser" 0 0 0 0 0 0.0135538086202223 0 0 0 0 0 0.00938086303939963 0.0205317729185915 0 0 0 0 0 0 0 0 0 0.0189825360668185 0 0 0 0 0 0
"leverage" 0 0 0 0 0 0 0 0 0.00849834282314949 0 0 0 0 0.0469373386528984 0 0 0 0 0 0 0 0 0 0 0 0 0 0 0
"lightly" 0 0.018875047187618 0.0101020305081321 0 0 0 0 0 0 0 0.023285597857725 0 0.0102658864592958 0 0 0 0 0 0 0 0 0 0 0 0 0 0 0 0
"liked" 0 0 0 0 0 0 0 0.00976657876745776 0.00849834282314949 0 0 0 0 0.0117343346632246 0 0.013197835554969 0 0 0 0 0 0.0139684313451599 0 0 0 0 0 0 0
"likely" 0 0 0 0 0 0 0 0 0 0 0 0.00938086303939963 0.0102658864592958 0.0234686693264492 0 0 0 0 0 0 0 0 0 0 0 0 0 0.0146391450739277 0
"liver" 0 0 0 0 0.0136481506755835 0 0 0 0 0.012132977432662 0 0 0 0 0 0 0.0223563603845294 0 0 0 0 0 0 0 0 0.0207382828701783 0 0 0
"log" 0 0 0.0101020305081321 0.0118793062485151 0 0.0271076172404446 0 0 0.00849834282314949 0 0 0 0 0 0 0 0 0 0 0 0 0 0 0 0 0 0 0 0
"lovett" 0 0 0 0 0 0 0 0 0.0424917141157474 0 0 0 0 0 0 0 0 0 0 0 0 0 0 0 0 0 0 0 0
"maddox" 0 0 0 0 0 0 0 0 0 0 0 0 0 0 0 0 0 0.0585069038146501 0 0 0 0 0 0 0 0 0 0 0
"maintain" 0 0 0.0101020305081321 0 0.0136481506755835 0 0 0 0.00849834282314949 0 0 0 0 0 0 0 0 0.01170138076293 0 0 0.0147666863555818 0 0 0 0 0 0 0 0
"mams" 0 0 0 0 0 0 0 0 0 0 0 0 0 0 0 0 0 0 0 0 0 0 0 0 0 0 0 0 0.0907441016333938
"maneuver" 0 0 0.0202040610162643 0 0 0 0 0 0 0 0 0 0 0 0 0 0 0 0 0 0.0295333727111636 0 0 0 0 0 0 0 0.0181488203266788
"manner" 0 0 0 0 0.0136481506755835 0 0.0134553283100108 0 0 0 0 0 0.0102658864592958 0.0234686693264492 0 0 0 0 0 0 0 0 0 0 0 0 0 0 0
"masters" 0 0 0 0 0 0 0 0 0.00849834282314949 0 0.0116427989288625 0.0187617260787993 0 0 0 0 0 0 0 0 0 0.0139684313451599 0 0 0 0 0 0 0
"mcknight" 0 0 0 0 0 0 0 0 0 0 0 0 0 0 0 0 0 0.0585069038146501 0 0 0 0 0 0 0 0 0 0 0
"medics" 0 0 0 0 0 0 0 0 0 0 0 0 0 0 0 0 0 0.01170138076293 0.0198945588381578 0 0 0 0 0 0 0 0.0365697568111172 0 0
"mention" 0 0 0 0 0 0 0 0.00976657876745776 0 0.012132977432662 0 0 0.0102658864592958 0.0117343346632246 0 0 0 0 0 0 0 0 0 0 0 0 0 0.0146391450739277 0
"mentioned" 0 0.018875047187618 0 0 0 0 0 0 0.00849834282314949 0 0 0 0 0.0117343346632246 0.0170459388050797 0 0 0 0 0 0 0 0 0 0 0 0 0 0
"meriadoc" 0 0 0 0 0 0 0 0 0 0 0.023285597857725 0.00938086303939963 0.0205317729185915 0 0 0 0 0 0 0 0 0 0 0 0 0 0 0 0
"mics" 0 0 0 0 0 0 0 0 0 0 0 0 0 0 0 0 0 0 0 0 0 0 0 0 0 0 0 0 0.0907441016333938
"mikey" 0 0 0 0 0 0 0 0.039066315069831 0 0 0 0 0 0 0 0 0 0 0 0 0 0 0 0 0 0 0 0 0.0181488203266788
"mommy" 0 0 0 0 0 0 0 0 0.00849834282314949 0 0 0 0 0 0.00852296940253985 0.026395671109938 0 0 0 0 0 0.0139684313451599 0 0 0 0 0 0 0
"monsieur" 0 0.0566251415628539 0 0 0.0136481506755835 0 0 0 0.00849834282314949 0 0 0 0 0 0 0 0 0 0 0 0 0 0 0 0 0 0 0 0
"morgan" 0.0224668613794653 0 0 0 0 0 0 0 0 0 0 0 0 0 0 0 0 0 0 0 0 0 0 0.0552689756816507 0 0 0 0 0
"mortal" 0 0 0 0 0 0 0 0 0 0 0.0116427989288625 0.00938086303939963 0.0102658864592958 0.0117343346632246 0 0 0 0 0 0 0 0 0 0.0184229918938836 0 0 0 0 0
"motherfucker" 0 0 0 0 0 0 0 0 0 0 0 0 0 0 0 0 0.0223563603845294 0.0234027615258601 0 0 0 0.0139684313451599 0 0 0 0 0 0 0.0181488203266788
"movies" 0.0112334306897326 0 0 0 0 0 0 0.0195331575349155 0 0 0 0 0 0 0 0 0 0 0.00994727941907888 0 0 0 0 0 0.0200642054574639 0 0 0 0
"multiple" 0.0112334306897326 0 0 0 0 0 0 0 0 0 0 0 0 0 0 0 0 0 0 0 0 0 0 0 0 0 0 0 0.0725952813067151
"narcotics" 0 0 0 0 0 0 0 0.0488328938372888 0 0 0 0 0 0 0 0 0 0 0 0 0 0 0 0 0 0 0 0 0
"natural" 0 0 0 0.0237586124970302 0 0 0.0134553283100108 0 0 0 0 0.0187617260787993 0 0 0 0 0 0 0 0 0 0 0 0 0 0 0 0 0
"neuville" 0 0 0 0 0 0 0 0 0 0 0 0 0 0 0 0 0 0 0 0 0 0 0 0 0 0.0518457071754459 0 0 0
"newspaper" 0 0 0 0 0 0 0 0.0195331575349155 0 0 0 0 0 0 0 0 0 0 0 0 0 0.0139684313451599 0 0.0184229918938836 0 0 0.0182848784055586 0 0
"newswatch" 0 0 0 0 0 0 0 0 0 0 0 0 0 0 0 0.0659891777748449 0 0 0 0 0 0 0 0 0 0 0 0 0
"nixon" 0 0 0 0 0 0 0 0 0 0 0 0 0 0 0 0 0 0 0.0298418382572366 0.0340831629175187 0 0 0 0 0 0 0 0 0
"norwegians" 0 0 0 0 0 0 0 0 0 0 0 0 0 0 0 0 0.0670690811535882 0 0 0 0 0 0.0379650721336371 0 0 0 0 0 0
"nowhere" 0 0 0.0202040610162643 0.0118793062485151 0 0 0 0 0 0 0 0 0 0.0117343346632246 0 0 0.0223563603845294 0 0 0 0 0 0 0 0 0 0 0 0
"nuclear" 0 0 0 0.0593965312425754 0 0 0 0 0 0 0 0 0 0 0 0 0 0 0 0 0 0 0 0 0 0 0 0 0
"obstacle" 0 0 0 0 0 0 0 0 0 0 0 0 0 0 0 0 0 0 0 0 0 0.0698421567257997 0 0 0 0 0 0 0
"occasion" 0 0 0 0 0.0136481506755835 0 0 0 0 0 0 0 0 0.0352030039896738 0 0.013197835554969 0 0 0 0 0 0 0 0 0 0 0 0 0
"occupied" 0 0 0 0 0 0 0 0.00976657876745776 0 0 0 0 0 0 0 0 0 0.01170138076293 0 0.0170415814587594 0 0.0139684313451599 0 0 0 0 0 0.0146391450739277 0
"odd" 0 0.018875047187618 0 0 0 0 0.0134553283100108 0 0 0.024265954865324 0.0116427989288625 0 0 0 0 0 0 0 0 0 0 0 0 0 0 0 0 0 0
"official" 0 0 0 0 0 0 0 0 0 0.012132977432662 0 0 0 0 0 0 0 0 0.00994727941907888 0 0 0.0139684313451599 0 0 0 0 0 0.0292782901478554 0
"op-" 0 0 0 0 0 0 0 0 0 0 0 0 0 0 0 0 0 0 0 0 0 0 0 0 0 0 0 0 0.0907441016333938
"opened" 0 0 0 0 0 0 0 0 0.00849834282314949 0 0 0 0 0 0 0 0.0223563603845294 0 0 0 0 0 0 0.0184229918938836 0 0 0.0365697568111172 0 0
"operations" 0 0 0 0 0 0.0135538086202223 0 0.00976657876745776 0 0 0 0 0 0 0 0 0 0 0 0 0 0 0 0 0 0.0207382828701783 0 0 0.0181488203266788
"overthe" 0 0 0 0 0 0 0 0 0.0424917141157474 0 0 0 0 0 0 0 0 0 0 0 0 0 0 0 0 0 0 0 0
"pacific" 0 0 0 0.0118793062485151 0 0 0 0 0 0 0 0 0 0 0 0 0 0 0 0 0 0 0 0.0368459837877671 0.0401284109149278 0 0 0 0
"pale" 0 0 0 0 0 0 0 0 0 0 0 0.00938086303939963 0.0307976593778873 0 0 0 0 0 0 0 0 0 0 0 0 0 0.0182848784055586 0 0
"paths" 0 0 0 0 0 0 0 0 0 0 0.023285597857725 0.00938086303939963 0.0205317729185915 0 0 0 0 0 0 0 0 0 0 0 0 0 0 0 0
"pattern" 0 0 0 0 0 0 0 0 0 0 0 0 0 0 0 0 0 0.0585069038146501 0 0 0 0 0 0 0 0 0 0 0
"patton" 0 0 0 0 0 0 0 0 0 0 0 0 0 0 0 0 0 0 0.0298418382572366 0.0340831629175187 0 0 0 0 0 0 0 0 0
"paying" 0 0 0 0 0 0 0 0.0195331575349155 0.00849834282314949 0 0 0 0 0 0 0 0 0 0 0.0170415814587594 0 0.0139684313451599 0 0 0 0 0 0 0
"peeking" 0 0 0 0 0 0.0135538086202223 0 0 0 0 0 0 0 0 0 0 0 0 0 0 0 0 0 0 0 0 0 0 0.0725952813067151
"penny" 0 0 0 0 0 0 0 0 0.00849834282314949 0 0 0 0 0 0 0 0 0 0 0.0681663258350375 0 0 0 0 0 0 0 0 0
"percent" 0 0 0.0202040610162643 0 0 0 0 0 0 0 0 0 0 0 0 0 0 0 0.00994727941907888 0.0170415814587594 0.0147666863555818 0 0 0 0 0 0 0 0
"personally" 0.0112334306897326 0 0.0101020305081321 0 0 0 0 0 0 0 0 0 0 0 0 0 0 0 0.00994727941907888 0 0 0.0139684313451599 0 0 0 0 0.0182848784055586 0 0
"personnel" 0 0 0 0 0 0 0 0 0 0 0 0 0 0 0 0 0 0.0468055230517201 0 0 0 0 0 0 0.0200642054574639 0 0 0 0
"picking" 0.0112334306897326 0 0 0.0118793062485151 0 0 0 0 0 0 0 0 0 0 0 0 0 0 0.00994727941907888 0 0 0 0 0 0 0 0 0.0146391450739277 0.0181488203266788
"pinned" 0 0 0 0 0 0 0 0 0 0 0 0 0 0 0 0 0 0.01170138076293 0.00994727941907888 0 0.0147666863555818 0 0 0 0 0 0 0.0292782901478554 0
"pip" 0 0 0 0 0 0 0 0 0 0 0.023285597857725 0.0187617260787993 0.0102658864592958 0 0 0 0 0 0 0 0 0 0 0 0 0 0 0 0
"placed" 0 0 0.0101020305081321 0 0 0 0 0 0 0 0 0 0 0.0117343346632246 0 0.013197835554969 0 0 0 0.0170415814587594 0 0 0 0 0 0.0103691414350892 0 0 0
"polite" 0 0 0 0 0 0.0135538086202223 0 0 0.00849834282314949 0 0 0 0.0102658864592958 0 0 0 0 0 0 0.0170415814587594 0 0.0139684313451599 0 0 0 0 0 0 0
"politicians" 0 0 0 0 0 0 0.0269106566200215 0.0292997363023733 0 0 0 0 0 0 0 0 0 0 0 0 0 0 0 0 0 0 0 0 0
"pony" 0.0112334306897326 0 0 0 0 0.0135538086202223 0 0 0 0 0.0349283967865875 0 0 0 0 0 0 0 0 0 0 0 0 0 0 0 0 0 0
"poppet" 0 0 0 0 0 0 0 0 0 0 0 0 0 0.058671673316123 0 0 0 0 0 0 0 0 0 0 0 0 0 0 0
"pork" 0 0 0 0 0 0 0 0 0 0 0 0 0.0205317729185915 0 0 0.013197835554969 0 0 0 0 0 0 0 0 0.0401284109149278 0 0 0 0
"practically" 0 0 0 0 0 0 0 0 0.00849834282314949 0 0 0 0 0 0 0 0.0223563603845294 0 0.00994727941907888 0 0.0295333727111636 0 0 0 0 0 0 0 0
"prefer" 0 0 0.0202040610162643 0 0 0 0 0 0.00849834282314949 0.012132977432662 0 0 0 0 0 0 0 0 0 0 0 0 0 0 0 0 0.0182848784055586 0 0
"prevent" 0 0 0 0.0118793062485151 0.0136481506755835 0 0 0.00976657876745776 0 0 0 0 0 0.0117343346632246 0 0.013197835554969 0 0 0 0 0 0 0 0 0 0 0 0 0
"process" 0 0 0 0 0 0 0 0.00976657876745776 0.00849834282314949 0 0 0 0 0 0.00852296940253985 0 0.0223563603845294 0 0 0 0 0 0 0.0184229918938836 0 0 0 0 0
"professional" 0.0112334306897326 0 0 0 0 0 0 0 0.016996685646299 0 0 0 0 0.0117343346632246 0 0 0 0 0.00994727941907888 0 0 0 0 0 0 0 0 0 0
"promoted" 0 0 0 0 0 0 0 0 0 0 0 0 0 0 0 0 0 0 0 0.0170415814587594 0.0147666863555818 0.0139684313451599 0 0.0184229918938836 0.0200642054574639 0 0 0 0
"protest" 0 0 0 0 0 0 0 0.00976657876745776 0 0 0 0 0 0.0117343346632246 0 0 0 0 0 0 0 0 0 0 0 0 0.0548546352166758 0 0
"quarter" 0 0 0 0.0118793062485151 0 0 0.0134553283100108 0 0 0 0 0 0 0.0117343346632246 0 0 0 0 0 0 0 0 0 0 0 0 0 0.0292782901478554 0
"quicker" 0 0 0 0 0 0 0 0 0 0 0 0 0 0 0.00852296940253985 0 0 0 0 0 0 0 0 0.0552689756816507 0 0 0 0.0146391450739277 0
"quietly" 0 0 0 0 0 0.0135538086202223 0 0 0 0.012132977432662 0.0116427989288625 0 0 0 0 0.013197835554969 0 0 0 0 0.0147666863555818 0 0 0 0 0 0 0 0
"rafterman" 0 0 0 0 0 0 0 0 0 0 0 0 0 0 0 0 0 0 0 0 0 0.0698421567257997 0 0 0 0 0 0 0
"rainbow" 0 0 0 0 0 0 0 0 0 0 0 0 0 0 0 0 0 0 0 0 0 0 0.0949126803340926 0 0 0 0 0 0
"randleman" 0 0 0 0 0 0 0 0 0 0 0 0 0 0 0 0 0 0 0.00994727941907888 0.0681663258350375 0 0 0 0 0 0 0 0 0
"rat" 0 0 0 0 0 0 0 0 0.00849834282314949 0.012132977432662 0 0 0.0205317729185915 0 0 0 0 0 0 0 0 0 0 0 0 0.0103691414350892 0 0 0
"ravenwood" 0 0.0943752359380898 0 0 0 0 0 0 0 0 0 0 0 0 0 0 0 0 0 0 0 0 0 0 0 0 0 0 0
"raw" 0 0 0 0 0 0 0 0 0 0 0 0.00938086303939963 0 0 0.00852296940253985 0 0 0 0 0 0 0 0.0569476082004556 0 0 0 0 0 0
"realm" 0 0 0 0 0 0 0 0 0 0 0.023285597857725 0.0187617260787993 0.0102658864592958 0 0 0 0 0 0 0 0 0 0 0 0 0 0 0 0
"recon" 0 0 0 0 0 0.0271076172404446 0 0 0 0 0 0 0 0 0 0 0 0 0.00994727941907888 0 0 0 0 0 0.0200642054574639 0.0103691414350892 0 0 0
"redman" 0 0 0 0 0 0 0 0 0 0 0 0 0 0 0 0 0 0 0 0 0 0 0 0 0 0 0 0 0.0907441016333938
"redrum" 0 0 0 0 0 0 0 0 0 0 0 0 0 0 0 0.0659891777748449 0 0 0 0 0 0 0 0 0 0 0 0 0
"refused" 0.0112334306897326 0 0 0 0 0 0 0.0292997363023733 0 0 0 0 0 0 0 0 0 0 0 0 0.0147666863555818 0 0 0 0 0 0 0 0
"reminds" 0 0 0.0101020305081321 0.0118793062485151 0 0 0 0 0 0 0 0 0 0 0 0 0 0 0.00994727941907888 0 0 0 0 0 0 0.0207382828701783 0 0 0
"removed" 0 0 0 0 0.0136481506755835 0 0 0 0 0 0.023285597857725 0 0 0.0117343346632246 0 0 0 0 0 0 0 0 0 0 0 0 0 0.0146391450739277 0
"replacement" 0 0 0 0 0 0 0 0 0 0 0 0 0 0 0 0 0 0 0.0298418382572366 0.0170415814587594 0 0 0 0 0 0.0103691414350892 0 0 0
"rider" 0 0 0 0 0 0 0 0 0 0 0.023285597857725 0.0187617260787993 0.0102658864592958 0 0 0 0 0 0 0 0 0 0 0 0 0 0 0 0
"rip" 0 0 0 0.0118793062485151 0 0 0 0 0 0 0.0116427989288625 0.00938086303939963 0 0 0 0 0 0 0 0 0 0.0139684313451599 0 0 0 0 0 0 0.0181488203266788
"risky" 0 0 0 0 0 0 0 0.00976657876745776 0 0 0 0.0187617260787993 0.0205317729185915 0 0 0 0 0 0 0 0 0 0 0 0 0 0 0 0
"rockets" 0 0 0 0 0 0.0135538086202223 0 0 0 0 0 0 0 0 0 0 0 0.01170138076293 0 0 0 0.0139684313451599 0 0 0.0200642054574639 0 0 0 0.0181488203266788
"rodriguez" 0 0 0 0 0 0 0 0 0 0 0 0 0 0 0 0 0 0 0 0 0 0 0 0.0921149594694178 0 0 0 0 0
"rohleder" 0 0 0 0 0 0 0 0 0 0 0 0 0 0 0 0 0 0 0 0 0 0 0 0 0 0 0.091424392027793 0 0
"ropes" 0 0 0 0 0 0 0 0 0 0 0 0 0 0.0117343346632246 0 0 0 0.01170138076293 0 0 0 0 0 0 0 0 0 0 0.0544464609800363
"rub" 0 0 0 0 0 0 0 0 0 0 0 0 0 0 0.0170459388050797 0.013197835554969 0 0 0 0.0170415814587594 0 0 0 0 0 0 0.0182848784055586 0 0
"sailed" 0 0 0 0 0 0.0135538086202223 0 0 0.00849834282314949 0 0 0 0 0.0234686693264492 0 0 0 0 0 0 0 0 0.0189825360668185 0 0 0 0 0 0
"salt" 0 0 0 0 0 0 0.0134553283100108 0 0 0 0 0.00938086303939963 0 0.0117343346632246 0 0 0 0.01170138076293 0 0 0 0 0 0 0.0200642054574639 0 0 0 0
"sandwich" 0.0112334306897326 0 0 0 0 0 0 0 0 0 0 0 0 0 0 0 0 0 0 0.0511247443762781 0 0.0139684313451599 0 0 0 0 0 0 0
"saruman^s" 0 0 0 0 0 0 0 0 0 0 0 0.0469043151969981 0 0 0 0 0 0 0 0 0 0 0 0 0 0 0 0 0
"scare" 0 0.018875047187618 0 0 0 0 0 0 0 0 0 0 0.0102658864592958 0 0 0.013197835554969 0 0.01170138076293 0 0 0 0.0139684313451599 0 0 0 0 0 0 0
"scott" 0.0224668613794653 0 0 0.0356379187455453 0 0 0 0 0 0 0 0 0 0 0 0 0 0 0 0 0 0 0 0 0 0 0 0 0
"screw" 0.0112334306897326 0 0 0 0 0 0 0 0 0 0 0 0 0 0.00852296940253985 0 0.0223563603845294 0 0 0.0170415814587594 0 0 0 0 0 0 0.0182848784055586 0 0
"season" 0 0 0.0303060915243964 0 0 0 0 0 0 0.012132977432662 0 0 0 0 0 0.013197835554969 0 0 0 0 0 0 0 0 0 0 0 0 0
"secured" 0 0 0 0 0 0.0135538086202223 0 0 0 0 0 0 0 0 0 0 0 0.01170138076293 0 0 0.0443000590667454 0 0 0 0 0 0 0 0
"senators" 0 0 0 0 0 0 0.0672766415500538 0 0 0 0 0 0 0 0 0 0 0 0 0 0 0 0 0 0 0 0 0 0
"sends" 0 0 0 0 0 0 0.0134553283100108 0 0 0 0 0.00938086303939963 0.0205317729185915 0 0 0 0 0 0 0 0 0 0 0 0 0 0.0182848784055586 0 0
"separate" 0 0 0 0 0.0272963013511669 0 0 0.00976657876745776 0 0 0.0116427989288625 0 0 0 0 0 0 0 0 0 0 0 0.0189825360668185 0 0 0 0 0 0
"settled" 0 0.0377500943752359 0 0 0 0 0 0 0.016996685646299 0 0 0 0 0 0 0 0 0 0 0 0.0147666863555818 0 0 0 0 0 0 0 0
"seventeen" 0.0112334306897326 0 0.0202040610162643 0 0 0 0 0 0 0 0 0.00938086303939963 0.0102658864592958 0 0 0 0 0 0 0 0 0 0 0 0 0 0 0 0
"severely" 0 0 0 0 0 0 0 0 0 0 0 0 0 0 0 0 0 0 0 0 0 0 0 0 0 0 0 0 0.0907441016333938
"shade" 0 0 0 0 0 0 0 0 0 0 0 0 0.0102658864592958 0.0117343346632246 0.0170459388050797 0 0 0 0 0 0 0 0 0 0 0.0103691414350892 0 0 0
"shames" 0 0 0 0 0 0 0 0 0 0 0 0 0 0 0 0 0 0 0.0397891176763155 0.0170415814587594 0 0 0 0 0 0 0 0 0
"sheets" 0 0 0 0 0 0.0135538086202223 0 0 0.016996685646299 0 0 0 0 0 0 0 0 0 0.00994727941907888 0 0 0 0 0 0 0.0103691414350892 0 0 0
"shelling" 0 0 0 0 0 0 0 0 0 0 0 0 0 0 0 0 0 0 0.0397891176763155 0 0 0 0 0 0 0 0 0.0146391450739277 0
"shelter" 0 0 0 0 0.0136481506755835 0 0 0 0 0 0 0 0 0 0 0 0 0 0 0.0170415814587594 0 0 0.0569476082004556 0 0 0 0 0 0
"shrubberies" 0 0 0 0 0.0682407533779173 0 0 0 0 0 0 0 0 0 0 0 0 0 0 0 0 0 0 0 0 0 0 0 0
"sid^s" 0 0 0 0 0 0.0542152344808891 0 0 0 0 0 0 0 0 0 0 0 0 0 0 0 0 0 0 0.0200642054574639 0 0 0 0
"signed" 0 0 0 0 0 0 0 0.0195331575349155 0 0 0 0.00938086303939963 0 0 0 0.013197835554969 0 0 0 0 0 0.0139684313451599 0 0 0 0 0 0 0
"skinnies" 0 0 0 0 0 0 0 0 0 0 0 0 0 0 0 0 0 0.0585069038146501 0 0 0 0 0 0 0 0 0 0 0
"slain" 0 0 0 0 0 0 0.0269106566200215 0 0 0.012132977432662 0 0 0.0205317729185915 0 0 0 0 0 0 0 0 0 0 0 0 0 0 0 0
"slaughter" 0 0 0.0101020305081321 0 0 0 0 0 0 0 0 0 0 0.0234686693264492 0 0 0 0 0 0 0 0.0139684313451599 0 0 0 0 0 0.0146391450739277 0
"slave" 0 0 0 0 0 0 0.0672766415500538 0 0 0 0 0 0 0 0 0 0 0 0 0 0 0 0 0 0 0 0 0 0
"snowball" 0 0 0 0 0 0 0 0 0 0 0 0 0 0 0 0 0 0 0.00994727941907888 0 0 0.0558737253806398 0 0 0 0 0 0 0
"someplace" 0 0 0 0 0 0 0 0 0.00849834282314949 0 0 0 0 0 0 0 0 0 0 0.0170415814587594 0.0295333727111636 0 0 0 0 0.0103691414350892 0 0 0
"somewhat" 0 0.018875047187618 0 0 0 0 0 0 0.016996685646299 0 0 0.00938086303939963 0 0 0 0.013197835554969 0 0 0 0 0 0 0 0 0 0 0 0 0
"southeast" 0 0 0.0101020305081321 0 0 0 0 0 0 0 0 0 0 0 0 0 0 0.0351041422887901 0 0 0 0.0139684313451599 0 0 0 0 0 0 0
"spared" 0 0 0 0 0 0 0.0269106566200215 0 0 0 0.023285597857725 0 0.0102658864592958 0 0 0 0 0 0 0 0 0 0 0 0 0 0 0 0
"spin" 0 0 0 0.0118793062485151 0 0 0 0 0.00849834282314949 0 0 0 0 0 0.0255689082076195 0 0 0 0 0 0 0 0 0 0 0 0 0 0
"spit" 0 0 0 0 0 0 0 0 0.00849834282314949 0 0.0116427989288625 0 0 0.0117343346632246 0 0 0 0 0 0 0 0 0 0 0 0.0207382828701783 0 0 0
"steps" 0 0 0 0 0 0 0 0 0.00849834282314949 0.012132977432662 0 0.00938086303939963 0 0 0.00852296940253985 0 0 0 0 0 0 0 0 0.0184229918938836 0 0 0 0 0
"stern" 0 0 0 0 0 0 0 0 0.0339933712925979 0 0 0 0 0.0117343346632246 0 0 0 0 0 0 0 0 0 0 0 0 0 0 0
"sticks" 0 0 0.0101020305081321 0 0 0.0135538086202223 0 0 0 0 0 0 0 0.0117343346632246 0.00852296940253985 0 0 0 0 0 0 0 0 0 0 0.0103691414350892 0 0 0
"sticky" 0 0 0 0 0 0 0 0 0.00849834282314949 0 0 0 0.0102658864592958 0 0 0 0 0 0 0 0 0 0 0 0 0.0311074243052675 0 0 0
"stinking" 0 0 0 0 0 0 0 0 0 0 0.0116427989288625 0.0187617260787993 0.0205317729185915 0 0 0 0 0 0 0 0 0 0 0 0 0 0 0 0
"stretch" 0 0 0.0101020305081321 0 0 0 0 0 0.00849834282314949 0 0 0 0 0 0 0.013197835554969 0 0 0.00994727941907888 0 0 0 0 0 0 0 0 0 0.0181488203266788
"strikes" 0 0 0 0.0237586124970302 0 0 0 0 0 0 0 0 0 0 0 0 0.0223563603845294 0 0.00994727941907888 0 0 0 0 0.0184229918938836 0 0 0 0 0
"suffering" 0.0224668613794653 0 0 0 0 0 0 0.00976657876745776 0 0 0 0 0 0 0 0 0 0 0 0 0 0 0 0.0184229918938836 0 0.0103691414350892 0 0 0
"summon" 0.0112334306897326 0 0 0 0.0136481506755835 0 0 0 0 0 0 0 0.0307976593778873 0 0 0 0 0 0 0 0 0 0 0 0 0 0 0 0
"surface" 0 0 0.0303060915243964 0 0 0 0 0 0.016996685646299 0 0 0 0 0 0 0 0 0 0 0 0 0 0 0 0 0 0 0 0
"survival" 0 0 0.0101020305081321 0 0 0 0.0269106566200215 0 0.00849834282314949 0 0 0.00938086303939963 0 0 0 0 0 0 0 0 0 0 0 0 0 0 0 0 0
"swallows" 0 0 0 0 0.0682407533779173 0 0 0 0 0 0 0 0 0 0 0 0 0 0 0 0 0 0 0 0 0 0 0 0
"swift" 0 0 0.0101020305081321 0 0 0 0 0 0 0 0 0.00938086303939963 0.0205317729185915 0 0 0 0 0 0 0 0 0 0 0 0 0.0103691414350892 0 0 0
"switch" 0 0 0.0202040610162643 0 0 0 0 0 0 0 0 0 0 0 0 0 0 0 0 0 0 0 0 0 0 0.0103691414350892 0 0.0146391450739277 0.0181488203266788
"syrette" 0 0 0 0 0 0 0 0 0 0 0 0 0 0 0 0 0 0 0.0397891176763155 0.0170415814587594 0 0 0 0 0 0 0 0 0
"talbert" 0 0 0 0 0 0 0 0 0 0 0 0 0 0 0 0 0 0 0 0.0340831629175187 0.0443000590667454 0 0 0 0 0 0 0 0
"taunt" 0 0 0 0 0.0272963013511669 0 0 0 0 0 0 0 0 0 0.0170459388050797 0 0 0 0 0 0 0 0 0 0 0.0103691414350892 0 0 0
"teacher" 0 0 0 0 0 0 0 0 0 0.0485319097306479 0 0 0 0 0 0 0 0 0 0 0 0 0 0 0 0.0103691414350892 0 0 0
"teachers" 0 0 0 0 0 0 0 0 0 0.0363989322979859 0 0 0 0 0 0 0 0 0 0 0 0.0139684313451599 0 0 0 0.0103691414350892 0 0 0
"tear" 0 0 0.0101020305081321 0.0118793062485151 0.0136481506755835 0 0 0 0 0 0 0 0 0 0 0 0 0 0 0 0 0.0139684313451599 0 0.0184229918938836 0 0 0 0 0
"tears" 0.0112334306897326 0 0 0 0 0 0 0 0.00849834282314949 0 0 0 0.0205317729185915 0 0 0 0 0 0 0 0 0 0 0 0 0 0.0182848784055586 0 0
"television" 0 0 0 0.0475172249940603 0 0 0 0 0 0 0 0 0 0 0 0.013197835554969 0 0 0 0 0 0 0 0 0 0 0 0 0
"terms" 0.0112334306897326 0 0 0 0 0 0 0 0 0 0 0 0 0.0117343346632246 0 0 0 0 0 0.0170415814587594 0 0.0139684313451599 0 0 0.0200642054574639 0 0 0 0
"terribly" 0 0 0 0 0.0136481506755835 0 0.0134553283100108 0 0 0 0.0116427989288625 0 0 0.0234686693264492 0 0 0 0 0 0 0 0 0 0 0 0 0 0 0
"tessio" 0 0 0 0 0 0 0 0.0488328938372888 0 0 0 0 0 0 0 0 0 0 0 0 0 0 0 0 0 0 0 0 0
"thief" 0 0 0 0 0 0 0 0 0.00849834282314949 0 0.0116427989288625 0.00938086303939963 0 0 0.0170459388050797 0 0 0 0 0 0 0 0 0 0 0 0 0 0
"throat" 0 0 0 0 0.0136481506755835 0 0 0 0 0 0 0.00938086303939963 0 0.0117343346632246 0 0 0 0 0.00994727941907888 0 0 0 0 0 0 0 0 0.0146391450739277 0
"thursday" 0 0.018875047187618 0 0 0.0272963013511669 0 0 0.00976657876745776 0 0 0 0 0 0 0.00852296940253985 0 0 0 0 0 0 0 0 0 0 0 0 0 0
"thus" 0 0 0 0 0 0 0 0 0 0.012132977432662 0 0 0.0307976593778873 0 0 0 0 0 0 0 0.0147666863555818 0 0 0 0 0 0 0 0
"thy" 0 0 0 0 0.0682407533779173 0 0 0 0 0 0 0 0 0 0 0 0 0 0 0 0 0 0 0 0 0 0 0 0
"titan" 0.0561671534486632 0 0 0 0 0 0 0 0 0 0 0 0 0 0 0 0 0 0 0 0 0 0 0 0 0 0 0 0
"topside" 0 0 0 0 0 0 0 0 0 0 0 0 0 0 0 0 0 0 0 0 0 0 0 0.0736919675755343 0.0200642054574639 0 0 0 0
"totem" 0 0 0 0 0 0 0 0 0 0 0 0 0 0 0.0426148470126992 0 0 0 0 0 0 0 0 0 0 0 0 0 0
"transmissions" 0 0 0.0505101525406607 0 0 0 0 0 0 0 0 0 0 0 0 0 0 0 0 0 0 0 0 0 0 0 0 0 0
"troubles" 0 0.018875047187618 0.0101020305081321 0 0 0 0 0 0 0 0.0116427989288625 0.00938086303939963 0 0 0 0 0 0 0 0 0 0 0.0189825360668185 0 0 0 0 0 0
"tuesday" 0 0 0 0 0 0.0135538086202223 0 0.00976657876745776 0.00849834282314949 0 0 0 0 0 0.00852296940253985 0 0 0 0 0 0 0 0 0 0.0200642054574639 0 0 0 0
"turning" 0 0 0.0101020305081321 0 0 0 0 0 0 0 0 0.00938086303939963 0.0102658864592958 0 0 0 0 0 0 0 0 0 0 0 0 0.0103691414350892 0 0 0.0181488203266788
"tv" 0 0 0 0.0237586124970302 0 0 0 0 0 0 0 0 0 0 0 0.013197835554969 0 0 0 0 0 0.0279368626903199 0 0 0 0 0 0 0
"twin" 0 0 0 0.0475172249940603 0.0136481506755835 0 0 0 0 0 0 0 0 0 0 0 0 0 0 0 0 0 0 0 0 0 0 0 0
"understands" 0.0112334306897326 0 0.0101020305081321 0 0 0 0.0134553283100108 0.00976657876745776 0 0 0 0 0 0 0.00852296940253985 0 0 0 0 0 0 0 0 0 0 0 0 0 0
"underwear" 0 0 0 0.0356379187455453 0.0136481506755835 0 0 0 0 0 0 0 0 0 0 0 0 0 0 0 0 0 0 0 0 0.0103691414350892 0 0 0
"upset" 0 0 0.0101020305081321 0 0 0 0.0134553283100108 0 0 0 0.0116427989288625 0 0 0 0 0 0 0 0 0 0 0 0 0 0 0.0207382828701783 0 0 0
"urgent" 0 0 0 0 0 0 0.0134553283100108 0 0 0.012132977432662 0 0.00938086303939963 0 0 0 0.013197835554969 0.0223563603845294 0 0 0 0 0 0 0 0 0 0 0 0
"useful" 0 0 0 0 0 0 0 0 0 0 0 0 0 0 0.0170459388050797 0 0 0 0.00994727941907888 0.0170415814587594 0 0 0.0189825360668185 0 0 0 0 0 0
"useless" 0 0 0.0101020305081321 0 0 0 0 0 0 0 0.0116427989288625 0 0.0102658864592958 0 0 0 0 0 0 0 0 0.0279368626903199 0 0 0 0 0 0 0
"valor" 0 0 0 0 0.0136481506755835 0 0.0134553283100108 0 0 0 0 0.0187617260787993 0.0102658864592958 0 0 0 0 0 0 0 0 0 0 0 0 0 0 0 0
"valuable" 0 0 0 0 0 0 0 0.00976657876745776 0 0 0 0 0 0 0 0 0 0 0 0 0 0 0.0189825360668185 0 0.0200642054574639 0.0207382828701783 0 0 0
"vehicle" 0 0 0 0.0118793062485151 0 0 0 0 0 0 0 0 0 0 0 0 0 0.0351041422887901 0 0 0 0 0 0 0 0 0 0 0.0181488203266788
"victor" 0 0 0 0 0 0 0.0403659849300323 0.00976657876745776 0 0 0 0 0 0 0 0 0 0 0 0 0 0 0 0.0184229918938836 0 0 0 0 0
"visit" 0 0 0 0 0 0 0 0 0 0.012132977432662 0.0116427989288625 0 0 0 0.00852296940253985 0 0 0.01170138076293 0 0 0 0 0 0 0.0200642054574639 0 0 0 0
"volunteered" 0 0 0 0 0 0 0 0 0 0 0 0 0 0 0 0 0 0 0.00994727941907888 0 0.0147666863555818 0 0.0569476082004556 0 0 0 0 0 0
"voyage" 0 0 0.0101020305081321 0 0 0 0 0 0.016996685646299 0 0 0 0 0 0 0 0 0 0 0.0170415814587594 0 0 0 0.0184229918938836 0 0 0 0 0
"waited" 0 0 0 0 0 0 0 0.00976657876745776 0.00849834282314949 0 0.0116427989288625 0 0 0.0117343346632246 0 0 0 0 0 0 0 0 0.0189825360668185 0 0 0 0 0 0
"wakanda" 0.0561671534486632 0 0 0 0 0 0 0 0 0 0 0 0 0 0 0 0 0 0 0 0 0 0 0 0 0 0 0 0
"walked" 0 0 0 0 0.0136481506755835 0 0 0 0.00849834282314949 0 0 0.00938086303939963 0.0102658864592958 0 0 0 0 0 0 0 0 0 0 0 0 0.0103691414350892 0 0 0
"watches" 0 0 0 0 0 0 0 0 0 0 0 0.0187617260787993 0 0 0 0 0 0 0 0 0 0 0 0.0368459837877671 0 0 0.0182848784055586 0 0
"wayne" 0 0 0 0 0 0 0 0 0 0 0 0 0 0 0 0 0 0 0 0.0170415814587594 0 0.0558737253806398 0 0 0 0 0 0 0
"wedge" 0 0 0.0404081220325285 0 0 0 0 0 0 0 0 0 0 0 0 0 0 0 0 0 0 0 0.0189825360668185 0 0 0 0 0 0
"welsh" 0 0 0 0 0 0 0 0 0 0 0 0 0 0 0 0 0 0 0 0.0681663258350375 0.0147666863555818 0 0 0 0 0 0 0 0
"wide" 0 0 0.0101020305081321 0 0 0 0 0 0 0 0.0116427989288625 0 0.0102658864592958 0 0 0 0 0 0 0 0 0 0 0 0 0 0 0.0146391450739277 0.0181488203266788
"wilson" 0 0 0 0.0356379187455453 0 0 0 0 0 0 0 0 0 0 0 0 0 0 0 0 0 0 0 0 0 0 0 0.0292782901478554 0
"winds" 0 0 0 0 0 0 0 0 0.00849834282314949 0 0 0 0 0 0 0.026395671109938 0.0223563603845294 0 0 0 0 0 0 0 0 0 0 0.0146391450739277 0
"wingardium" 0 0 0 0 0 0 0 0 0 0.0606648871633099 0 0 0 0 0 0 0 0 0 0 0 0 0 0 0 0 0 0 0
"wins" 0 0 0 0.0118793062485151 0 0 0 0 0 0.0363989322979859 0 0 0.0102658864592958 0 0 0 0 0 0 0 0 0 0 0 0 0 0 0 0
"winston" 0.0112334306897326 0 0 0 0.0136481506755835 0 0 0 0 0 0 0 0 0 0 0 0 0 0 0 0 0 0 0 0 0 0 0.043917435221783 0
"witches" 0 0 0 0 0.0545926027023338 0 0 0 0 0.012132977432662 0 0 0 0 0 0 0 0 0 0 0 0 0 0 0 0 0 0 0
"witzland" 0 0 0 0 0 0 0 0 0 0 0 0 0 0 0 0 0 0 0 0 0 0 0 0 0 0 0.091424392027793 0 0
"youth" 0 0 0 0.0118793062485151 0 0 0 0 0.00849834282314949 0.012132977432662 0 0 0 0 0.00852296940253985 0 0 0 0 0 0 0 0 0 0 0.0103691414350892 0 0 0
"yurek" 0 0 0 0 0 0 0 0 0 0 0 0 0 0 0 0 0 0.0585069038146501 0 0 0 0 0 0 0 0 0 0 0
"-fuck" 0 0 0 0 0 0 0 0 0 0 0 0 0 0 0 0 0 0.0351041422887901 0 0 0 0.0139684313451599 0 0 0 0 0 0 0
"-help" 0 0 0.0101020305081321 0 0 0 0 0 0 0 0.0349283967865875 0 0 0 0 0 0 0 0 0 0 0 0 0 0 0 0 0 0
"-in" 0 0 0.0101020305081321 0 0 0 0.0134553283100108 0 0 0 0.0116427989288625 0 0 0 0 0 0 0 0 0 0 0 0 0 0 0 0 0.0146391450739277 0
"-jesus" 0 0 0 0 0 0 0 0 0.016996685646299 0 0 0 0 0 0 0 0 0 0 0.0340831629175187 0 0 0 0 0 0 0 0 0
"-leave" 0 0 0.0202040610162643 0 0 0 0 0 0 0 0 0.00938086303939963 0 0 0 0 0 0 0 0.0170415814587594 0 0 0 0 0 0 0 0 0
"-look" 0 0 0.0303060915243964 0 0 0 0 0 0 0 0 0 0 0 0 0 0 0 0 0.0170415814587594 0 0 0 0 0 0 0 0 0
"-move" 0 0 0.0101020305081321 0 0 0 0 0 0 0 0 0 0 0 0 0 0 0.0234027615258601 0 0 0 0 0 0 0 0 0 0.0146391450739277 0
"-nice" 0 0 0.0101020305081321 0 0 0 0 0 0 0 0 0.00938086303939963 0 0 0 0.026395671109938 0 0 0 0 0 0 0 0 0 0 0 0 0
"-put" 0 0 0 0 0 0 0 0 0 0 0.0349283967865875 0 0 0 0 0 0 0.01170138076293 0 0 0 0 0 0 0 0 0 0 0
"-sure" 0 0 0.0202040610162643 0 0 0 0 0 0 0 0 0 0 0 0 0.013197835554969 0 0 0 0.0170415814587594 0 0 0 0 0 0 0 0 0
"-thanks" 0 0 0.0101020305081321 0 0 0 0 0 0 0 0.0116427989288625 0 0 0 0 0 0 0 0 0.0340831629175187 0 0 0 0 0 0 0 0 0
"-we^ve" 0 0 0.0202040610162643 0 0 0 0 0 0 0 0.0116427989288625 0 0 0 0 0 0 0 0 0 0 0 0 0 0 0 0 0.0146391450739277 0
"-would" 0 0 0 0 0 0 0 0 0 0 0 0.00938086303939963 0 0 0 0 0 0 0 0.0170415814587594 0 0 0 0 0 0 0 0.0292782901478554 0
"abandoned" 0 0 0.0101020305081321 0 0 0 0 0 0 0 0.0116427989288625 0 0 0 0 0 0 0 0 0 0 0 0.0189825360668185 0 0 0 0 0.0146391450739277 0
"absolute" 0 0 0 0.0118793062485151 0 0.0135538086202223 0 0 0 0 0 0 0 0 0.00852296940253985 0 0 0 0 0 0 0 0 0 0 0 0 0.0146391450739277 0
"absurd" 0 0 0 0 0 0 0 0 0.0339933712925979 0 0 0 0 0 0 0 0 0 0 0 0 0 0 0 0 0 0 0 0
"accent" 0 0 0 0 0.0136481506755835 0 0 0 0 0 0 0 0 0 0 0 0 0.01170138076293 0 0 0 0 0 0 0 0.0103691414350892 0.0182848784055586 0 0
"accepted" 0 0 0 0 0 0.0135538086202223 0 0.00976657876745776 0 0 0 0 0 0 0 0.013197835554969 0 0 0 0 0.0147666863555818 0 0 0 0 0 0 0 0
"accompany" 0 0 0 0 0 0 0 0 0 0 0 0 0 0.0234686693264492 0.00852296940253985 0 0 0 0 0 0 0 0 0 0 0 0.0182848784055586 0 0
"accomplished" 0.0112334306897326 0.018875047187618 0 0 0 0.0135538086202223 0 0 0 0 0 0 0 0 0 0 0 0 0 0 0 0 0 0 0 0 0.0182848784055586 0 0
"adventure" 0 0 0 0 0 0 0 0 0 0 0.0116427989288625 0 0.0102658864592958 0.0117343346632246 0 0 0 0 0 0 0 0 0.0189825360668185 0 0 0 0 0 0
"african" 0 0 0 0 0.0545926027023338 0 0 0 0 0 0 0 0 0 0 0 0 0 0 0 0 0 0 0 0 0 0 0 0
"aft" 0 0 0 0 0 0 0 0 0.0254950284694485 0 0 0 0 0.0117343346632246 0 0 0 0 0 0 0 0 0 0 0 0 0 0 0
"airman" 0 0 0 0 0 0 0 0 0 0 0 0 0 0 0 0 0 0 0 0 0 0 0.0759301442672741 0 0 0 0 0 0
"alamo" 0 0 0 0 0 0 0 0 0 0 0 0 0 0 0 0 0 0 0 0 0 0 0 0 0 0.0414765657403567 0 0 0
"alike" 0.0112334306897326 0.018875047187618 0 0 0 0 0 0 0 0 0 0.00938086303939963 0.0102658864592958 0 0 0 0 0 0 0 0 0 0 0 0 0 0 0 0
"allegiance" 0 0 0 0 0 0 0 0 0 0 0.0116427989288625 0.00938086303939963 0.0205317729185915 0 0 0 0 0 0 0 0 0 0 0 0 0 0 0 0
"allies" 0 0 0 0 0 0 0 0 0 0 0.0116427989288625 0 0.0102658864592958 0.0117343346632246 0 0 0 0 0 0 0 0 0 0 0 0 0 0.0146391450739277 0
"alohomora" 0 0 0 0 0 0 0 0 0 0.0485319097306479 0 0 0 0 0 0 0 0 0 0 0 0 0 0 0 0 0 0 0
"although" 0 0.018875047187618 0 0 0 0 0 0 0 0 0 0 0 0.0117343346632246 0 0 0 0 0.00994727941907888 0 0 0 0 0 0 0 0.0182848784055586 0 0
"ambush" 0 0 0 0 0 0 0 0 0 0 0 0 0 0.0117343346632246 0 0 0 0 0 0 0 0.0139684313451599 0 0 0 0.0103691414350892 0 0 0.0181488203266788
"amricain" 0 0 0 0 0 0 0 0 0 0 0 0 0 0 0 0 0 0 0 0 0 0 0 0 0 0 0 0.0585565802957107 0
"ancestors" 0 0 0 0 0 0 0.0538213132400431 0 0 0 0 0 0 0 0 0 0 0 0 0 0 0 0 0 0 0 0 0 0
"ancient" 0 0 0.0202040610162643 0 0 0 0 0 0 0 0.0116427989288625 0 0 0 0 0 0 0 0 0 0 0.0139684313451599 0 0 0 0 0 0 0
"angeles" 0 0 0 0 0 0 0 0 0.00849834282314949 0 0 0 0 0 0.0255689082076195 0 0 0 0 0 0 0 0 0 0 0 0 0 0
"anna" 0 0 0 0 0 0 0 0 0 0 0 0 0 0 0 0 0.0447127207690588 0 0.0198945588381578 0 0 0 0 0 0 0 0 0 0
"answered" 0 0 0 0.0118793062485151 0 0 0 0 0 0 0 0 0 0 0 0 0 0 0 0 0.0147666863555818 0 0 0 0 0 0 0.0292782901478554 0
"answering" 0 0 0 0.0237586124970302 0 0 0 0 0 0 0.0116427989288625 0 0 0 0 0 0 0 0 0 0 0 0 0 0 0 0 0.0146391450739277 0
"anytime" 0 0 0 0 0 0 0 0 0.00849834282314949 0.012132977432662 0 0 0 0 0 0 0.0223563603845294 0 0.00994727941907888 0 0 0 0 0 0 0 0 0 0
"appearance" 0 0.018875047187618 0 0 0 0 0 0 0 0 0 0.00938086303939963 0 0 0 0.026395671109938 0 0 0 0 0 0 0 0 0 0 0 0 0
"apples" 0 0 0 0 0.0136481506755835 0 0.0134553283100108 0 0 0 0 0 0 0.0234686693264492 0 0 0 0 0 0 0 0 0 0 0 0 0 0 0
"arathorn" 0 0 0 0 0 0 0 0 0 0 0.0116427989288625 0.0187617260787993 0.0102658864592958 0 0 0 0 0 0 0 0 0 0 0 0 0 0 0 0
"arena" 0.0112334306897326 0 0 0 0 0 0.0403659849300323 0 0 0 0 0 0 0 0 0 0 0 0 0 0 0 0 0 0 0 0 0 0
"arrest" 0.0224668613794653 0 0 0 0 0 0 0 0.00849834282314949 0 0 0 0 0 0 0 0 0 0 0 0 0 0 0 0 0 0.0182848784055586 0 0
"arrive" 0 0 0 0.0118793062485151 0 0 0 0 0 0 0 0 0 0 0 0.013197835554969 0 0 0 0 0 0 0.0379650721336371 0 0 0 0 0 0
"arrives" 0.0112334306897326 0 0 0 0 0 0 0 0 0 0.0116427989288625 0 0 0 0 0 0 0.0234027615258601 0 0 0 0 0 0 0 0 0 0 0
"asgardian" 0.0449337227589306 0 0 0 0 0 0 0 0 0 0 0 0 0 0 0 0 0 0 0 0 0 0 0 0 0 0 0 0
"attached" 0.0112334306897326 0 0.0101020305081321 0 0 0 0 0 0 0 0 0 0 0 0 0 0 0 0.00994727941907888 0 0 0 0 0 0 0 0 0 0.0181488203266788
"avengers" 0.0449337227589306 0 0 0 0 0 0 0 0 0 0 0 0 0 0 0 0 0 0 0 0 0 0 0 0 0 0 0 0
"awaits" 0 0 0 0 0.0136481506755835 0.0135538086202223 0 0 0 0 0 0 0.0205317729185915 0 0 0 0 0 0 0 0 0 0 0 0 0 0 0 0
"ball" 0 0 0 0 0 0 0 0 0 0.012132977432662 0 0 0 0 0 0 0 0 0 0 0.0147666863555818 0.0279368626903199 0 0 0 0 0 0 0
"bandleader" 0 0 0 0 0 0 0 0.039066315069831 0 0 0 0 0 0 0 0 0 0 0 0 0 0 0 0 0 0 0 0 0
"bang" 0.0112334306897326 0 0 0 0 0 0 0 0.00849834282314949 0 0 0 0 0 0 0 0 0 0 0.0170415814587594 0 0.0139684313451599 0 0 0 0 0 0 0
"banging" 0 0 0 0 0.0136481506755835 0 0 0.00976657876745776 0 0 0 0 0 0 0 0 0 0 0.00994727941907888 0.0170415814587594 0 0 0 0 0 0 0 0 0
"barad-dr" 0 0 0 0 0 0 0 0 0 0 0.023285597857725 0.00938086303939963 0.0102658864592958 0 0 0 0 0 0 0 0 0 0 0 0 0 0 0 0
"barracks" 0 0 0 0 0 0 0.0134553283100108 0 0 0 0 0 0 0 0 0 0 0 0 0.0170415814587594 0.0147666863555818 0.0139684313451599 0 0 0 0 0 0 0
"bars" 0 0.018875047187618 0 0.0118793062485151 0 0 0.0134553283100108 0 0 0 0 0.00938086303939963 0 0 0 0 0 0 0 0 0 0 0 0 0 0 0 0 0
"bathroom" 0 0 0 0 0 0 0 0.00976657876745776 0 0.024265954865324 0 0 0 0 0 0.013197835554969 0 0 0 0 0 0 0 0 0 0 0 0 0
"battalion^s" 0 0 0 0 0 0 0 0 0 0 0 0 0 0 0 0 0 0 0.0198945588381578 0.0170415814587594 0 0 0 0.0184229918938836 0 0 0 0 0
"batteries" 0 0 0 0 0 0.0271076172404446 0 0 0 0 0 0 0 0 0 0 0 0 0 0 0.0147666863555818 0 0.0189825360668185 0 0 0 0 0 0
"bayonet" 0 0 0 0 0 0 0 0 0 0 0 0 0 0 0 0 0 0 0 0 0.0443000590667454 0 0 0 0 0.0103691414350892 0 0 0
"beaches" 0 0 0 0 0 0 0 0 0 0 0 0 0 0 0 0.013197835554969 0 0 0 0 0 0 0 0 0 0 0 0.043917435221783 0
"beacons" 0 0 0 0 0 0 0 0 0 0 0 0 0.041063545837183 0 0 0 0 0 0 0 0 0 0 0 0 0 0 0 0
"beans" 0 0 0 0 0 0 0 0 0 0.024265954865324 0 0 0 0 0 0 0 0 0.00994727941907888 0 0 0 0 0 0 0.0103691414350892 0 0 0
"beard" 0.0112334306897326 0 0 0 0 0 0 0 0.00849834282314949 0 0.023285597857725 0 0 0 0 0 0 0 0 0 0 0 0 0 0 0 0 0 0
"bearing" 0 0 0 0 0 0 0 0 0 0 0.0116427989288625 0.00938086303939963 0 0.0117343346632246 0 0 0 0 0 0 0.0147666863555818 0 0 0 0 0 0 0 0
"becoming" 0 0 0 0 0 0 0.0269106566200215 0 0 0 0 0 0 0.0117343346632246 0 0 0 0.01170138076293 0 0 0 0 0 0 0 0 0 0 0
"begun" 0.0112334306897326 0 0 0 0 0 0 0 0 0 0.0116427989288625 0 0 0.0234686693264492 0 0 0 0 0 0 0 0 0 0 0 0 0 0 0
"belly" 0 0 0 0 0 0 0 0 0 0 0 0.00938086303939963 0 0.0117343346632246 0 0.013197835554969 0 0 0 0.0170415814587594 0 0 0 0 0 0 0 0 0
"beside" 0 0 0 0 0.0136481506755835 0 0 0 0 0.012132977432662 0 0.00938086303939963 0 0 0.00852296940253985 0 0 0 0 0 0 0 0 0 0 0 0 0 0
"biggest" 0.0112334306897326 0 0 0 0.0136481506755835 0 0 0 0 0 0 0 0 0 0 0.013197835554969 0 0 0 0 0 0 0 0 0 0 0 0.0146391450739277 0
"bilbo^s" 0 0 0 0 0 0 0 0 0 0 0.04657119571545 0 0 0 0 0 0 0 0 0 0 0 0 0 0 0 0 0 0
"biscuits" 0 0 0 0 0.0409444520267504 0 0 0 0 0 0 0 0 0 0 0 0 0 0 0 0 0 0.0189825360668185 0 0 0 0 0 0
"boarded" 0 0 0.0202040610162643 0 0 0 0 0 0 0 0 0 0.0205317729185915 0 0 0 0 0 0 0 0 0 0 0 0 0 0 0 0
"boil" 0 0 0 0 0.0136481506755835 0 0 0.00976657876745776 0 0 0 0.00938086303939963 0 0 0 0 0 0 0 0 0.0147666863555818 0 0 0 0 0 0 0 0
"boiler" 0 0 0 0 0 0 0 0 0.016996685646299 0 0 0 0 0 0 0.013197835554969 0 0 0 0 0 0 0 0 0 0 0 0 0.0181488203266788
"bois" 0 0 0 0 0 0 0 0 0 0 0 0 0 0 0 0 0 0 0.0397891176763155 0 0 0 0 0 0 0 0 0 0
"borders" 0 0 0 0 0 0 0 0 0 0 0.0116427989288625 0.0281425891181989 0 0 0 0 0 0 0 0 0 0 0 0 0 0 0 0 0
"bored" 0 0 0 0 0 0 0.0134553283100108 0 0 0 0 0 0 0 0.00852296940253985 0 0 0 0 0 0 0.0139684313451599 0.0189825360668185 0 0 0 0 0 0
"borrowed" 0 0 0 0 0 0 0 0 0.00849834282314949 0 0 0 0 0.0117343346632246 0 0 0 0 0 0.0170415814587594 0 0 0 0 0 0 0 0.0146391450739277 0
"boyfriend" 0.0112334306897326 0 0 0 0 0 0 0.0195331575349155 0 0 0 0 0 0 0 0 0 0 0 0 0 0 0 0 0 0 0 0.0146391450739277 0
"brad" 0 0 0 0 0 0 0 0 0 0 0 0 0 0 0 0 0 0 0 0 0 0 0 0 0 0 0 0 0.0725952813067151
"bradley^s" 0 0 0 0 0 0 0 0 0 0 0 0 0 0 0 0 0 0 0 0 0 0 0 0 0 0 0 0 0.0725952813067151
"bree" 0 0 0 0 0 0 0 0 0 0 0.04657119571545 0 0 0 0 0 0 0 0 0 0 0 0 0 0 0 0 0 0
"brego" 0 0 0 0 0 0 0 0 0 0 0 0.0281425891181989 0.0102658864592958 0 0 0 0 0 0 0 0 0 0 0 0 0 0 0 0
"brotherhood" 0 0 0 0 0 0 0 0 0 0 0 0 0 0 0 0 0 0 0 0 0 0.0139684313451599 0 0 0 0.0311074243052675 0 0 0
"bruce" 0.0337002920691979 0 0 0 0 0 0 0 0.00849834282314949 0 0 0 0 0 0 0 0 0 0 0 0 0 0 0 0 0 0 0 0
"bruno" 0 0 0 0 0 0 0 0.039066315069831 0 0 0 0 0 0 0 0 0 0 0 0 0 0 0 0 0 0 0 0 0
"brushing" 0 0 0 0 0 0 0 0 0 0 0 0 0 0 0 0.0527913422198759 0 0 0 0 0 0 0 0 0 0 0 0 0
"bum" 0 0.0377500943752359 0 0 0.0136481506755835 0 0 0 0.00849834282314949 0 0 0 0 0 0 0 0 0 0 0 0 0 0 0 0 0 0 0 0
"bunk" 0 0 0 0 0 0 0 0 0.00849834282314949 0 0 0 0 0 0 0 0 0 0 0 0 0.0279368626903199 0 0 0.0200642054574639 0 0 0 0
"bus" 0.0112334306897326 0 0 0.0118793062485151 0 0 0 0 0 0 0 0 0 0 0 0 0 0 0 0 0 0 0 0.0368459837877671 0 0 0 0 0
"busted" 0 0 0 0 0 0.0271076172404446 0 0 0 0 0 0 0 0 0 0 0 0 0 0.0170415814587594 0 0 0 0 0 0 0 0.0146391450739277 0
"butt" 0 0 0 0 0 0 0 0.00976657876745776 0 0 0 0 0 0 0 0 0 0 0.0198945588381578 0.0170415814587594 0 0 0 0 0 0 0 0 0
"california" 0 0 0 0 0 0 0 0.039066315069831 0 0 0 0 0 0 0 0 0 0 0 0 0 0 0 0 0 0 0 0 0
"canadians" 0 0 0 0 0 0 0 0 0 0 0 0 0 0 0 0 0 0 0 0.0340831629175187 0 0 0 0 0 0 0 0.0292782901478554 0
"cannons" 0 0 0 0 0 0 0 0 0 0 0 0 0 0.0352030039896738 0 0 0 0 0 0 0.0147666863555818 0 0 0 0 0 0 0 0
"careless" 0 0 0 0.0118793062485151 0 0 0.0134553283100108 0.0195331575349155 0 0 0 0 0 0 0 0 0 0 0 0 0 0 0 0 0 0 0 0 0
"carpet" 0 0 0.0101020305081321 0 0 0 0 0 0 0 0 0 0 0 0.0255689082076195 0 0 0 0 0 0 0 0 0 0 0 0 0 0
"cat" 0 0 0 0 0 0 0 0 0 0.024265954865324 0 0 0 0 0 0 0 0 0 0 0.0147666863555818 0 0 0 0 0.0103691414350892 0 0 0
"catapults" 0 0 0 0 0 0 0.0403659849300323 0 0 0 0 0 0.0102658864592958 0 0 0 0 0 0 0 0 0 0 0 0 0 0 0 0
"caused" 0 0 0 0.0118793062485151 0 0 0 0 0 0 0 0 0 0 0.00852296940253985 0.013197835554969 0 0 0 0 0 0 0 0 0 0 0 0 0.0181488203266788
"cells" 0 0 0 0 0 0 0.0134553283100108 0 0 0 0 0 0 0.0117343346632246 0.00852296940253985 0 0.0223563603845294 0 0 0 0 0 0 0 0 0 0 0 0
"century" 0 0 0 0 0 0 0 0 0 0.024265954865324 0 0 0 0 0 0 0.0223563603845294 0 0 0 0 0 0 0 0 0 0.0182848784055586 0 0
"charming" 0 0 0.0101020305081321 0 0 0 0 0 0.00849834282314949 0 0 0.0187617260787993 0 0 0 0 0 0 0 0 0 0 0 0 0 0 0 0 0
"cheers" 0 0 0 0 0 0 0 0 0 0 0 0 0 0 0 0 0 0 0.00994727941907888 0.0170415814587594 0 0 0.0189825360668185 0 0 0 0.0182848784055586 0 0
"chess" 0 0 0 0 0 0 0 0 0 0.0485319097306479 0 0 0 0 0 0 0 0 0 0 0 0 0 0 0 0 0 0 0
"chewed" 0 0 0 0 0 0 0 0 0.00849834282314949 0 0 0 0 0 0 0 0 0 0 0 0.0147666863555818 0.0139684313451599 0 0.0184229918938836 0 0 0 0 0
"china" 0 0.018875047187618 0 0 0 0 0 0 0.00849834282314949 0 0 0 0 0 0 0 0 0 0 0 0 0 0.0379650721336371 0 0 0 0 0 0
"chose" 0 0.018875047187618 0 0 0 0 0.0134553283100108 0 0 0 0 0 0 0 0.0170459388050797 0 0 0 0 0 0 0 0 0 0 0 0 0 0
"christenson" 0 0 0 0 0 0 0 0 0 0 0 0 0 0 0 0 0 0 0.0298418382572366 0.0170415814587594 0 0 0 0 0 0 0 0 0
"cicero" 0 0 0 0 0 0 0.0538213132400431 0 0 0 0 0 0 0 0 0 0 0 0 0 0 0 0 0 0 0 0 0 0
"cigarettes" 0 0 0 0 0 0 0 0 0 0 0 0 0 0 0 0 0 0 0.00994727941907888 0 0.0147666863555818 0 0 0 0 0.0103691414350892 0 0 0.0181488203266788
"citadel" 0 0 0 0 0 0 0 0 0 0 0 0 0.041063545837183 0 0 0 0 0 0 0 0 0 0 0 0 0 0 0 0
"civilized" 0 0.018875047187618 0.0202040610162643 0 0 0 0 0 0 0 0 0 0 0 0 0 0 0 0 0 0 0 0.0189825360668185 0 0 0 0 0 0
"claymores" 0 0 0 0 0 0 0 0 0 0 0 0 0 0 0 0 0 0 0 0 0 0 0 0 0 0 0 0 0.0725952813067151
"clearing" 0 0 0 0 0 0 0 0 0 0 0 0 0.0102658864592958 0 0 0 0 0 0 0 0.0147666863555818 0 0 0 0 0.0207382828701783 0 0 0
"cliff" 0 0 0 0 0 0 0 0 0 0 0 0.00938086303939963 0 0 0 0 0 0.0234027615258601 0 0 0 0 0 0 0 0 0 0.0146391450739277 0
"cloak" 0 0 0 0 0 0 0 0 0 0.0363989322979859 0 0 0.0102658864592958 0 0 0 0 0 0 0 0 0 0 0 0 0 0 0 0
"closest" 0 0 0 0 0.0136481506755835 0 0.0134553283100108 0 0 0 0 0 0.0102658864592958 0 0 0 0.0223563603845294 0 0 0 0 0 0 0 0 0 0 0 0
"clouds" 0 0 0 0.0118793062485151 0 0 0 0 0 0 0 0.00938086303939963 0 0 0 0 0 0 0 0 0 0 0.0189825360668185 0 0 0 0 0.0146391450739277 0
"clue" 0 0 0 0 0.0136481506755835 0 0 0 0.00849834282314949 0.012132977432662 0 0 0 0 0 0 0 0 0 0 0 0 0 0 0 0 0.0182848784055586 0 0
"cobol" 0 0 0 0 0 0 0 0 0 0 0 0 0 0 0.0340918776101594 0 0 0 0 0 0 0 0 0 0 0 0 0 0
"college" 0 0 0 0 0 0 0 0.00976657876745776 0 0 0 0 0 0 0.00852296940253985 0 0 0 0.00994727941907888 0 0 0.0139684313451599 0 0 0 0 0 0 0
"colosseum" 0 0 0 0 0 0 0.0538213132400431 0 0 0 0 0 0 0 0 0 0 0 0 0 0 0 0 0 0 0 0 0 0
"columns" 0 0 0 0 0 0 0.0403659849300323 0 0 0 0 0 0 0 0 0 0 0 0.00994727941907888 0 0 0 0 0 0 0 0 0 0
"commanding" 0 0 0 0 0 0 0 0 0 0 0 0 0 0 0 0 0 0 0 0 0.0147666863555818 0 0.0569476082004556 0 0 0 0 0 0
"commandments" 0 0.0755001887504719 0 0 0 0 0 0 0 0 0 0 0 0 0 0 0 0 0 0 0 0 0 0 0 0 0 0 0
"commands" 0 0 0.0101020305081321 0 0.0136481506755835 0 0.0269106566200215 0 0 0 0 0 0 0 0 0 0 0 0 0 0 0 0 0 0 0 0 0 0
"commission" 0 0 0.0202040610162643 0 0 0 0 0 0 0 0 0 0 0 0 0 0 0 0.00994727941907888 0 0 0 0 0 0.0200642054574639 0 0 0 0
"company^s" 0 0 0 0 0 0 0 0 0 0 0 0 0 0 0 0 0 0 0.00994727941907888 0 0.0147666863555818 0 0 0 0.0200642054574639 0.0103691414350892 0 0 0
"compartments" 0 0 0.0101020305081321 0 0 0 0 0 0.0254950284694485 0 0 0 0 0 0 0 0 0 0 0 0 0 0 0 0 0 0 0 0
"complaint" 0 0 0 0 0 0.0135538086202223 0 0.00976657876745776 0 0 0 0 0 0 0 0 0 0 0 0 0 0 0 0 0 0.0103691414350892 0 0.0146391450739277 0
"complex" 0.0112334306897326 0 0 0 0 0 0 0 0 0 0 0 0 0 0.0255689082076195 0 0 0 0 0 0 0 0 0 0 0 0 0 0
"compliments" 0 0 0 0 0 0 0 0.00976657876745776 0.00849834282314949 0 0 0 0 0.0117343346632246 0 0 0 0 0 0.0170415814587594 0 0 0 0 0 0 0 0 0
"concept" 0 0 0 0.0118793062485151 0 0 0 0 0 0 0 0 0 0 0.0255689082076195 0 0 0 0 0 0 0 0 0 0 0 0 0 0
"conjure" 0 0 0.0101020305081321 0 0 0 0.0134553283100108 0 0 0 0 0.00938086303939963 0 0.0117343346632246 0 0 0 0 0 0 0 0 0 0 0 0 0 0 0
"contacts" 0 0 0 0 0 0 0 0.0195331575349155 0 0 0 0 0 0 0 0 0 0 0 0.0170415814587594 0 0 0 0 0 0 0 0 0.0181488203266788
"cooks" 0 0 0 0.0237586124970302 0 0 0 0 0 0 0 0 0 0 0 0 0 0 0 0 0 0 0 0.0368459837877671 0 0 0 0 0
"coordinate" 0 0 0 0 0 0 0 0 0 0 0 0 0 0 0 0 0 0.0234027615258601 0 0.0170415814587594 0 0 0 0 0 0 0 0 0.0181488203266788
"copper" 0 0 0 0 0 0.0135538086202223 0 0 0 0 0 0 0 0 0 0 0.0670690811535882 0 0 0 0 0 0 0 0 0 0 0 0
"costly" 0 0 0 0 0 0 0 0.00976657876745776 0 0 0 0 0 0 0 0.013197835554969 0 0 0 0 0 0 0 0 0 0.0207382828701783 0 0 0
"council" 0 0 0.0101020305081321 0 0 0 0 0 0 0 0.023285597857725 0 0 0 0 0 0 0 0 0 0 0 0 0 0 0 0 0.0146391450739277 0
"counterattack" 0 0 0 0 0 0 0 0 0 0 0 0 0 0 0 0 0 0 0 0 0.0295333727111636 0 0 0 0 0 0 0.0292782901478554 0
"countess" 0 0 0 0 0 0 0 0 0.0339933712925979 0 0 0 0 0 0 0 0 0 0 0 0 0 0 0 0 0 0 0 0
"counts" 0 0 0.0101020305081321 0 0 0 0 0 0 0 0 0.00938086303939963 0.0102658864592958 0 0 0 0 0 0 0 0 0.0139684313451599 0 0 0 0 0 0 0
"courtesy" 0.0112334306897326 0 0 0 0 0 0 0 0 0 0 0.00938086303939963 0 0 0 0 0 0 0 0 0 0.0139684313451599 0 0 0.0200642054574639 0 0 0 0
"covers" 0 0 0 0 0 0 0 0 0 0 0 0 0.0102658864592958 0 0 0 0 0 0.0198945588381578 0 0 0 0 0 0 0 0 0.0146391450739277 0
"creating" 0 0 0 0 0 0 0 0 0 0 0 0 0 0 0.0340918776101594 0 0 0 0 0 0 0 0 0 0 0 0 0 0
"crippled" 0.0112334306897326 0 0 0 0 0 0.0134553283100108 0 0 0 0 0 0 0 0 0 0 0 0 0 0 0 0 0 0 0 0.0182848784055586 0.0146391450739277 0
"crops" 0 0 0.0101020305081321 0 0 0 0.0134553283100108 0 0 0 0 0.0187617260787993 0 0 0 0 0 0 0 0 0 0 0 0 0 0 0 0 0
"crystal" 0 0.0755001887504719 0 0 0 0 0 0 0 0 0 0 0 0 0 0 0 0 0 0 0 0 0 0 0 0 0 0 0
"culture" 0.0112334306897326 0 0 0 0 0.0135538086202223 0 0 0 0 0 0 0 0 0 0 0 0 0 0 0 0.0139684313451599 0 0 0 0 0.0182848784055586 0 0
"da" 0 0.018875047187618 0 0 0 0 0 0.00976657876745776 0 0 0 0 0 0 0 0 0 0 0 0 0 0.0279368626903199 0 0 0 0 0 0 0
"daddy^s" 0 0 0 0 0 0 0 0 0.00849834282314949 0.012132977432662 0 0 0 0 0 0.013197835554969 0 0 0 0 0 0.0139684313451599 0 0 0 0 0 0 0
"dancing" 0 0 0 0 0 0 0 0.0195331575349155 0 0 0 0 0.0102658864592958 0 0 0 0 0 0.00994727941907888 0 0 0 0 0 0 0 0 0 0
"danke" 0 0 0 0 0 0 0 0 0 0 0 0 0 0 0 0 0 0 0 0.0340831629175187 0.0295333727111636 0 0 0 0 0 0 0 0
"danny^s" 0 0 0 0 0 0 0 0 0 0 0 0 0 0 0 0.0527913422198759 0 0 0 0 0 0 0 0 0 0 0 0 0
"dantooine" 0 0 0.0404081220325285 0 0 0 0 0 0 0 0 0 0 0 0 0 0 0 0 0 0 0 0 0 0 0 0 0 0
"data" 0 0 0.0404081220325285 0 0 0 0 0 0 0 0 0 0 0 0 0 0 0 0 0 0 0 0 0 0 0 0 0 0
"day^s" 0 0 0 0 0 0 0 0 0 0 0 0 0.0205317729185915 0.0117343346632246 0 0.013197835554969 0 0 0 0 0 0 0 0 0 0 0 0 0
"deacon" 0 0 0 0 0 0 0 0 0 0 0 0 0 0 0 0 0 0 0 0 0 0 0 0.0552689756816507 0.0200642054574639 0 0 0 0
"deagol" 0 0 0 0 0 0 0 0 0 0 0 0 0.041063545837183 0 0 0 0 0 0 0 0 0 0 0 0 0 0 0 0
"defilade" 0 0 0 0 0 0 0 0 0 0 0 0 0 0 0 0 0 0 0 0 0 0 0 0 0 0.0414765657403567 0 0 0
"deflector" 0 0 0.0404081220325285 0 0 0 0 0 0 0 0 0 0 0 0 0 0 0 0 0 0 0 0 0 0 0 0 0 0
"degrees" 0.0112334306897326 0 0 0 0 0 0 0 0.00849834282314949 0 0 0 0 0 0 0 0 0.01170138076293 0 0 0 0 0.0189825360668185 0 0 0 0 0 0
"delay" 0 0 0 0 0 0 0 0 0 0 0 0 0.0102658864592958 0 0 0 0 0.01170138076293 0 0 0 0 0 0 0 0 0.0182848784055586 0.0146391450739277 0
"delivered" 0 0 0.0202040610162643 0 0 0 0 0 0 0 0 0 0 0.0117343346632246 0 0 0 0.01170138076293 0 0 0 0 0 0 0 0 0 0 0
"demolition" 0 0 0 0 0 0 0 0 0 0 0 0 0 0 0 0 0 0 0 0 0 0 0 0 0 0.0103691414350892 0 0.043917435221783 0
"denied" 0 0 0 0.0118793062485151 0 0 0 0 0 0.012132977432662 0 0 0 0 0 0 0 0 0 0 0 0 0 0 0 0 0 0.0146391450739277 0.0181488203266788
"despair" 0 0 0 0 0 0 0 0 0 0 0.0116427989288625 0.00938086303939963 0.0102658864592958 0 0 0 0 0 0 0 0 0 0 0 0 0.0103691414350892 0 0 0
"desperate" 0 0 0.0202040610162643 0 0 0 0 0 0 0.012132977432662 0 0 0 0 0 0 0 0 0 0 0 0 0 0 0 0.0103691414350892 0 0 0
"destroyers" 0 0 0 0 0 0 0 0 0 0 0 0 0 0 0 0 0 0 0 0 0 0 0 0 0 0 0 0.0585565802957107 0
"destruction" 0 0 0 0 0 0 0.0134553283100108 0 0 0 0.023285597857725 0 0 0 0 0 0 0 0 0.0170415814587594 0 0 0 0 0 0 0 0 0
"devil^s" 0 0 0 0 0 0 0 0 0 0.0363989322979859 0 0 0 0.0117343346632246 0 0 0 0 0 0 0 0 0 0 0 0 0 0 0
"dew" 0 0 0 0 0 0 0 0 0 0 0 0 0 0 0 0 0 0 0 0 0 0.0139684313451599 0 0 0 0 0 0 0.0544464609800363
"dictionary" 0 0 0 0 0 0 0 0 0 0 0 0 0 0 0 0 0 0.0351041422887901 0 0 0 0 0 0 0 0.0103691414350892 0 0 0
"dinosaur" 0 0 0 0 0 0.0542152344808891 0 0 0 0 0 0 0 0 0 0 0 0 0 0 0 0 0 0 0 0 0 0 0
"dirty" 0 0 0 0 0.0136481506755835 0 0 0.00976657876745776 0 0 0 0 0 0 0 0 0.0223563603845294 0 0 0 0 0 0 0 0 0 0 0.0146391450739277 0
"dishonest" 0 0 0 0 0 0 0 0.00976657876745776 0 0 0 0 0 0.0352030039896738 0 0 0 0 0 0 0 0 0 0 0 0 0 0 0
"distress" 0.0112334306897326 0 0.0101020305081321 0 0.0136481506755835 0 0 0 0.00849834282314949 0 0 0 0 0 0 0 0 0 0 0 0 0 0 0 0 0 0 0 0
"disturb" 0 0.0377500943752359 0 0 0 0 0 0 0 0 0.0116427989288625 0 0 0 0 0 0 0 0.00994727941907888 0 0 0 0 0 0 0 0 0 0
"dock" 0 0 0 0 0 0 0 0 0 0 0 0 0 0.0469373386528984 0 0 0 0 0 0 0 0 0 0 0 0 0 0 0
"doctors" 0 0 0 0 0.0409444520267504 0 0 0 0 0 0 0 0 0 0 0 0 0 0.00994727941907888 0 0 0 0 0 0 0 0 0 0
"doomed" 0 0 0.0202040610162643 0 0 0.0135538086202223 0 0 0 0 0 0.00938086303939963 0 0 0 0 0 0 0 0 0 0 0 0 0 0 0 0 0
"doughnut" 0.0112334306897326 0 0 0 0 0 0 0 0 0 0 0 0 0 0 0 0 0 0 0 0 0.0419052940354798 0 0 0 0 0 0 0
"dozen" 0 0 0 0 0 0 0 0 0.00849834282314949 0 0 0 0 0 0 0.026395671109938 0 0 0 0 0.0147666863555818 0 0 0 0 0 0 0 0
"drag" 0 0 0 0 0 0 0 0 0 0 0 0 0 0 0 0 0 0 0 0.0170415814587594 0 0.0279368626903199 0 0 0 0.0103691414350892 0 0 0
"dreamed" 0.0112334306897326 0 0 0.0118793062485151 0 0 0 0 0 0 0 0 0.0102658864592958 0 0 0.013197835554969 0 0 0 0 0 0 0 0 0 0 0 0 0
"dreamt" 0.0112334306897326 0 0 0 0 0 0 0 0 0 0 0 0 0 0.0170459388050797 0 0 0 0 0 0 0 0.0189825360668185 0 0 0 0 0 0
"drinks" 0 0 0 0.0118793062485151 0 0 0 0 0 0 0 0 0 0.0234686693264492 0 0.013197835554969 0 0 0 0 0 0 0 0 0 0 0 0 0
"drove" 0 0 0 0 0 0 0 0 0 0 0 0.0281425891181989 0.0102658864592958 0 0 0 0 0 0 0 0 0 0 0 0 0 0 0 0
"drums" 0 0 0 0 0 0 0 0 0 0 0.023285597857725 0 0 0 0 0 0 0 0 0 0 0 0 0 0.0401284109149278 0 0 0 0
"dungeon" 0 0 0 0 0 0 0 0 0 0.0363989322979859 0 0.00938086303939963 0 0 0 0 0 0 0 0 0 0 0 0 0 0 0 0 0
"dungeons" 0 0 0 0 0 0 0 0 0 0.0363989322979859 0.0116427989288625 0 0 0 0 0 0 0 0 0 0 0 0 0 0 0 0 0 0
"dutch" 0 0 0.0101020305081321 0 0 0 0 0 0 0 0 0 0 0 0 0 0 0 0 0.0340831629175187 0 0 0 0.0184229918938836 0 0 0 0 0
"dwell" 0 0 0 0 0 0 0 0 0.00849834282314949 0.012132977432662 0 0.00938086303939963 0.0102658864592958 0 0 0 0 0 0 0 0 0 0 0 0 0 0 0 0
"eau" 0 0 0 0 0 0 0 0 0 0 0 0 0 0 0 0 0 0 0 0 0 0 0 0 0.0802568218298555 0 0 0 0
"eightball" 0 0 0 0 0 0 0 0 0 0 0 0 0 0 0 0 0 0 0 0 0 0.0558737253806398 0 0 0 0 0 0 0
"eindhoven" 0 0 0 0 0 0 0 0 0 0 0 0 0 0 0 0 0 0 0 0.0681663258350375 0 0 0 0 0 0 0 0 0
"eitri" 0.0449337227589306 0 0 0 0 0 0 0 0 0 0 0 0 0 0 0 0 0 0 0 0 0 0 0 0 0 0 0 0
"elbow" 0 0 0 0 0 0 0 0 0 0 0 0 0 0 0 0 0 0 0.00994727941907888 0 0 0 0.0569476082004556 0 0 0 0 0 0
"electrical" 0 0 0 0.0475172249940603 0 0 0 0 0 0 0 0 0 0 0 0 0 0 0 0 0 0 0 0 0 0 0 0 0
"element" 0 0 0 0 0 0 0 0 0 0 0 0 0 0.0117343346632246 0 0 0 0.01170138076293 0 0 0 0 0 0 0 0.0103691414350892 0 0 0.0181488203266788
"elendil" 0 0 0 0 0 0 0 0 0 0 0.0116427989288625 0 0.0307976593778873 0 0 0 0 0 0 0 0 0 0 0 0 0 0 0 0
"eleven" 0 0 0.0101020305081321 0 0 0 0 0 0 0 0 0 0 0 0.00852296940253985 0 0 0 0 0.0170415814587594 0 0 0 0 0 0 0 0.0146391450739277 0
"else^s" 0 0 0 0 0 0 0 0.00976657876745776 0 0 0 0 0 0 0.0170459388050797 0 0 0.01170138076293 0 0 0 0 0 0 0 0 0 0 0
"emmett" 0 0 0 0.0475172249940603 0 0 0 0 0 0 0 0 0 0 0 0 0 0 0 0 0 0 0 0 0 0 0 0 0
"enchantment" 0 0 0 0.0475172249940603 0 0 0 0 0 0 0 0 0 0 0 0 0 0 0 0 0 0 0 0 0 0 0 0 0
"encircled" 0 0 0 0 0 0 0 0 0 0 0 0 0 0 0 0 0 0 0.00994727941907888 0 0 0 0 0 0 0 0.0548546352166758 0 0
"endure" 0 0 0 0 0 0 0 0 0 0 0.0116427989288625 0 0.0205317729185915 0.0117343346632246 0 0 0 0 0 0 0 0 0 0 0 0 0 0 0
"engagement" 0 0 0 0 0 0 0 0 0.00849834282314949 0 0 0 0 0.0117343346632246 0 0 0 0.01170138076293 0 0 0 0 0 0 0 0 0 0.0146391450739277 0
"enjoying" 0 0 0 0 0.0136481506755835 0 0.0134553283100108 0 0 0 0 0 0.0102658864592958 0 0 0 0 0 0 0 0.0147666863555818 0 0 0 0 0 0 0 0
"ensure" 0.0112334306897326 0 0 0 0 0 0 0 0.00849834282314949 0.012132977432662 0 0 0 0 0 0 0 0 0 0 0 0 0 0 0 0 0 0.0146391450739277 0
"escaped" 0 0 0 0 0 0 0 0 0 0 0.0116427989288625 0 0 0.0234686693264492 0 0 0 0 0.00994727941907888 0 0 0 0 0 0 0 0 0 0
"eternity" 0 0 0 0 0 0 0.0134553283100108 0 0.00849834282314949 0 0 0 0 0.0234686693264492 0 0 0 0 0 0 0 0 0 0 0 0 0 0 0
"everyday" 0 0 0 0 0 0 0 0 0 0 0 0 0 0 0.0340918776101594 0 0 0 0 0 0 0 0 0 0 0 0 0 0
"exfil" 0 0 0 0 0 0 0 0 0 0 0 0 0 0 0 0 0 0.0468055230517201 0 0 0 0 0 0 0 0 0 0 0
"exist" 0.0224668613794653 0 0 0 0 0 0 0 0 0 0 0 0 0 0.0170459388050797 0 0 0 0 0 0 0 0 0 0 0 0 0 0
"experiment" 0 0 0 0.0475172249940603 0 0 0 0 0 0 0 0 0 0 0 0 0 0 0 0 0 0 0 0 0 0 0 0 0
"explains" 0 0 0 0 0 0 0 0 0 0.012132977432662 0 0 0 0 0.00852296940253985 0 0 0 0 0 0 0 0 0 0.0401284109149278 0 0 0 0
"fade" 0 0 0 0 0 0 0 0 0 0 0.0116427989288625 0 0.0205317729185915 0 0.00852296940253985 0 0 0 0 0 0 0 0 0 0 0 0 0 0
"fading" 0 0 0 0 0 0 0 0 0 0 0.0116427989288625 0.00938086303939963 0.0205317729185915 0 0 0 0 0 0 0 0 0 0 0 0 0 0 0 0
"failure" 0.0112334306897326 0 0 0 0 0 0.0134553283100108 0 0 0 0 0 0 0 0.00852296940253985 0 0 0 0 0 0 0 0.0189825360668185 0 0 0 0 0 0
"falco" 0 0 0 0 0 0 0.0538213132400431 0 0 0 0 0 0 0 0 0 0 0 0 0 0 0 0 0 0 0 0 0 0
"fancy" 0 0 0 0 0 0 0 0 0 0 0 0 0.0102658864592958 0.0234686693264492 0 0 0 0 0 0 0 0 0 0 0 0.0103691414350892 0 0 0
"fantastic" 0 0 0 0 0 0 0 0 0 0 0 0 0 0 0 0.026395671109938 0 0 0.00994727941907888 0.0170415814587594 0 0 0 0 0 0 0 0 0
"fascinating" 0 0 0 0.0118793062485151 0 0 0 0 0.00849834282314949 0.012132977432662 0 0 0 0.0117343346632246 0 0 0 0 0 0 0 0 0 0 0 0 0 0 0
"feared" 0 0 0.0202040610162643 0 0 0 0 0 0 0.012132977432662 0.0116427989288625 0 0 0 0 0 0 0 0 0 0 0 0 0 0 0 0 0 0
"fears" 0 0 0 0 0 0 0 0 0 0 0 0.0187617260787993 0.0205317729185915 0 0 0 0 0 0 0 0 0 0 0 0 0 0 0 0
"feather" 0 0 0 0 0 0 0 0 0 0.0363989322979859 0.0116427989288625 0 0 0 0 0 0 0 0 0 0 0 0 0 0 0 0 0 0
"fhrer" 0 0 0 0 0 0 0 0 0 0 0 0 0 0 0 0 0 0 0 0 0 0 0 0 0 0 0.0731395136222344 0 0
"fiction" 0 0 0 0.0356379187455453 0 0 0.0134553283100108 0 0 0 0 0 0 0 0 0 0 0 0 0 0 0 0 0 0 0 0 0 0
"fifteen" 0 0 0.0404081220325285 0 0 0 0 0 0 0 0 0 0 0 0 0 0 0 0 0 0 0 0 0 0 0 0 0 0
"figures" 0 0 0 0 0 0 0 0 0.00849834282314949 0 0 0 0 0 0 0 0 0 0 0 0 0 0 0 0 0.0311074243052675 0 0 0
"firm" 0 0 0 0 0 0 0 0 0 0 0 0.00938086303939963 0 0 0 0 0 0 0 0 0 0 0 0 0 0 0 0.0146391450739277 0.0362976406533575
"fishing" 0 0 0 0 0 0 0 0 0.0254950284694485 0 0 0 0 0 0 0 0 0 0 0 0 0 0 0 0 0.0103691414350892 0 0 0
"fit" 0.0112334306897326 0 0 0 0 0 0 0 0 0 0 0 0.0102658864592958 0 0 0 0 0.01170138076293 0 0 0 0 0 0 0 0 0.0182848784055586 0 0
"flag" 0 0 0 0 0 0 0 0 0 0 0 0 0 0.0234686693264492 0 0 0 0 0 0 0 0 0 0 0 0.0103691414350892 0.0182848784055586 0 0
"flights" 0 0 0 0 0.0136481506755835 0 0 0 0 0 0 0 0 0 0.00852296940253985 0.013197835554969 0 0 0 0 0 0 0 0 0 0 0.0182848784055586 0 0
"focus" 0.0112334306897326 0 0 0 0 0 0 0 0 0 0 0 0 0 0.00852296940253985 0 0 0.01170138076293 0.00994727941907888 0 0 0 0 0 0 0 0 0 0
"fog" 0 0 0 0 0 0 0 0 0 0 0 0 0 0.0117343346632246 0 0 0 0 0.0198945588381578 0 0 0 0 0 0 0 0 0.0146391450739277 0
"follows" 0 0 0.0101020305081321 0 0 0 0 0 0 0 0.0116427989288625 0 0 0 0 0 0 0 0 0 0 0 0 0 0 0 0 0 0.0362976406533575
"foolish" 0 0 0.0101020305081321 0 0 0 0 0 0 0.024265954865324 0 0 0.0102658864592958 0 0 0 0 0 0 0 0 0 0 0 0 0 0 0 0
"footsteps" 0 0 0 0 0 0 0 0 0 0 0.0116427989288625 0.00938086303939963 0 0 0.0170459388050797 0 0 0 0 0 0 0 0 0 0 0 0 0 0
"forged" 0 0 0 0 0 0 0 0 0 0 0.0349283967865875 0 0.0102658864592958 0 0 0 0 0 0 0 0 0 0 0 0 0 0 0 0
"former" 0 0 0.0101020305081321 0 0 0 0 0 0 0 0.0116427989288625 0.00938086303939963 0 0 0 0 0 0 0 0 0 0 0 0 0 0 0.0182848784055586 0 0
"fortunes" 0 0 0 0 0 0 0 0 0 0 0.0116427989288625 0.00938086303939963 0 0.0234686693264492 0 0 0 0 0 0 0 0 0 0 0 0 0 0 0
"freighter" 0 0 0.0303060915243964 0 0 0.0135538086202223 0 0 0 0 0 0 0 0 0 0 0 0 0 0 0 0 0 0 0 0 0 0 0
"frightened" 0 0 0 0 0 0 0 0 0 0 0.023285597857725 0.00938086303939963 0 0 0 0 0 0 0 0 0 0 0 0 0 0 0.0182848784055586 0 0
"gamling" 0 0 0 0 0 0 0 0 0 0 0 0.0187617260787993 0.0205317729185915 0 0 0 0 0 0 0 0 0 0 0 0 0 0 0 0
"gettin" 0 0 0 0 0 0.0135538086202223 0 0 0 0 0 0 0 0 0 0 0.0670690811535882 0 0 0 0 0 0 0 0 0 0 0 0
"giant" 0 0 0 0 0 0 0.0403659849300323 0 0 0 0 0 0 0 0 0 0 0 0 0 0 0 0 0 0 0 0 0 0.0181488203266788
"gibbs" 0 0 0 0 0 0 0 0 0 0 0 0 0 0.0469373386528984 0 0 0 0 0 0 0 0 0 0 0 0 0 0 0
"girlfriend" 0 0 0 0 0 0 0 0.00976657876745776 0 0 0 0 0 0 0 0 0 0 0 0 0 0.0139684313451599 0 0.0368459837877671 0 0 0 0 0
"goddamit" 0 0 0 0 0 0 0 0 0 0 0 0 0 0 0 0 0 0 0 0 0 0 0 0 0 0.0414765657403567 0 0 0
"gondor^s" 0 0 0 0 0 0 0 0 0 0 0 0.00938086303939963 0.0307976593778873 0 0 0 0 0 0 0 0 0 0 0 0 0 0 0 0
"gonorrhea" 0 0 0 0 0 0 0 0 0 0 0 0 0 0 0 0 0 0 0 0.0170415814587594 0.0443000590667454 0 0 0 0 0 0 0 0
"goods" 0 0.018875047187618 0 0 0 0 0 0 0 0 0 0 0 0.0117343346632246 0 0.026395671109938 0 0 0 0 0 0 0 0 0 0 0 0 0
"gosh" 0 0 0 0 0 0.0135538086202223 0 0 0 0 0 0 0 0 0 0 0 0 0.00994727941907888 0 0.0147666863555818 0 0 0 0 0 0 0 0.0181488203266788
"government" 0 0 0 0 0.0136481506755835 0 0 0 0 0 0 0 0 0 0 0 0.0223563603845294 0.01170138076293 0 0 0 0.0139684313451599 0 0 0 0 0 0 0
"gracious" 0 0 0 0 0 0 0 0 0.016996685646299 0 0 0 0.0102658864592958 0 0 0 0 0 0 0.0170415814587594 0 0 0 0 0 0 0 0 0
"grandfather" 0 0 0 0 0 0 0 0 0.00849834282314949 0 0 0.00938086303939963 0 0 0 0 0 0 0 0 0 0 0 0.0184229918938836 0 0 0.0182848784055586 0 0
"grandmother" 0 0 0 0 0 0 0 0 0.00849834282314949 0 0 0 0 0 0 0.013197835554969 0 0 0.00994727941907888 0 0 0 0 0 0 0 0 0.0146391450739277 0
"granger" 0 0 0 0 0 0 0 0 0 0.0485319097306479 0 0 0 0 0 0 0 0 0 0 0 0 0 0 0 0 0 0 0
"grant" 0 0 0 0 0 0 0 0.0195331575349155 0 0 0 0 0 0 0 0 0 0 0.00994727941907888 0 0 0 0 0 0 0.0103691414350892 0 0 0
"granted" 0 0 0 0 0 0.0135538086202223 0 0 0 0 0 0 0 0.0117343346632246 0 0 0 0.01170138076293 0 0 0 0.0139684313451599 0 0 0 0 0 0 0
"greater" 0 0 0.0202040610162643 0 0 0 0 0 0 0 0 0 0.0102658864592958 0 0 0.013197835554969 0 0 0 0 0 0 0 0 0 0 0 0 0
"greene" 0 0 0 0 0 0 0 0.039066315069831 0 0 0 0 0 0 0 0 0 0 0 0 0 0 0 0 0 0 0 0 0
"greetings" 0 0 0 0 0.0272963013511669 0.0135538086202223 0 0.00976657876745776 0 0 0 0 0 0 0 0 0 0 0 0 0 0 0 0 0 0 0 0 0
"gringotts" 0 0 0 0 0 0 0 0 0 0.0485319097306479 0 0 0 0 0 0 0 0 0 0 0 0 0 0 0 0 0 0 0
"grown" 0 0 0 0 0 0 0 0 0 0 0 0.0281425891181989 0 0 0.00852296940253985 0 0 0 0 0 0 0 0 0 0 0 0 0 0
"guests" 0 0 0 0 0.0136481506755835 0.0135538086202223 0 0 0 0 0 0 0 0 0 0.013197835554969 0 0 0 0 0 0 0 0.0184229918938836 0 0 0 0 0
"guggenheim" 0 0 0 0 0 0 0 0 0.0339933712925979 0 0 0 0 0 0 0 0 0 0 0 0 0 0 0 0 0 0 0 0
"gunners" 0 0 0 0 0 0 0 0 0 0 0 0 0 0 0 0 0 0 0 0 0 0 0 0 0 0 0 0 0.0725952813067151
"ha-ha" 0 0 0 0 0 0.0542152344808891 0 0 0 0 0 0 0 0 0 0 0 0 0 0 0 0 0 0 0 0 0 0 0
"hamill" 0 0 0 0 0 0 0 0 0 0 0 0 0 0 0 0 0 0 0 0 0 0 0 0 0 0.0414765657403567 0 0 0
"harrell" 0 0 0 0 0 0 0 0 0 0 0 0 0 0 0 0 0 0.0468055230517201 0 0 0 0 0 0 0 0 0 0 0
"hashey" 0 0 0 0 0 0 0 0 0 0 0 0 0 0 0 0 0 0 0 0.0681663258350375 0 0 0 0 0 0 0 0 0
"hauk" 0 0 0 0 0 0 0 0 0 0 0 0 0 0 0 0 0 0 0 0 0 0 0.0759301442672741 0 0 0 0 0 0
"hawlwadig" 0 0 0 0 0 0 0 0 0 0 0 0 0 0 0 0 0 0.0468055230517201 0 0 0 0 0 0 0 0 0 0 0
"headless" 0 0 0 0 0 0 0 0 0 0.0485319097306479 0 0 0 0 0 0 0 0 0 0 0 0 0 0 0 0 0 0 0
"heal" 0 0 0 0 0 0 0 0 0 0 0.023285597857725 0 0 0 0 0 0 0 0.00994727941907888 0.0170415814587594 0 0 0 0 0 0 0 0 0
"hearties" 0 0 0 0 0 0 0 0 0 0 0 0 0 0.0469373386528984 0 0 0 0 0 0 0 0 0 0 0 0 0 0 0
"heathen" 0 0 0 0 0 0 0 0 0 0 0 0 0.0102658864592958 0.0234686693264492 0 0 0 0 0 0 0 0.0139684313451599 0 0 0 0 0 0 0
"heave" 0 0 0 0 0.0136481506755835 0 0 0 0 0 0 0 0 0.0234686693264492 0 0 0 0 0 0 0 0 0 0 0 0.0103691414350892 0 0 0
"heels" 0 0 0 0 0 0 0.0134553283100108 0 0.00849834282314949 0 0 0 0 0.0117343346632246 0 0 0 0 0 0.0170415814587594 0 0 0 0 0 0 0 0 0
"herto" 0 0 0 0 0 0 0 0 0.0339933712925979 0 0 0 0 0 0 0 0 0 0 0 0 0 0 0 0 0 0 0 0
"hired" 0 0.018875047187618 0 0 0 0 0 0.00976657876745776 0 0 0 0 0 0 0.00852296940253985 0.013197835554969 0 0 0 0 0 0 0 0 0 0 0 0 0
"hitting" 0 0 0 0 0 0 0 0 0 0 0 0 0 0 0 0 0.0447127207690588 0 0 0 0 0 0 0 0 0 0 0 0.0362976406533575
"homework" 0 0 0 0.0356379187455453 0 0 0 0 0 0 0 0 0 0 0 0 0 0 0 0.0170415814587594 0 0 0 0 0 0 0 0 0
"honoured" 0 0 0 0 0 0 0 0.0292997363023733 0 0 0 0 0 0 0 0 0 0 0 0 0 0 0 0 0 0 0.0182848784055586 0 0
"hooked" 0 0 0 0.0118793062485151 0 0 0 0 0.00849834282314949 0 0 0 0 0 0 0 0.0223563603845294 0 0.00994727941907888 0 0 0 0 0 0 0 0 0 0
"horrible" 0 0 0 0.0118793062485151 0 0 0 0 0.00849834282314949 0.012132977432662 0 0 0 0 0 0.013197835554969 0 0 0 0 0 0 0 0 0 0 0 0 0
"horvath" 0 0 0 0 0 0 0 0 0 0 0 0 0 0 0 0 0 0 0 0 0 0 0 0 0 0.0414765657403567 0 0 0
"hunter" 0 0 0.0101020305081321 0 0 0 0.0134553283100108 0 0.00849834282314949 0 0 0 0 0 0 0 0 0 0 0 0 0 0.0189825360668185 0 0 0 0 0 0
"hyperspace" 0 0 0.0404081220325285 0 0 0 0 0 0 0 0 0 0 0 0 0 0 0 0 0 0 0 0 0 0 0 0 0 0
"id" 0 0 0 0 0 0 0 0 0 0 0 0 0 0 0.00852296940253985 0.013197835554969 0 0 0 0 0 0 0 0 0 0 0 0 0.0362976406533575
"idiom" 0 0 0 0 0.0545926027023338 0 0 0 0 0 0 0 0 0 0 0 0 0 0 0 0 0 0 0 0 0 0 0 0
"ifwe" 0 0 0 0 0 0 0 0 0.0339933712925979 0 0 0 0 0 0 0 0 0 0 0 0 0 0 0 0 0 0 0 0
"ifyou" 0 0 0 0 0 0 0 0 0.0339933712925979 0 0 0 0 0 0 0 0 0 0 0 0 0 0 0 0 0 0 0 0
"im" 0 0 0 0 0 0 0 0 0 0 0 0 0 0 0 0.039593506664907 0.0223563603845294 0 0 0 0 0 0 0 0 0 0 0 0
"imitation" 0 0 0 0 0 0 0 0 0 0 0 0 0 0 0 0 0.0894254415381176 0 0 0 0 0 0 0 0 0 0 0 0
"immortal" 0 0 0 0 0 0 0 0 0 0.024265954865324 0.023285597857725 0 0 0 0 0 0 0 0 0 0 0 0 0 0 0 0 0 0
"incident" 0 0 0 0 0 0 0 0 0 0 0.0116427989288625 0 0 0 0 0 0 0 0 0 0 0 0 0 0 0 0.0548546352166758 0 0
"indian" 0 0 0 0 0 0 0 0 0 0 0 0 0 0 0 0.039593506664907 0 0 0 0 0 0.0139684313451599 0 0 0 0 0 0 0
"instant" 0.0112334306897326 0 0 0.0118793062485151 0 0 0 0 0 0.012132977432662 0 0 0 0 0 0 0 0 0 0 0 0.0139684313451599 0 0 0 0 0 0 0
"interests" 0 0 0 0.0118793062485151 0 0 0 0.0195331575349155 0.00849834282314949 0 0 0 0 0 0 0 0 0 0 0 0 0 0 0 0 0 0 0 0
"interrupt" 0 0 0 0 0 0 0.0134553283100108 0 0 0 0 0 0 0 0 0.013197835554969 0 0 0 0 0 0.0139684313451599 0 0 0 0 0.0182848784055586 0 0
"introduce" 0 0 0 0 0 0 0 0 0 0 0 0 0 0.0117343346632246 0 0 0 0 0 0.0170415814587594 0 0 0.0189825360668185 0 0 0 0.0182848784055586 0 0
"invaded" 0 0.018875047187618 0 0 0 0 0 0 0 0 0 0 0 0 0 0 0 0 0 0 0 0 0.0379650721336371 0 0.0200642054574639 0 0 0 0
"invincible" 0 0.018875047187618 0 0 0.0136481506755835 0 0.0269106566200215 0 0 0 0 0 0 0 0 0 0 0 0 0 0 0 0 0 0 0 0 0 0
"italy" 0 0 0 0 0 0 0 0.0195331575349155 0 0 0 0 0 0 0 0 0 0 0 0 0 0 0 0 0.0200642054574639 0 0.0182848784055586 0 0
"ja" 0 0 0 0 0 0 0 0 0 0 0 0 0 0 0 0 0 0 0 0.0511247443762781 0 0 0 0 0 0 0.0182848784055586 0 0
"jacques" 0 0 0 0 0 0 0 0 0 0 0 0 0 0 0 0 0 0 0.0397891176763155 0 0 0 0 0 0 0 0 0 0
"jam" 0 0 0.0101020305081321 0 0.0136481506755835 0 0 0 0 0 0.0116427989288625 0 0 0 0 0 0 0 0 0 0 0 0 0 0 0 0.0182848784055586 0 0
"je" 0 0 0 0 0 0 0 0 0 0 0 0 0 0 0 0 0 0 0 0 0 0 0 0 0 0 0 0.0585565802957107 0
"jersey" 0 0 0 0 0 0 0 0.0195331575349155 0 0 0 0 0 0 0 0 0 0.01170138076293 0 0 0 0 0 0 0.0200642054574639 0 0 0 0
"joint" 0 0 0 0 0 0 0 0.00976657876745776 0 0 0 0 0 0 0 0.013197835554969 0 0 0 0.0170415814587594 0 0 0 0 0.0200642054574639 0 0 0 0
"josef^s" 0 0 0 0 0 0 0 0 0 0 0 0 0 0 0 0 0 0 0 0 0 0 0.0759301442672741 0 0 0 0 0 0
"joy" 0 0 0 0 0 0 0 0 0 0 0 0 0.0102658864592958 0 0 0 0 0 0.00994727941907888 0.0170415814587594 0 0 0 0 0 0.0103691414350892 0 0 0
"judge" 0 0 0 0 0 0 0 0.0292997363023733 0 0 0 0 0 0 0.00852296940253985 0 0 0 0 0 0 0 0 0 0 0 0 0 0
"judgment" 0.0112334306897326 0 0 0 0 0 0 0 0 0.012132977432662 0.0116427989288625 0 0 0.0117343346632246 0 0 0 0 0 0 0 0 0 0 0 0 0 0 0
"juicy" 0 0 0 0 0 0 0 0 0 0 0 0.0187617260787993 0.0102658864592958 0.0117343346632246 0 0 0 0 0 0 0 0 0 0 0 0 0 0 0
"julian" 0 0 0 0 0 0 0 0 0 0 0 0 0 0 0 0 0 0 0.0397891176763155 0 0 0 0 0 0 0 0 0 0
"july" 0 0 0 0 0 0 0 0 0 0 0 0 0 0 0 0 0 0 0.00994727941907888 0 0 0.0139684313451599 0 0.0184229918938836 0 0 0 0.0146391450739277 0
"jungle" 0 0 0 0 0 0 0 0 0 0 0 0 0 0 0 0 0 0 0 0 0 0.0139684313451599 0 0.0552689756816507 0 0 0 0 0
"keel" 0 0 0 0 0 0 0 0 0.0254950284694485 0 0 0 0 0.0117343346632246 0 0 0 0 0 0 0 0 0 0 0 0 0 0 0
"keeps" 0 0 0.0101020305081321 0 0 0 0 0 0 0.012132977432662 0 0 0 0 0.00852296940253985 0 0 0 0 0 0 0 0 0 0 0 0.0182848784055586 0 0
"kid^s" 0.0112334306897326 0 0 0 0 0 0 0.00976657876745776 0 0 0 0 0 0 0 0 0 0 0.00994727941907888 0 0 0 0 0 0 0.0103691414350892 0 0 0
"kidnap" 0 0 0 0 0 0 0 0 0 0 0 0 0 0.0234686693264492 0 0 0 0 0.0198945588381578 0 0 0 0 0 0 0 0 0 0
"kilometers" 0 0 0 0 0 0 0 0 0 0 0 0 0 0 0 0 0 0 0 0 0.0147666863555818 0 0.0189825360668185 0 0 0 0.0182848784055586 0 0.0181488203266788
"klein" 0.0112334306897326 0 0 0.0356379187455453 0 0 0 0 0 0 0 0 0 0 0 0 0 0 0 0 0 0 0 0 0 0 0 0 0
"knees" 0 0 0 0 0 0 0 0.00976657876745776 0 0 0 0 0 0 0 0 0 0.01170138076293 0 0 0 0.0139684313451599 0.0189825360668185 0 0 0 0 0 0
"knots" 0 0 0 0 0 0 0 0 0.016996685646299 0 0 0.00938086303939963 0 0 0 0 0.0223563603845294 0 0 0 0 0 0 0 0 0 0 0 0
"lab" 0 0 0 0 0 0 0 0 0 0 0 0 0 0 0 0 0.0894254415381176 0 0 0 0 0 0 0 0 0 0 0 0
"lance" 0 0 0 0 0 0 0 0 0 0 0 0 0 0 0 0 0 0 0 0 0 0 0 0 0 0 0 0.0585565802957107 0
"languor" 0 0 0 0 0 0 0 0 0 0 0 0 0 0 0 0 0 0 0 0 0 0 0 0 0 0 0 0.0585565802957107 0
"laugh" 0 0 0 0 0 0 0 0.00976657876745776 0 0 0 0 0 0 0 0 0 0 0 0 0 0.0139684313451599 0 0 0.0401284109149278 0 0 0 0
"lawrence" 0 0 0 0 0 0 0 0 0 0 0 0 0 0 0 0 0 0 0 0 0 0.0558737253806398 0 0 0 0 0 0 0
"layers" 0 0 0 0 0 0 0 0 0 0 0 0 0 0 0.0340918776101594 0 0 0 0 0 0 0 0 0 0 0 0 0 0
"learning" 0.0112334306897326 0 0 0 0.0136481506755835 0 0.0134553283100108 0 0 0 0 0 0 0 0.00852296940253985 0 0 0 0 0 0 0 0 0 0 0 0 0 0
"lesson" 0 0 0 0 0 0.0135538086202223 0 0 0 0.012132977432662 0 0 0 0.0117343346632246 0.00852296940253985 0 0 0 0 0 0 0 0 0 0 0 0 0 0
"liberty" 0 0 0 0 0 0 0 0 0.00849834282314949 0 0 0 0 0 0 0 0 0 0 0 0 0 0 0 0 0.0311074243052675 0 0 0
"life-forms" 0 0 0 0 0 0.0135538086202223 0 0 0 0 0 0 0 0 0 0 0.0670690811535882 0 0 0 0 0 0 0 0 0 0 0 0
"lighting" 0 0 0 0 0.0272963013511669 0.0271076172404446 0 0 0 0 0 0 0 0 0 0 0 0 0 0 0 0 0 0 0 0 0 0 0
"link" 0 0 0.0101020305081321 0 0 0 0 0.00976657876745776 0 0 0 0 0 0 0 0 0 0 0 0 0.0147666863555818 0 0 0 0 0 0 0.0146391450739277 0
"ln" 0 0 0 0 0 0 0 0 0.00849834282314949 0 0 0 0 0 0 0 0.0670690811535882 0 0 0 0 0 0 0 0 0 0 0 0
"lookin" 0 0 0.0101020305081321 0 0 0.0135538086202223 0 0 0 0 0 0 0 0 0 0 0.0223563603845294 0 0 0 0 0 0 0 0.0200642054574639 0 0 0 0
"los" 0 0 0 0 0 0 0 0 0.00849834282314949 0 0 0 0 0 0.0255689082076195 0 0 0 0 0 0 0 0 0 0 0 0 0 0
"louis" 0 0 0 0 0 0 0 0.00976657876745776 0.0254950284694485 0 0 0 0 0 0 0 0 0 0 0 0 0 0 0 0 0 0 0 0
"lousy" 0 0.018875047187618 0 0 0 0 0 0.0195331575349155 0 0 0 0 0 0 0 0 0 0 0 0 0 0 0.0189825360668185 0 0 0 0 0 0
"lowa" 0 0 0 0 0 0 0 0 0 0 0 0 0 0 0 0 0 0 0 0 0 0 0 0 0 0.0414765657403567 0 0 0
"lt^ll" 0 0 0 0 0 0 0 0 0 0 0 0 0.0102658864592958 0 0 0 0.0670690811535882 0 0 0 0 0 0 0 0 0 0 0 0
"magazine" 0 0 0 0 0 0 0 0 0 0 0 0 0 0.0234686693264492 0 0 0 0 0.00994727941907888 0 0 0.0139684313451599 0 0 0 0 0 0 0
"maggot" 0 0 0 0 0 0 0 0 0 0 0 0.00938086303939963 0.0205317729185915 0 0 0 0 0 0 0 0 0.0139684313451599 0 0 0 0 0 0 0
"managed" 0 0 0.0101020305081321 0 0 0 0 0 0 0.012132977432662 0 0 0 0 0 0 0 0 0 0 0.0147666863555818 0 0 0 0 0 0.0182848784055586 0 0
"marks" 0 0 0.0101020305081321 0 0 0 0 0 0 0 0 0 0 0 0 0 0 0 0 0 0 0.0279368626903199 0 0 0 0 0.0182848784055586 0 0
"marooned" 0 0 0 0 0 0 0 0 0 0 0 0 0 0.0469373386528984 0 0 0 0 0 0 0 0 0 0 0 0 0 0 0
"mashers" 0 0 0.0303060915243964 0 0 0 0 0 0 0 0 0 0 0 0 0 0 0 0 0 0.0147666863555818 0 0 0 0 0 0 0 0
"massacre" 0.0224668613794653 0 0 0 0 0 0.0134553283100108 0 0 0 0 0.00938086303939963 0 0 0 0 0 0 0 0 0 0 0 0 0 0 0 0 0
"matanikau" 0 0 0 0 0 0 0 0 0 0 0 0 0 0 0 0 0 0 0 0 0 0 0 0.0736919675755343 0 0 0 0 0
"matches" 0 0 0 0 0 0.0135538086202223 0 0 0.00849834282314949 0 0 0 0 0 0 0.013197835554969 0 0 0 0.0170415814587594 0 0 0 0 0 0 0 0 0
"material" 0.0112334306897326 0 0 0 0 0 0 0.00976657876745776 0 0 0 0 0 0 0 0 0 0 0 0.0170415814587594 0.0147666863555818 0 0 0 0 0 0 0 0
"materials" 0 0 0 0 0 0 0 0 0 0 0 0 0 0 0 0 0 0 0 0.0170415814587594 0 0 0.0569476082004556 0 0 0 0 0 0
"mcauliffe" 0 0 0 0 0 0 0 0 0 0 0 0 0 0 0 0 0 0 0.0397891176763155 0 0 0 0 0 0 0 0 0 0
"mccluskey" 0 0 0 0 0 0 0 0.039066315069831 0 0 0 0 0 0 0 0 0 0 0 0 0 0 0 0 0 0 0 0 0
"mcgonagall" 0 0 0 0 0 0 0 0 0 0.0485319097306479 0 0 0 0 0 0 0 0 0 0 0 0 0 0 0 0 0 0 0
"meal" 0 0 0 0 0 0 0 0 0 0 0 0 0 0 0 0 0 0.01170138076293 0.0198945588381578 0 0 0 0 0.0184229918938836 0 0 0 0 0
"meals" 0 0 0 0 0 0 0 0 0 0.012132977432662 0 0 0 0 0 0 0.0223563603845294 0 0 0 0 0.0139684313451599 0.0189825360668185 0 0 0 0 0 0
"mend" 0 0 0 0 0 0 0 0 0 0 0.023285597857725 0 0.0102658864592958 0 0 0 0 0 0 0 0 0 0 0.0184229918938836 0 0 0 0 0
"miami" 0 0 0 0 0 0 0 0 0 0 0 0 0 0 0 0.039593506664907 0 0.01170138076293 0 0 0 0 0 0 0 0 0 0 0
"millions" 0.0112334306897326 0 0.0101020305081321 0 0 0 0 0 0.00849834282314949 0 0 0 0 0 0 0 0 0 0 0 0 0 0 0 0 0 0.0182848784055586 0 0
"minds" 0.0112334306897326 0 0 0 0 0 0 0.00976657876745776 0 0 0 0 0 0 0.00852296940253985 0 0 0 0 0 0 0.0139684313451599 0 0 0 0 0 0 0
"miracle" 0 0 0 0 0 0 0 0 0 0 0 0 0 0.0117343346632246 0 0 0 0 0 0.0170415814587594 0 0 0 0 0.0200642054574639 0.0103691414350892 0 0 0
"mithrandir" 0 0 0 0 0 0 0 0 0 0 0 0 0.041063545837183 0 0 0 0 0 0 0 0 0 0 0 0 0 0 0 0
"model" 0 0 0 0.0118793062485151 0.0136481506755835 0 0 0 0 0.012132977432662 0 0 0 0 0 0 0 0 0 0 0 0 0 0 0 0 0 0.0146391450739277 0
"monkey" 0 0.018875047187618 0 0 0 0 0 0 0 0 0 0 0 0.0234686693264492 0 0 0 0 0 0 0 0.0139684313451599 0 0 0 0 0 0 0
"monkeys" 0 0 0 0 0 0.0271076172404446 0 0 0 0 0 0 0 0 0 0 0 0 0 0 0 0 0 0.0368459837877671 0 0 0 0 0
"monotonous" 0 0 0 0 0 0 0 0 0 0 0 0 0 0 0 0 0 0 0 0 0 0 0 0 0 0 0 0.0585565802957107 0
"morons" 0.0337002920691979 0 0 0 0 0 0 0 0 0 0 0 0 0 0 0 0 0 0.00994727941907888 0 0 0 0 0 0 0 0 0 0
"mosquitoes" 0 0 0 0 0 0 0 0 0 0 0 0 0 0 0 0 0 0 0 0 0.0147666863555818 0 0 0.0184229918938836 0.0401284109149278 0 0 0 0
"mouths" 0.0112334306897326 0 0 0 0 0 0 0 0 0 0 0 0 0.0234686693264492 0 0.013197835554969 0 0 0 0 0 0 0 0 0 0 0 0 0
"mp" 0 0 0 0 0 0 0 0 0 0 0 0 0 0 0 0 0 0 0 0 0 0 0 0.0368459837877671 0 0 0.0182848784055586 0.0146391450739277 0
"mum" 0 0 0 0 0 0 0 0 0 0.0485319097306479 0 0 0 0 0 0 0 0 0 0 0 0 0 0 0 0 0 0 0
"mummy" 0 0 0 0 0 0 0 0 0 0.0485319097306479 0 0 0 0 0 0 0 0 0 0 0 0 0 0 0 0 0 0 0
"murderers" 0 0 0 0 0 0 0 0.0195331575349155 0 0 0 0.00938086303939963 0.0102658864592958 0 0 0 0 0 0 0 0 0 0 0 0 0 0 0 0
"muscle" 0 0 0 0 0 0 0 0.0292997363023733 0 0 0 0 0 0 0 0 0 0 0 0 0 0 0 0.0184229918938836 0 0 0 0 0
"museum" 0 0.0755001887504719 0 0 0 0 0 0 0 0 0 0 0 0 0 0 0 0 0 0 0 0 0 0 0 0 0 0 0
"mutiny" 0 0 0 0 0 0 0 0 0 0 0 0 0 0.0469373386528984 0 0 0 0 0 0 0 0 0 0 0 0 0 0 0
"myfiancee" 0 0 0 0 0 0 0 0 0.0339933712925979 0 0 0 0 0 0 0 0 0 0 0 0 0 0 0 0 0 0 0 0
"nah" 0 0 0 0 0 0 0 0 0 0 0 0 0 0 0 0 0 0.01170138076293 0 0 0.0147666863555818 0 0 0.0368459837877671 0 0 0 0 0
"nail" 0 0 0 0 0 0 0 0 0 0 0 0 0 0 0 0 0 0 0.00994727941907888 0.0340831629175187 0 0 0 0 0.0200642054574639 0 0 0 0
"naught" 0 0 0 0 0 0 0 0 0 0 0 0.00938086303939963 0.0102658864592958 0.0234686693264492 0 0 0 0 0 0 0 0 0 0 0 0 0 0 0
"nazi" 0 0.0377500943752359 0 0 0 0 0 0 0 0 0 0 0 0 0 0 0 0 0 0 0 0 0.0189825360668185 0 0 0 0.0182848784055586 0 0
"needle" 0 0 0 0 0 0 0 0 0 0 0 0 0 0 0 0 0.0447127207690588 0 0 0 0 0 0.0189825360668185 0 0 0.0103691414350892 0 0 0
"nerve" 0.0112334306897326 0 0 0 0 0 0 0.00976657876745776 0 0.012132977432662 0 0 0.0102658864592958 0 0 0 0 0 0 0 0 0 0 0 0 0 0 0 0
"nicht" 0 0 0 0 0 0 0 0 0 0 0 0 0 0 0 0 0 0 0 0 0.0590667454223272 0 0 0 0 0 0 0 0
"nick" 0.0337002920691979 0 0 0 0 0 0 0 0 0.012132977432662 0 0 0 0 0 0 0 0 0 0 0 0 0 0 0 0 0 0 0
"nidavellir" 0.0449337227589306 0 0 0 0 0 0 0 0 0 0 0 0 0 0 0 0 0 0 0 0 0 0 0 0 0 0 0 0
"nigger" 0 0 0 0 0 0 0 0 0 0 0 0 0 0 0 0.039593506664907 0 0 0 0 0 0.0139684313451599 0 0 0 0 0 0 0
"nmenor" 0 0 0 0 0 0 0 0 0 0 0.0116427989288625 0.0187617260787993 0.0102658864592958 0 0 0 0 0 0 0 0 0 0 0 0 0 0 0 0
"noble" 0.0112334306897326 0 0 0 0 0 0.0269106566200215 0 0 0 0.0116427989288625 0 0 0 0 0 0 0 0 0 0 0 0 0 0 0 0 0 0
"norman" 0 0 0 0 0 0 0 0 0 0 0 0 0 0 0 0 0 0 0.0298418382572366 0.0170415814587594 0 0 0 0 0 0 0 0 0
"northeast" 0 0 0 0 0.0136481506755835 0 0 0 0 0 0 0.00938086303939963 0 0 0 0 0.0223563603845294 0.01170138076293 0 0 0 0 0 0 0 0 0 0 0
"nut" 0 0.018875047187618 0 0 0 0 0 0 0.00849834282314949 0 0 0.00938086303939963 0 0 0 0 0 0 0 0 0 0 0 0 0 0 0 0.0146391450739277 0
"obey" 0 0 0 0 0 0 0 0 0 0 0 0 0 0 0 0 0.0223563603845294 0 0 0 0 0.0279368626903199 0.0189825360668185 0 0 0 0 0 0
"object" 0 0 0 0 0.0136481506755835 0 0 0 0.00849834282314949 0 0 0 0 0 0.00852296940253985 0 0 0 0 0 0 0 0.0189825360668185 0 0 0 0 0 0
"obsessed" 0 0.018875047187618 0 0 0 0 0 0 0 0 0 0 0 0.0234686693264492 0 0 0 0 0 0 0 0 0.0189825360668185 0 0 0 0 0 0
"occur" 0 0 0 0 0 0 0 0 0 0 0 0 0 0 0 0.039593506664907 0.0223563603845294 0 0 0 0 0 0 0 0 0 0 0 0
"occurred" 0 0 0 0.0118793062485151 0 0 0 0 0 0 0 0 0 0 0 0.039593506664907 0 0 0 0 0 0 0 0 0 0 0 0 0
"october" 0 0 0 0.0237586124970302 0 0 0 0 0 0 0.0116427989288625 0 0 0 0 0.013197835554969 0 0 0 0 0 0 0 0 0 0 0 0 0
"offensive" 0 0 0 0 0.0136481506755835 0 0 0 0 0 0 0 0 0 0 0 0 0 0 0 0 0.0139684313451599 0 0 0 0 0.0365697568111172 0 0
"officially" 0.0112334306897326 0 0 0 0 0 0 0 0 0 0.0116427989288625 0 0 0 0 0 0 0 0 0 0 0 0.0189825360668185 0 0 0 0.0182848784055586 0 0
"officials" 0 0 0 0.0237586124970302 0 0 0 0 0 0 0 0 0 0 0 0.013197835554969 0 0 0 0 0 0.0139684313451599 0 0 0 0 0 0 0
"ofthat" 0 0 0 0 0 0 0 0 0.0339933712925979 0 0 0 0 0 0 0 0 0 0 0 0 0 0 0 0 0 0 0 0
"older" 0 0 0 0 0 0 0.0134553283100108 0.00976657876745776 0 0 0.0116427989288625 0 0 0 0 0 0 0 0 0.0170415814587594 0 0 0 0 0 0 0 0 0
"oof" 0 0 0 0 0 0.0406614258606668 0 0 0 0 0 0 0 0 0 0 0 0 0 0 0 0 0.0189825360668185 0 0 0 0 0 0
"ooh" 0 0 0 0 0 0.0542152344808891 0 0 0 0 0 0 0 0 0 0 0 0 0 0 0 0 0 0 0 0 0 0 0
"operational" 0 0 0.0404081220325285 0 0 0 0 0 0 0 0 0 0 0 0 0 0 0 0 0 0 0 0 0 0 0 0 0 0
"opportunity" 0 0 0 0 0 0 0 0 0 0 0 0 0.0102658864592958 0 0.00852296940253985 0 0 0 0 0 0 0 0 0 0 0.0207382828701783 0 0 0
"oppose" 0 0 0.0101020305081321 0 0 0 0.0134553283100108 0 0 0 0 0.0187617260787993 0 0 0 0 0 0 0 0 0 0 0 0 0 0 0 0 0
"orange" 0 0 0 0 0 0 0 0.00976657876745776 0 0 0 0 0 0 0 0 0 0 0 0.0170415814587594 0.0147666863555818 0 0 0 0.0200642054574639 0 0 0 0
"outpost" 0 0 0 0 0 0 0 0 0 0 0 0 0 0 0 0 0.0223563603845294 0 0 0 0.0147666863555818 0 0 0.0368459837877671 0 0 0 0 0
"outrun" 0 0 0.0303060915243964 0 0 0 0 0 0 0 0 0 0 0.0117343346632246 0 0 0 0 0 0 0 0 0 0 0 0 0 0 0
"overhead" 0 0 0 0 0 0 0 0 0 0 0 0.00938086303939963 0 0 0 0 0 0.0234027615258601 0 0 0 0 0 0 0 0 0 0 0.0181488203266788
"packed" 0 0 0 0 0 0 0 0 0 0.024265954865324 0 0 0 0 0 0 0 0 0 0 0 0.0139684313451599 0 0.0184229918938836 0 0 0 0 0
"painful" 0.0112334306897326 0 0 0 0 0.0135538086202223 0 0 0 0.012132977432662 0 0 0 0 0 0 0 0 0.00994727941907888 0 0 0 0 0 0 0 0 0 0
"park" 0 0 0 0.0237586124970302 0 0 0 0 0 0 0 0 0 0 0 0.013197835554969 0 0 0 0 0 0 0 0 0 0 0 0.0146391450739277 0
"particularly" 0 0 0 0 0.0136481506755835 0 0 0 0 0.012132977432662 0 0 0.0102658864592958 0 0.00852296940253985 0 0 0 0 0 0 0 0 0 0 0 0 0 0
"passenger" 0 0 0.0101020305081321 0 0 0 0 0 0.0254950284694485 0 0 0 0 0 0 0 0 0 0 0 0 0 0 0 0 0 0 0 0
"password" 0 0 0 0 0 0 0 0 0 0.012132977432662 0.0116427989288625 0 0 0 0 0 0 0 0 0 0 0 0 0.0368459837877671 0 0 0 0 0
"pea" 0 0 0 0 0 0 0 0 0.0254950284694485 0.012132977432662 0 0 0 0 0 0 0 0 0 0 0 0 0 0 0 0 0 0 0
"penalty" 0 0 0 0 0.0272963013511669 0 0 0 0 0 0 0.00938086303939963 0 0 0 0 0 0 0 0 0 0 0 0 0 0 0.0182848784055586 0 0
"people^s" 0 0 0.0101020305081321 0 0.0136481506755835 0 0 0 0 0 0 0 0 0 0.00852296940253985 0 0 0 0 0 0 0 0 0 0.0200642054574639 0 0 0 0
"perfume" 0 0 0 0 0 0 0 0 0.00849834282314949 0 0 0 0 0 0 0 0 0 0 0 0 0.0419052940354798 0 0 0 0 0 0 0
"petty" 0 0 0 0 0 0 0 0 0 0 0 0 0 0 0 0 0 0 0 0 0.0443000590667454 0 0.0189825360668185 0 0 0 0 0 0
"philip" 0 0 0 0 0 0 0 0.0292997363023733 0 0 0 0 0 0 0 0 0 0 0 0 0 0 0 0 0.0200642054574639 0 0 0 0
"pile" 0.0112334306897326 0 0.0101020305081321 0 0 0.0135538086202223 0 0 0 0 0 0 0 0 0 0 0 0 0 0 0 0 0 0 0 0.0103691414350892 0 0 0
"pin" 0.0112334306897326 0 0 0 0.0136481506755835 0 0 0 0 0 0 0 0 0 0 0 0 0 0 0 0 0.0139684313451599 0 0.0184229918938836 0 0 0 0 0
"pines" 0 0 0 0.0475172249940603 0 0 0 0 0 0 0 0 0 0 0 0 0 0 0 0 0 0 0 0 0 0 0 0 0
"piracy" 0 0 0 0 0 0 0 0 0 0 0 0 0 0.0469373386528984 0 0 0 0 0 0 0 0 0 0 0 0 0 0 0
"pirate^s" 0 0 0 0 0 0 0 0 0 0 0 0 0 0.0469373386528984 0 0 0 0 0 0 0 0 0 0 0 0 0 0 0
"planets" 0.0224668613794653 0 0 0.0118793062485151 0 0 0 0 0 0 0 0 0 0 0 0 0.0223563603845294 0 0 0 0 0 0 0 0 0 0 0 0
"players" 0 0 0 0 0 0 0 0.00976657876745776 0 0.024265954865324 0 0 0 0 0 0 0 0.01170138076293 0 0 0 0 0 0 0 0 0 0 0
"plays" 0 0 0 0 0 0 0 0.00976657876745776 0 0 0 0 0 0.0117343346632246 0 0 0 0 0 0 0 0.0279368626903199 0 0 0 0 0 0 0
"poison" 0 0.018875047187618 0 0 0 0 0 0 0 0 0 0.0187617260787993 0 0 0 0 0 0 0.00994727941907888 0 0 0 0 0 0 0 0 0 0
"possess" 0.0112334306897326 0.018875047187618 0 0 0 0 0 0 0 0.012132977432662 0.0116427989288625 0 0 0 0 0 0 0 0 0 0 0 0 0 0 0 0 0 0
"possession" 0 0.0566251415628539 0 0 0 0 0 0 0 0.012132977432662 0 0 0 0 0 0 0 0 0 0 0 0 0 0 0 0 0 0 0
"pouring" 0 0 0 0 0 0 0 0 0 0 0 0 0 0 0 0 0 0 0 0 0 0 0.0189825360668185 0.0184229918938836 0.0200642054574639 0.0103691414350892 0 0 0
"prayers" 0 0 0 0 0 0 0.0269106566200215 0 0 0 0 0 0 0 0 0 0 0 0 0 0 0 0 0.0184229918938836 0.0200642054574639 0 0 0 0
"predict" 0 0 0 0.0118793062485151 0 0 0 0 0 0 0 0 0 0.0234686693264492 0 0.013197835554969 0 0 0 0 0 0 0 0 0 0 0 0 0
"preparing" 0 0 0.0101020305081321 0 0 0 0.0134553283100108 0 0 0 0 0 0 0 0 0 0 0 0 0 0 0 0 0.0184229918938836 0 0 0 0 0.0181488203266788
"preserver" 0 0 0 0.0356379187455453 0 0 0 0 0 0 0 0 0 0 0 0 0 0 0 0 0 0 0 0 0 0 0 0.0146391450739277 0
"primary" 0 0 0.0303060915243964 0 0 0 0 0 0 0 0 0 0 0 0 0 0 0 0 0 0 0 0 0.0184229918938836 0 0 0 0 0
"prince" 0.0112334306897326 0 0 0 0.0409444520267504 0 0 0 0 0 0 0 0 0 0 0 0 0 0 0 0 0 0 0 0 0 0 0 0
"program" 0 0 0 0.0118793062485151 0 0 0 0 0 0 0 0 0 0 0.00852296940253985 0 0 0.01170138076293 0 0 0 0.0139684313451599 0 0 0 0 0 0 0
"proposition" 0 0 0 0 0 0 0 0.0195331575349155 0.00849834282314949 0 0 0 0 0.0117343346632246 0 0 0 0 0 0 0 0 0 0 0 0 0 0 0
"proved" 0 0 0 0 0.0136481506755835 0 0.0134553283100108 0 0 0 0 0 0 0.0234686693264492 0 0 0 0 0 0 0 0 0 0 0 0 0 0 0
"puller" 0 0 0 0 0 0 0 0 0 0 0 0 0 0 0 0 0 0 0 0 0 0 0 0.0736919675755343 0 0 0 0 0
"punch" 0 0 0 0.0237586124970302 0 0 0 0 0 0 0 0 0 0 0 0 0 0 0 0 0 0 0.0189825360668185 0 0 0 0 0 0.0181488203266788
"quaffle" 0 0 0 0 0 0 0 0 0 0.0485319097306479 0 0 0 0 0 0 0 0 0 0 0 0 0 0 0 0 0 0 0
"quality" 0 0 0 0 0 0.0135538086202223 0 0 0 0 0 0.0281425891181989 0 0 0 0 0 0 0 0 0 0 0 0 0 0 0 0 0
"rail" 0 0 0 0 0 0 0 0 0.0339933712925979 0 0 0 0 0 0 0 0 0 0 0 0 0 0 0 0 0 0 0 0
"raining" 0 0 0 0 0 0 0 0 0 0 0 0 0 0 0 0 0 0 0 0 0 0.0139684313451599 0 0.0184229918938836 0 0 0 0.0292782901478554 0
"ramelle" 0 0 0 0 0 0 0 0 0 0 0 0 0 0 0 0 0 0 0 0 0 0 0 0 0 0.0414765657403567 0 0 0
"randy" 0 0 0 0 0 0 0 0 0 0 0 0 0 0 0 0 0 0.0468055230517201 0 0 0 0 0 0 0 0 0 0 0
"rank" 0 0 0 0 0 0 0 0 0.00849834282314949 0 0 0 0.0102658864592958 0 0 0 0 0 0 0.0170415814587594 0 0 0 0 0 0 0.0182848784055586 0 0
"reactor" 0 0 0.0404081220325285 0 0 0 0 0 0 0 0 0 0 0 0 0 0 0 0 0 0 0 0 0 0 0 0 0 0
"reasons" 0 0 0 0 0 0 0 0.0195331575349155 0 0 0 0 0 0.0117343346632246 0 0 0 0 0 0 0 0 0 0 0.0200642054574639 0 0 0 0
"recognize" 0 0 0 0 0 0 0 0 0 0 0 0 0 0.0117343346632246 0 0.013197835554969 0 0.01170138076293 0 0 0 0 0 0.0184229918938836 0 0 0 0 0
"recording" 0 0 0.0404081220325285 0 0 0 0 0 0 0 0 0 0 0 0 0 0 0 0 0 0 0 0 0 0 0 0 0 0
"reflection" 0 0.018875047187618 0 0 0 0 0 0.00976657876745776 0.00849834282314949 0 0 0.00938086303939963 0 0 0 0 0 0 0 0 0 0 0 0 0 0 0 0 0
"reinforce" 0 0 0 0 0 0 0 0 0 0 0 0 0 0 0 0 0 0 0.00994727941907888 0.0170415814587594 0 0 0 0.0184229918938836 0 0 0 0.0146391450739277 0
"rejection" 0 0 0 0.0356379187455453 0 0.0135538086202223 0 0 0 0 0 0 0 0 0 0 0 0 0 0 0 0 0 0 0 0 0 0 0
"reliable" 0 0 0 0 0 0 0 0.00976657876745776 0 0 0 0 0 0 0 0 0 0.01170138076293 0 0.0170415814587594 0 0 0.0189825360668185 0 0 0 0 0 0
"relics" 0 0.0377500943752359 0 0 0.0136481506755835 0 0 0 0.00849834282314949 0 0 0 0 0 0 0 0 0 0 0 0 0 0 0 0 0 0 0 0
"remain" 0 0 0 0 0.0136481506755835 0 0 0 0 0 0.0116427989288625 0 0 0.0117343346632246 0.00852296940253985 0 0 0 0 0 0 0 0 0 0 0 0 0 0
"rene" 0 0.0755001887504719 0 0 0 0 0 0 0 0 0 0 0 0 0 0 0 0 0 0 0 0 0 0 0 0 0 0 0
"renounce" 0 0 0 0 0 0 0 0.039066315069831 0 0 0 0 0 0 0 0 0 0 0 0 0 0 0 0 0 0 0 0 0
"replaced" 0 0 0 0 0 0.0406614258606668 0 0 0 0 0 0 0 0 0 0.013197835554969 0 0 0 0 0 0 0 0 0 0 0 0 0
"replacements" 0 0 0 0 0 0 0 0 0 0 0 0 0 0 0 0 0 0 0.00994727941907888 0.0511247443762781 0 0 0 0 0 0 0 0 0
"required" 0 0 0.0101020305081321 0 0.0136481506755835 0 0.0134553283100108 0 0.00849834282314949 0 0 0 0 0 0 0 0 0 0 0 0 0 0 0 0 0 0 0 0
"rescued" 0 0 0 0 0 0 0 0 0 0 0 0 0 0.0234686693264492 0 0 0 0 0.0198945588381578 0 0 0 0 0 0 0 0 0 0
"reserve" 0 0 0 0 0 0 0 0 0 0 0 0 0 0 0 0 0 0 0.00994727941907888 0.0340831629175187 0.0147666863555818 0 0 0 0 0 0 0 0
"resources" 0.0112334306897326 0 0 0 0 0 0 0 0 0 0 0 0 0 0 0 0 0 0 0.0170415814587594 0 0 0 0.0184229918938836 0 0.0103691414350892 0 0 0
"respectable" 0 0 0 0.0118793062485151 0 0 0 0.00976657876745776 0 0 0 0 0 0.0234686693264492 0 0 0 0 0 0 0 0 0 0 0 0 0 0 0
"responsibilities" 0 0 0 0 0 0 0 0 0 0 0 0 0 0 0 0.0527913422198759 0 0 0 0 0 0 0 0 0 0 0 0 0
"restaurant" 0 0 0 0 0 0 0 0.039066315069831 0 0 0 0 0 0 0 0 0 0 0 0 0 0 0 0 0 0 0 0 0
"restricted" 0 0 0.0202040610162643 0 0 0 0 0 0 0.024265954865324 0 0 0 0 0 0 0 0 0 0 0 0 0 0 0 0 0 0 0
"returning" 0 0 0 0 0 0 0.0134553283100108 0 0 0 0 0 0 0 0 0 0 0.01170138076293 0 0 0.0147666863555818 0 0.0189825360668185 0 0 0 0 0 0
"ring-bearer" 0 0 0 0 0 0 0 0 0 0 0.0349283967865875 0.00938086303939963 0 0 0 0 0 0 0 0 0 0 0 0 0 0 0 0 0
"rising" 0 0 0 0 0 0 0 0 0 0 0 0.0281425891181989 0 0 0 0 0 0 0 0 0 0.0139684313451599 0 0 0 0 0 0 0
"rod" 0 0 0 0 0 0 0 0 0 0 0 0 0 0 0.0170459388050797 0 0 0 0 0 0 0.0279368626903199 0 0 0 0 0 0 0
"rode" 0 0 0 0 0.0272963013511669 0 0 0 0 0 0 0.00938086303939963 0 0 0 0 0 0 0 0 0 0 0 0 0 0 0 0 0.0181488203266788
"rolls" 0 0 0 0 0 0 0 0 0 0 0 0 0.0102658864592958 0 0 0.013197835554969 0 0 0 0 0 0 0 0 0 0 0 0 0.0362976406533575
"roman" 0 0 0 0 0 0 0.0403659849300323 0 0 0 0 0 0 0 0 0 0 0 0.00994727941907888 0 0 0 0 0 0 0 0 0 0
"romania" 0 0 0 0 0 0 0 0 0 0.0485319097306479 0 0 0 0 0 0 0 0 0 0 0 0 0 0 0 0 0 0 0
"rotten" 0 0 0 0 0 0 0.0134553283100108 0 0 0.012132977432662 0 0.00938086303939963 0 0 0 0 0 0 0 0 0 0 0 0 0.0200642054574639 0 0 0 0
"rpg" 0 0 0 0 0 0 0 0 0 0 0 0 0 0 0 0 0 0.0468055230517201 0 0 0 0 0 0 0 0 0 0 0
"rubbish" 0 0.018875047187618 0 0 0 0 0 0 0.00849834282314949 0.012132977432662 0 0 0 0 0 0 0 0 0 0 0 0 0 0 0 0 0.0182848784055586 0 0
"rude" 0 0 0 0 0 0 0 0 0.0254950284694485 0.012132977432662 0 0 0 0 0 0 0 0 0 0 0 0 0 0 0 0 0 0 0
"runners" 0 0 0 0 0 0 0 0 0 0 0 0 0 0.0117343346632246 0 0 0 0 0 0 0 0 0 0 0 0.0311074243052675 0 0 0
"ruth" 0 0 0 0 0 0 0 0 0.0254950284694485 0 0 0 0 0 0 0 0 0 0.00994727941907888 0 0 0 0 0 0 0 0 0 0
"sack" 0 0 0 0 0 0 0 0 0 0 0.0116427989288625 0 0 0.0117343346632246 0 0 0 0 0.00994727941907888 0 0.0147666863555818 0 0 0 0 0 0 0 0
"safely" 0.0112334306897326 0 0.0202040610162643 0 0 0 0 0.00976657876745776 0 0 0 0 0 0 0 0 0 0 0 0 0 0 0 0 0 0 0 0 0
"sailing" 0 0 0 0 0 0.0271076172404446 0 0 0 0 0 0.00938086303939963 0 0.0117343346632246 0 0 0 0 0 0 0 0 0 0 0 0 0 0 0
"sailor" 0 0 0 0.0118793062485151 0 0 0 0 0 0 0 0 0 0.0352030039896738 0 0 0 0 0 0 0 0 0 0 0 0 0 0 0
"sailors" 0 0 0 0 0 0 0 0 0 0 0 0 0 0.0352030039896738 0 0 0 0 0 0 0 0.0139684313451599 0 0 0 0 0 0 0
"sally" 0 0 0 0.0118793062485151 0 0.0271076172404446 0 0.00976657876745776 0 0 0 0 0 0 0 0 0 0 0 0 0 0 0 0 0 0 0 0 0
"sang" 0 0 0 0 0 0 0 0 0 0 0 0 0 0 0 0 0 0 0 0 0 0 0.0569476082004556 0 0 0.0103691414350892 0 0 0
"schmid" 0 0 0 0 0 0 0 0 0 0 0 0 0 0 0 0 0 0.0468055230517201 0 0 0 0 0 0 0 0 0 0 0
"screaming" 0 0 0.0101020305081321 0 0 0 0.0134553283100108 0 0.00849834282314949 0.012132977432662 0 0 0 0 0 0 0 0 0 0 0 0 0 0 0 0 0 0 0
"screams" 0 0 0 0 0 0 0 0 0 0 0.0116427989288625 0 0.0102658864592958 0 0 0 0 0 0 0 0 0 0 0 0 0.0207382828701783 0 0 0
"sean" 0 0 0 0 0 0 0 0 0 0 0 0 0 0 0 0 0 0 0 0 0 0 0 0 0 0.0414765657403567 0 0 0
"secretary" 0.0112334306897326 0 0 0.0118793062485151 0 0 0 0 0 0 0 0 0 0 0 0.013197835554969 0 0 0 0 0 0 0 0 0 0.0103691414350892 0 0 0
"seed" 0 0 0 0 0 0 0 0 0 0 0 0 0 0 0.0255689082076195 0 0 0 0 0 0 0 0 0 0 0 0 0.0146391450739277 0
"seor" 0 0.0755001887504719 0 0 0 0 0 0 0 0 0 0 0 0 0 0 0 0 0 0 0 0 0 0 0 0 0 0 0
"setting" 0 0 0 0 0 0 0 0 0 0 0 0 0 0 0 0 0 0.01170138076293 0 0 0 0 0 0.0184229918938836 0 0 0 0 0.0362976406533575
"sgt" 0 0 0 0 0 0 0 0 0 0 0 0 0 0 0 0 0 0.0234027615258601 0.0198945588381578 0 0 0 0 0 0 0 0 0 0
"shalt" 0 0 0 0 0.0545926027023338 0 0 0 0 0 0 0 0 0 0 0 0 0 0 0 0 0 0 0 0 0 0 0 0
"sheep" 0 0 0 0 0 0.0406614258606668 0 0 0 0 0 0 0 0.0117343346632246 0 0 0 0 0 0 0 0 0 0 0 0 0 0 0
"shermans" 0 0 0 0 0 0 0 0 0 0 0 0 0 0 0 0 0 0 0 0 0.0295333727111636 0 0 0 0 0.0207382828701783 0 0 0
"shift" 0 0 0 0 0 0 0 0 0 0 0 0 0 0 0.00852296940253985 0 0 0 0.00994727941907888 0 0.0147666863555818 0 0 0 0.0200642054574639 0 0 0 0
"ship^s" 0 0 0.0101020305081321 0 0 0 0 0 0.016996685646299 0 0 0 0 0.0117343346632246 0 0 0 0 0 0 0 0 0 0 0 0 0 0 0
"shithole" 0 0 0 0 0 0 0.0134553283100108 0 0 0 0 0 0 0 0 0 0 0 0 0 0 0 0.0379650721336371 0.0184229918938836 0 0 0 0 0
"shitting" 0 0 0 0 0 0 0 0 0 0 0 0 0 0 0 0 0 0.01170138076293 0 0 0 0.0419052940354798 0 0 0 0 0 0 0
"shitty" 0 0 0 0 0 0 0 0 0 0 0 0 0 0 0 0 0 0 0 0 0.0147666863555818 0.0139684313451599 0 0 0 0.0103691414350892 0.0182848784055586 0 0
"shores" 0 0 0 0 0 0 0 0 0 0 0.0116427989288625 0 0.0307976593778873 0 0 0 0 0 0 0 0 0 0 0 0 0 0 0 0
"sicilian" 0 0 0 0 0 0 0 0.039066315069831 0 0 0 0 0 0 0 0 0 0 0 0 0 0 0 0 0 0 0 0 0
"silk" 0 0 0 0 0 0 0 0.00976657876745776 0 0 0 0 0 0 0 0 0 0 0 0 0.0147666863555818 0 0.0379650721336371 0 0 0 0 0 0
"sinking" 0 0 0 0 0 0 0 0 0.0254950284694485 0 0 0 0 0.0117343346632246 0 0 0 0 0 0 0 0 0 0 0 0 0 0 0
"skill" 0 0 0 0 0 0 0 0 0 0 0.0116427989288625 0.00938086303939963 0 0 0.00852296940253985 0 0 0.01170138076293 0 0 0 0 0 0 0 0 0 0 0
"slacker" 0 0 0 0.0475172249940603 0 0 0 0 0 0 0 0 0 0 0 0 0 0 0 0 0 0 0 0 0 0 0 0 0
"sleeps" 0 0 0 0 0 0 0.0134553283100108 0.0195331575349155 0 0 0 0 0 0 0 0 0 0.01170138076293 0 0 0 0 0 0 0 0 0 0 0
"slipped" 0 0.018875047187618 0 0.0118793062485151 0 0 0 0 0.016996685646299 0 0 0 0 0 0 0 0 0 0 0 0 0 0 0 0 0 0 0 0
"slowly" 0 0 0 0 0 0 0 0 0.00849834282314949 0 0 0 0 0 0 0 0 0 0 0 0 0 0.0189825360668185 0.0184229918938836 0 0 0.0182848784055586 0 0
"smaller" 0 0 0 0 0 0.0271076172404446 0 0 0 0 0 0 0 0 0 0 0 0 0 0 0 0 0.0189825360668185 0 0 0 0 0 0.0181488203266788
"smithy" 0 0 0 0 0 0 0 0 0 0 0 0 0.0102658864592958 0.0117343346632246 0 0 0 0 0 0 0.0147666863555818 0 0.0189825360668185 0 0 0 0 0 0
"smokey" 0 0 0 0 0 0 0 0 0 0 0 0 0 0 0 0 0 0 0.0198945588381578 0.0170415814587594 0.0147666863555818 0 0 0 0 0 0 0 0
"snafu" 0 0 0 0 0 0 0 0 0 0 0 0 0 0 0 0 0 0 0 0 0 0 0 0 0.0802568218298555 0 0 0 0
"snakes" 0 0.0755001887504719 0 0 0 0 0 0 0 0 0 0 0 0 0 0 0 0 0 0 0 0 0 0 0 0 0 0 0
"snape^s" 0 0 0 0 0 0 0 0 0 0.0485319097306479 0 0 0 0 0 0 0 0 0 0 0 0 0 0 0 0 0 0 0
"snipers" 0 0 0 0 0 0 0 0 0 0 0 0 0 0 0 0 0 0.01170138076293 0 0.0170415814587594 0.0147666863555818 0 0 0 0 0.0103691414350892 0 0 0
"soft" 0 0 0 0 0.0136481506755835 0 0 0.00976657876745776 0 0 0 0.00938086303939963 0 0 0 0 0 0 0 0 0 0 0 0 0 0 0.0182848784055586 0 0
"soldier^s" 0 0 0 0 0 0 0.0134553283100108 0 0 0 0 0 0 0 0 0 0 0 0.00994727941907888 0 0.0295333727111636 0 0 0 0 0 0 0 0
"solution" 0.0112334306897326 0 0 0 0 0 0 0.00976657876745776 0 0 0 0 0 0 0.00852296940253985 0 0 0 0 0 0 0 0 0 0 0 0.0182848784055586 0 0
"somehow" 0 0 0 0.0118793062485151 0 0 0 0 0 0 0 0.00938086303939963 0 0 0 0 0 0 0.00994727941907888 0 0.0147666863555818 0 0 0 0 0 0 0 0
"sorted" 0 0 0 0 0 0 0 0 0.016996685646299 0.024265954865324 0 0 0 0 0 0 0 0 0 0 0 0 0 0 0 0 0 0 0
"spades" 0 0 0 0 0 0 0 0 0 0 0 0 0 0 0 0 0 0 0 0 0 0 0 0 0 0 0.0731395136222344 0 0
"spanish" 0 0 0 0 0 0 0 0 0.00849834282314949 0 0 0 0 0.0352030039896738 0 0 0 0 0 0 0 0 0 0 0 0 0 0 0
"spank" 0 0 0 0 0.0409444520267504 0 0 0 0 0 0 0 0 0 0 0 0 0.01170138076293 0 0 0 0 0 0 0 0 0 0 0
"speaks" 0 0.018875047187618 0.0101020305081321 0 0 0 0 0 0 0 0 0 0 0 0 0 0 0 0 0 0 0 0 0 0 0.0207382828701783 0 0 0
"speech" 0 0 0 0 0 0 0 0 0 0 0.0349283967865875 0.00938086303939963 0 0 0 0 0 0 0 0 0 0 0 0 0 0 0 0 0
"sponge" 0 0 0 0 0.0136481506755835 0 0 0 0 0 0.0116427989288625 0 0 0 0 0 0 0 0 0 0.0147666863555818 0 0 0 0.0200642054574639 0 0 0 0
"stabbed" 0.0224668613794653 0 0 0 0 0 0 0 0 0 0.0116427989288625 0 0.0102658864592958 0 0 0 0 0 0 0 0 0 0 0 0 0 0 0 0
"stable" 0 0 0 0 0 0 0 0 0 0 0 0.00938086303939963 0 0 0.0170459388050797 0 0 0 0.00994727941907888 0 0 0 0 0 0 0 0 0 0
"stack" 0 0 0 0 0 0 0 0 0 0 0 0 0 0 0 0 0 0 0 0 0 0 0 0 0 0.0103691414350892 0 0 0.0544464609800363
"stair" 0 0 0 0 0 0 0 0 0.016996685646299 0 0 0 0.0205317729185915 0 0 0 0 0 0 0 0 0 0 0 0 0 0 0 0
"stairwell" 0 0 0 0 0 0 0 0 0.0254950284694485 0 0 0 0 0 0 0 0 0 0 0 0 0 0 0 0 0 0 0 0.0181488203266788
"standby" 0 0 0 0 0 0.0135538086202223 0 0 0 0 0 0 0 0 0 0 0 0 0.00994727941907888 0 0 0 0 0 0.0401284109149278 0 0 0 0
"starts" 0 0 0 0 0 0.0135538086202223 0 0 0 0 0 0.00938086303939963 0 0 0 0 0 0 0 0 0 0 0 0 0 0.0103691414350892 0 0.0146391450739277 0
"starving" 0 0 0 0 0 0 0 0 0 0 0 0.0187617260787993 0 0.0117343346632246 0 0 0 0 0 0 0 0 0 0 0 0 0.0182848784055586 0 0
"statue" 0 0 0 0 0 0 0 0 0.00849834282314949 0 0 0 0 0 0 0 0 0 0 0 0 0 0 0 0 0.0311074243052675 0 0 0
"steel" 0 0 0 0 0 0 0 0 0.016996685646299 0 0 0 0 0.0117343346632246 0 0 0 0 0 0 0 0 0 0 0 0.0103691414350892 0 0 0
"steve" 0.0337002920691979 0 0 0 0 0 0 0 0 0 0 0 0 0 0 0 0 0 0 0 0 0 0 0 0 0 0 0 0.0181488203266788
"store" 0 0 0 0.0118793062485151 0 0.0135538086202223 0 0 0 0 0 0 0 0 0 0 0 0 0.0198945588381578 0 0 0 0 0 0 0 0 0 0
"stove" 0 0 0 0 0 0 0 0 0.00849834282314949 0 0 0 0.0102658864592958 0 0 0 0 0 0 0 0 0 0.0189825360668185 0 0 0 0.0182848784055586 0 0
"straighten" 0 0 0 0 0 0 0 0.039066315069831 0 0 0 0 0 0 0 0 0 0 0 0 0 0 0 0 0 0 0 0 0
"strategic" 0 0 0 0 0 0 0 0 0 0 0 0 0 0 0 0 0 0 0 0.0170415814587594 0 0.0139684313451599 0 0 0 0 0.0182848784055586 0.0146391450739277 0
"strategy" 0 0 0.0101020305081321 0 0.0136481506755835 0 0 0 0 0 0 0 0 0 0.00852296940253985 0 0 0 0 0 0 0 0 0.0184229918938836 0 0 0 0 0
"stretched" 0 0 0 0 0.0136481506755835 0 0 0 0 0 0.0116427989288625 0 0.0102658864592958 0 0 0 0 0 0.00994727941907888 0 0 0 0 0 0 0 0 0 0
"strictly" 0 0.018875047187618 0 0 0 0 0 0.00976657876745776 0 0.012132977432662 0 0 0 0 0.00852296940253985 0 0 0 0 0 0 0 0 0 0 0 0 0 0
"stroke" 0 0 0.0101020305081321 0 0 0.0135538086202223 0 0 0 0 0 0.00938086303939963 0.0102658864592958 0 0 0 0 0 0 0 0 0 0 0 0 0 0 0 0
"structure" 0.0112334306897326 0 0 0.0118793062485151 0 0 0 0 0 0 0 0 0 0 0 0 0 0.01170138076293 0 0 0 0 0 0 0 0 0 0 0.0181488203266788
"students" 0 0 0 0 0 0 0 0 0 0.0485319097306479 0 0 0 0 0 0 0 0 0 0 0 0 0 0 0 0 0 0 0
"study" 0 0 0 0 0 0 0.0134553283100108 0 0 0 0 0 0 0 0.00852296940253985 0 0 0 0.0198945588381578 0 0 0 0 0 0 0 0 0 0
"suis" 0 0 0 0 0 0 0 0 0 0 0 0 0 0 0 0 0 0 0 0 0 0 0 0 0 0 0 0.0585565802957107 0
"suite" 0 0 0 0 0 0 0 0 0.016996685646299 0 0 0 0 0 0.00852296940253985 0 0 0 0 0 0.0147666863555818 0 0 0 0 0 0 0 0
"sulphur" 0 0 0 0 0 0 0 0 0 0 0 0 0 0 0 0 0 0 0 0 0 0 0 0 0 0.0414765657403567 0 0 0
"superstitious" 0 0.018875047187618 0 0 0 0 0 0.00976657876745776 0 0 0 0 0 0 0 0 0.0447127207690588 0 0 0 0 0 0 0 0 0 0 0 0
"surgeon" 0 0 0 0 0 0 0 0 0 0 0 0 0 0 0 0 0 0 0.0298418382572366 0 0 0 0 0 0 0.0103691414350892 0 0 0
"surrounding" 0 0.018875047187618 0.0101020305081321 0 0 0 0 0 0 0 0 0 0 0 0.00852296940253985 0 0 0 0 0 0 0 0 0 0 0 0 0 0.0181488203266788
"survivors" 0 0 0 0 0 0 0 0 0 0 0 0 0 0.0234686693264492 0 0 0 0.0234027615258601 0 0 0 0 0 0 0 0 0 0 0
"suspect" 0 0 0 0 0 0 0 0 0 0.012132977432662 0 0 0.0102658864592958 0 0.0170459388050797 0 0 0 0 0 0 0 0 0 0 0 0 0 0
"swept" 0 0 0.0101020305081321 0 0 0 0 0 0 0 0.0116427989288625 0 0 0 0 0 0 0 0 0 0 0 0 0.0184229918938836 0 0 0 0.0146391450739277 0
"talkin" 0.0224668613794653 0 0 0 0 0.0271076172404446 0 0 0 0 0 0 0 0 0 0 0 0 0 0 0 0 0 0 0 0 0 0 0
"tastes" 0 0 0 0 0 0 0 0 0 0 0 0 0 0 0 0 0 0 0 0 0.0147666863555818 0.0139684313451599 0.0189825360668185 0 0.0200642054574639 0 0 0 0
"teaching" 0 0 0 0 0 0 0 0.00976657876745776 0 0 0 0.00938086303939963 0 0 0 0.013197835554969 0 0 0.00994727941907888 0 0 0 0 0 0 0 0 0 0
"technical" 0 0 0.0404081220325285 0 0 0 0 0 0 0 0 0 0 0 0 0 0 0 0 0 0 0 0 0 0 0 0 0 0
"terrific" 0 0 0 0 0 0 0 0.0292997363023733 0 0 0 0 0 0 0.00852296940253985 0 0 0 0 0 0 0 0 0 0 0 0 0 0
"territory" 0 0 0 0 0 0 0 0.0195331575349155 0 0 0 0 0 0 0 0 0 0 0 0 0 0 0.0189825360668185 0 0 0 0.0182848784055586 0 0
"tet" 0 0 0 0 0 0 0 0 0 0 0 0 0 0 0 0 0 0 0 0 0 0.0558737253806398 0 0 0 0 0 0 0
"tether" 0 0 0 0 0 0 0 0 0.0339933712925979 0 0 0 0 0 0 0 0 0 0 0 0 0 0 0 0 0 0 0 0
"thankful" 0.0112334306897326 0 0 0 0 0 0 0 0.016996685646299 0 0.0116427989288625 0 0 0 0 0 0 0 0 0 0 0 0 0 0 0 0 0 0
"thatyou" 0 0 0 0 0 0 0 0 0.0339933712925979 0 0 0 0 0 0 0 0 0 0 0 0 0 0 0 0 0 0 0 0
"theory" 0.0112334306897326 0 0 0.0237586124970302 0 0 0 0 0.00849834282314949 0 0 0 0 0 0 0 0 0 0 0 0 0 0 0 0 0 0 0 0
"theywere" 0 0 0 0 0 0 0 0 0.0339933712925979 0 0 0 0 0 0 0 0 0 0 0 0 0 0 0 0 0 0 0 0
"third-class" 0 0 0 0 0 0 0 0 0.0339933712925979 0 0 0 0 0 0 0 0 0 0 0 0 0 0 0 0 0 0 0 0
"thirst" 0 0 0 0 0 0 0 0 0 0.012132977432662 0 0.00938086303939963 0 0.0234686693264492 0 0 0 0 0 0 0 0 0 0 0 0 0 0 0
"thirty" 0 0 0.0303060915243964 0.0118793062485151 0 0 0 0 0 0 0 0 0 0 0 0 0 0 0 0 0 0 0 0 0 0 0 0 0
"tim" 0 0 0 0 0.0545926027023338 0 0 0 0 0 0 0 0 0 0 0 0 0 0 0 0 0 0 0 0 0 0 0 0
"tiny" 0 0 0 0 0.0136481506755835 0 0 0 0 0 0 0 0 0 0 0 0 0 0 0 0 0 0 0.0184229918938836 0 0 0.0365697568111172 0 0
"tipper" 0 0 0 0 0 0 0 0 0 0 0 0 0 0 0 0 0 0 0 0 0.0590667454223272 0 0 0 0 0 0 0 0
"toast" 0.0112334306897326 0.018875047187618 0 0 0 0 0 0 0 0.012132977432662 0 0 0 0 0 0.013197835554969 0 0 0 0 0 0 0 0 0 0 0 0 0
"torch" 0 0.0377500943752359 0 0 0 0 0 0 0 0 0 0 0 0 0 0 0.0223563603845294 0 0 0.0170415814587594 0 0 0 0 0 0 0 0 0
"torment" 0.0112334306897326 0 0 0 0.0136481506755835 0 0 0 0 0 0.0116427989288625 0 0 0.0117343346632246 0 0 0 0 0 0 0 0 0 0 0 0 0 0 0
"torpedoes" 0 0 0.0101020305081321 0 0 0 0 0 0 0 0 0 0 0 0 0 0 0 0 0 0 0 0 0 0 0 0 0.043917435221783 0
"touched" 0 0 0 0 0 0 0.0269106566200215 0 0 0.024265954865324 0 0 0 0 0 0 0 0 0 0 0 0 0 0 0 0 0 0 0
"touching" 0 0 0 0 0 0 0 0 0 0 0 0 0 0 0 0 0 0.0234027615258601 0.0198945588381578 0 0 0 0 0 0 0 0 0 0
"toughest" 0.0112334306897326 0 0 0 0 0 0 0 0 0 0 0 0 0 0 0 0 0 0.0198945588381578 0.0170415814587594 0 0 0 0 0 0 0 0 0
"tourniquet" 0 0 0 0 0 0 0 0 0 0 0 0 0 0 0 0 0 0 0 0 0 0 0 0 0.0200642054574639 0.0103691414350892 0 0 0.0362976406533575
"towers" 0 0 0.0101020305081321 0 0 0 0 0 0 0 0 0.00938086303939963 0.0205317729185915 0 0 0 0 0 0 0 0 0 0 0 0 0 0 0 0
"trace" 0 0.018875047187618 0 0 0 0 0 0.00976657876745776 0 0 0 0 0 0 0.00852296940253985 0.013197835554969 0 0 0 0 0 0 0 0 0 0 0 0 0
"tracking" 0 0 0.0101020305081321 0 0 0 0 0 0 0 0 0.00938086303939963 0 0 0 0 0 0 0 0 0 0 0 0 0 0 0 0 0.0362976406533575
"trail" 0 0 0 0 0 0 0 0 0 0 0 0.00938086303939963 0 0 0 0.013197835554969 0 0 0 0 0 0 0.0189825360668185 0.0184229918938836 0 0 0 0 0
"traitor" 0 0.018875047187618 0.0101020305081321 0 0 0 0 0.00976657876745776 0 0 0 0 0 0 0 0 0 0 0 0 0 0 0 0 0 0 0.0182848784055586 0 0
"traitors" 0 0 0 0 0 0 0 0 0 0 0 0 0.0205317729185915 0 0 0 0 0 0 0 0 0 0.0189825360668185 0 0 0 0 0.0146391450739277 0
"translate" 0 0 0 0 0 0 0 0.00976657876745776 0 0 0 0 0 0 0.0170459388050797 0 0 0 0 0 0 0 0 0 0 0.0103691414350892 0 0 0
"transmit" 0 0 0.0101020305081321 0 0 0 0 0 0 0 0 0 0 0 0 0 0 0 0 0 0 0 0 0 0 0 0.0182848784055586 0.0292782901478554 0
"transport" 0 0.018875047187618 0.0202040610162643 0 0 0.0135538086202223 0 0 0 0 0 0 0 0 0 0 0 0 0 0 0 0 0 0 0 0 0 0 0
"travelers" 0 0 0 0 0.0136481506755835 0 0 0 0 0 0 0.0281425891181989 0 0 0 0 0 0 0 0 0 0 0 0 0 0 0 0 0
"treacherous" 0 0 0 0 0 0 0 0 0 0 0.0116427989288625 0.00938086303939963 0.0102658864592958 0 0 0 0 0 0 0 0 0 0 0.0184229918938836 0 0 0 0 0
"treachery" 0 0 0 0 0 0 0.0134553283100108 0 0 0 0.0116427989288625 0.00938086303939963 0.0102658864592958 0 0 0 0 0 0 0 0 0 0 0 0 0 0 0 0
"treated" 0 0.018875047187618 0 0 0 0 0 0.00976657876745776 0 0 0 0 0 0 0 0 0 0 0 0 0 0 0.0189825360668185 0 0 0.0103691414350892 0 0 0
"trench" 0 0 0.0101020305081321 0 0 0 0 0 0 0 0 0 0 0 0 0 0 0 0.0198945588381578 0 0.0147666863555818 0 0 0 0 0 0 0 0
"trinket" 0.0112334306897326 0 0 0 0 0 0 0 0 0 0.0116427989288625 0 0 0.0234686693264492 0 0 0 0 0 0 0 0 0 0 0 0 0 0 0
"triumph" 0 0 0.0101020305081321 0 0 0 0.0134553283100108 0 0 0 0 0 0.0102658864592958 0 0 0 0 0 0 0 0 0 0 0 0 0.0103691414350892 0 0 0
"trolls" 0 0 0 0 0 0 0 0 0 0.012132977432662 0.0116427989288625 0 0.0205317729185915 0 0 0 0 0 0 0 0 0 0 0 0 0 0 0 0
"troubled" 0 0 0 0 0 0 0.0134553283100108 0 0 0 0.0116427989288625 0.0187617260787993 0 0 0 0 0 0 0 0 0 0 0 0 0 0 0 0 0
"trucks" 0 0 0 0 0 0 0 0 0 0 0 0 0 0 0 0 0 0.01170138076293 0 0 0.0295333727111636 0 0 0 0 0 0.0182848784055586 0 0
"trusts" 0 0 0 0 0 0 0.0134553283100108 0 0 0 0 0 0 0 0 0 0.0447127207690588 0 0 0 0 0 0 0 0 0 0 0.0146391450739277 0
"turf" 0.0224668613794653 0 0 0 0 0.0135538086202223 0 0 0 0 0 0 0 0 0 0 0 0 0 0 0 0 0 0.0184229918938836 0 0 0 0 0
"turk" 0 0 0 0 0 0 0 0.039066315069831 0 0 0 0 0 0 0 0 0 0 0 0 0 0 0 0 0 0 0 0 0
"typical" 0 0 0 0 0 0 0 0 0.016996685646299 0 0 0 0 0 0.00852296940253985 0.013197835554969 0 0 0 0 0 0 0 0 0 0 0 0 0
"unable" 0 0 0.0101020305081321 0 0 0 0.0134553283100108 0 0 0 0 0 0 0.0117343346632246 0 0 0 0 0 0 0 0 0 0 0 0 0 0 0.0181488203266788
"unarmed" 0 0 0 0 0.0136481506755835 0 0 0 0 0 0 0.00938086303939963 0 0 0 0 0 0.01170138076293 0 0 0 0 0.0189825360668185 0 0 0 0 0 0
"uncharted" 0 0 0 0 0 0.0542152344808891 0 0 0 0 0 0 0 0 0 0 0 0 0 0 0 0 0 0 0 0 0 0 0
"underneath" 0 0 0 0.0118793062485151 0 0 0 0 0 0 0 0 0 0 0 0 0 0 0 0.0170415814587594 0 0 0.0379650721336371 0 0 0 0 0 0
"undying" 0.0224668613794653 0 0 0 0 0 0 0 0 0 0 0.0187617260787993 0 0 0 0 0 0 0 0 0 0 0 0 0 0 0 0 0
"unicorn" 0 0 0 0 0 0 0 0 0 0.0485319097306479 0 0 0 0 0 0 0 0 0 0 0 0 0 0 0 0 0 0 0
"union" 0 0 0 0 0.0272963013511669 0 0 0.00976657876745776 0 0 0 0.00938086303939963 0 0 0 0 0 0 0 0 0 0 0 0 0 0 0 0 0
"units" 0 0 0.0101020305081321 0 0 0 0 0 0 0 0 0 0 0 0 0 0 0.01170138076293 0 0 0 0 0 0 0 0 0 0.0146391450739277 0.0181488203266788
"university" 0 0.018875047187618 0 0 0 0 0 0 0.00849834282314949 0 0 0 0 0 0 0 0 0 0 0 0 0.0139684313451599 0 0 0 0 0.0182848784055586 0 0
"unnatural" 0 0 0 0 0 0 0 0 0 0 0.0349283967865875 0 0 0.0117343346632246 0 0 0 0 0 0 0 0 0 0 0 0 0 0 0
"unsinkable" 0 0 0 0 0 0 0 0 0.0339933712925979 0 0 0 0 0 0 0 0 0 0 0 0 0 0 0 0 0 0 0 0
"upper" 0 0 0 0.0118793062485151 0 0 0 0 0 0 0 0 0 0 0.00852296940253985 0 0 0 0 0 0.0295333727111636 0 0 0 0 0 0 0 0
"uruk-hai" 0 0 0 0 0 0 0 0 0 0 0.0116427989288625 0.0281425891181989 0 0 0 0 0 0 0 0 0 0 0 0 0 0 0 0 0
"value" 0 0.018875047187618 0 0 0 0 0 0 0 0 0.0116427989288625 0 0 0.0117343346632246 0 0 0 0 0.00994727941907888 0 0 0 0 0 0 0 0 0 0
"vecchio" 0 0 0 0 0 0 0 0 0 0 0 0 0 0 0 0 0 0 0 0 0 0 0 0 0 0.0414765657403567 0 0 0
"venture" 0 0 0 0 0 0 0 0 0 0 0 0 0.0102658864592958 0.0234686693264492 0 0 0 0 0 0 0 0 0 0 0 0.0103691414350892 0 0 0
"vessel" 0.0224668613794653 0 0 0 0 0.0135538086202223 0 0 0 0 0 0 0 0 0 0 0 0 0 0 0 0 0 0 0 0 0 0 0.0181488203266788
"vierville" 0 0 0 0 0 0 0 0 0 0 0 0 0 0 0 0 0 0 0 0 0 0 0 0 0 0.0414765657403567 0 0 0
"vietnamese" 0 0 0 0 0 0 0 0 0 0 0 0 0 0 0 0 0 0 0 0 0 0.0558737253806398 0 0 0 0 0 0 0
"villages" 0 0 0 0 0 0 0.0134553283100108 0 0 0 0 0.00938086303939963 0 0 0 0 0 0 0 0 0 0.0139684313451599 0 0 0 0 0 0.0146391450739277 0
"violence" 0 0 0 0 0.0272963013511669 0 0 0.00976657876745776 0 0 0 0 0 0 0.00852296940253985 0 0 0 0 0 0 0 0 0 0 0 0 0 0
"virginia" 0 0 0 0 0 0 0 0 0 0 0 0 0 0 0 0 0 0 0.00994727941907888 0 0 0 0 0 0.0601926163723917 0 0 0 0
"vital" 0 0.018875047187618 0.0101020305081321 0 0.0136481506755835 0 0 0 0 0 0 0 0 0 0 0 0 0 0 0 0 0 0 0 0 0 0 0.0146391450739277 0
"vote" 0 0 0 0.0237586124970302 0.0272963013511669 0 0 0 0 0 0 0 0 0 0 0 0 0 0 0 0 0 0 0 0 0 0 0 0
"vulnerable" 0 0 0.0101020305081321 0 0 0 0 0 0 0 0 0.00938086303939963 0 0 0.00852296940253985 0 0.0223563603845294 0 0 0 0 0 0 0 0 0 0 0 0
"wagon" 0 0 0 0 0 0.0135538086202223 0 0 0 0 0 0 0 0 0 0.026395671109938 0 0 0 0 0 0 0 0 0 0 0.0182848784055586 0 0
"walks" 0 0 0 0 0 0 0 0 0 0 0 0.00938086303939963 0.0102658864592958 0 0 0 0 0.01170138076293 0.00994727941907888 0 0 0 0 0 0 0 0 0 0
"wallet" 0 0 0 0 0 0 0 0 0 0 0 0 0 0 0.0255689082076195 0.013197835554969 0 0 0 0 0 0 0 0 0 0 0 0 0
"walter" 0 0 0 0 0 0 0 0 0 0 0 0 0 0 0 0.013197835554969 0 0 0.0198945588381578 0 0 0.0139684313451599 0 0 0 0 0 0 0
"wanting" 0 0 0 0 0 0 0 0 0 0.024265954865324 0 0.00938086303939963 0 0 0.00852296940253985 0 0 0 0 0 0 0 0 0 0 0 0 0 0
"warn" 0 0.018875047187618 0 0.0118793062485151 0 0 0 0 0 0 0 0 0 0 0.00852296940253985 0 0 0 0 0 0 0 0 0 0 0 0.0182848784055586 0 0
"washington" 0 0 0 0 0 0 0 0 0 0 0 0 0 0 0 0 0 0.0234027615258601 0.00994727941907888 0.0170415814587594 0 0 0 0 0 0 0 0 0
"wee" 0 0 0 0 0 0 0 0 0 0 0 0.00938086303939963 0 0 0 0 0 0 0.0198945588381578 0 0 0 0 0 0 0.0103691414350892 0 0 0
"weep" 0 0 0 0 0 0 0 0.0195331575349155 0 0 0 0 0.0205317729185915 0 0 0 0 0 0 0 0 0 0 0 0 0 0 0 0
"weird" 0.0224668613794653 0 0 0 0 0 0 0 0 0 0 0 0 0 0 0 0.0223563603845294 0.01170138076293 0 0 0 0 0 0 0 0 0 0 0
"westfold" 0 0 0 0 0 0 0 0 0 0 0 0.0187617260787993 0.0205317729185915 0 0 0 0 0 0 0 0 0 0 0 0 0 0 0 0
"who^d" 0 0 0 0 0 0 0 0.00976657876745776 0 0.012132977432662 0 0 0 0 0.00852296940253985 0 0 0 0.00994727941907888 0 0 0 0 0 0 0 0 0 0
"wilderness" 0 0 0 0 0 0 0 0 0 0 0 0.00938086303939963 0 0 0 0 0 0 0 0 0 0 0.0569476082004556 0 0 0 0 0 0
"willie" 0 0 0 0 0 0 0 0 0 0 0 0 0 0 0 0 0 0 0 0 0 0 0 0 0 0.0414765657403567 0 0 0
"wing" 0 0 0 0 0 0 0 0 0 0.024265954865324 0 0 0 0 0 0.026395671109938 0 0 0 0 0 0 0 0 0 0 0 0 0
"wlk" 0 0 0 0 0 0 0 0 0 0 0 0 0 0 0 0 0 0 0 0 0 0 0 0 0 0 0.0731395136222344 0 0
"wooden" 0 0 0 0 0.0136481506755835 0 0.0134553283100108 0 0 0 0 0 0 0.0117343346632246 0 0 0 0 0 0 0 0 0 0 0 0.0103691414350892 0 0 0
"woody^s" 0 0 0 0 0 0.0542152344808891 0 0 0 0 0 0 0 0 0 0 0 0 0 0 0 0 0 0 0 0 0 0 0
"workers" 0 0 0 0 0.0136481506755835 0 0 0 0 0 0 0 0 0 0 0 0 0 0 0 0 0 0.0189825360668185 0.0184229918938836 0 0 0.0182848784055586 0 0
"worm" 0 0 0 0 0 0 0 0 0 0 0 0.00938086303939963 0 0 0.0170459388050797 0 0 0 0 0 0 0.0139684313451599 0 0 0 0 0 0 0
"worries" 0 0.018875047187618 0.0101020305081321 0 0 0 0 0 0 0 0.0116427989288625 0 0 0.0117343346632246 0 0 0 0 0 0 0 0 0 0 0 0 0 0 0
"wraiths" 0 0 0 0 0 0 0 0 0 0 0.023285597857725 0.0187617260787993 0 0 0 0 0 0 0 0 0 0 0 0 0 0 0 0 0
"wrecked" 0 0 0 0.0475172249940603 0 0 0 0 0 0 0 0 0 0 0 0 0 0 0 0 0 0 0 0 0 0 0 0 0
"y" 0 0 0 0 0 0 0 0 0 0 0 0 0 0 0 0 0 0.0234027615258601 0 0 0 0 0 0 0 0.0207382828701783 0 0 0
"yank" 0.0112334306897326 0 0 0 0 0 0 0 0 0 0 0 0 0 0 0 0 0 0 0.0170415814587594 0 0 0 0.0184229918938836 0 0 0 0.0146391450739277 0
"ye" 0 0 0 0 0.0136481506755835 0 0 0 0 0 0 0 0 0.0352030039896738 0 0 0 0 0 0 0 0 0 0 0 0 0 0 0
"yipe" 0 0 0 0 0 0.0542152344808891 0 0 0 0 0 0 0 0 0 0 0 0 0 0 0 0 0 0 0 0 0 0 0
"you-" 0 0 0 0 0 0.0271076172404446 0.0269106566200215 0 0 0 0 0 0 0 0 0 0 0 0 0 0 0 0 0 0 0 0 0 0
"zeroed" 0 0 0 0 0 0 0 0 0 0 0 0 0 0 0 0 0 0 0.00994727941907888 0.0170415814587594 0.0295333727111636 0 0 0 0 0 0 0 0
"zones" 0 0 0 0 0 0 0 0 0 0 0 0 0 0 0 0 0 0 0 0 0 0 0 0 0 0 0 0.0585565802957107 0
"-back" 0 0 0 0 0 0 0.0134553283100108 0 0 0 0 0 0 0 0 0 0 0.01170138076293 0 0.0170415814587594 0 0 0 0 0 0 0 0 0
"-better" 0 0 0.0101020305081321 0 0 0 0 0 0 0 0 0 0 0 0 0 0 0 0 0 0 0 0 0 0 0 0 0.0292782901478554 0
"-bilbo" 0 0 0 0 0 0 0 0 0 0 0.0349283967865875 0 0 0 0 0 0 0 0 0 0 0 0 0 0 0 0 0 0
"-blackburn" 0 0 0 0 0 0 0 0 0 0 0 0 0 0 0 0 0 0.0351041422887901 0 0 0 0 0 0 0 0 0 0 0
"-calibre" 0 0 0 0 0 0 0 0 0 0 0 0 0 0 0 0 0 0 0 0 0 0 0 0 0 0.0311074243052675 0 0 0
"-can^t" 0 0 0.0101020305081321 0 0 0 0 0 0 0 0 0 0 0 0 0 0 0 0 0.0170415814587594 0 0 0 0 0 0 0 0.0146391450739277 0
"-did" 0 0 0.0202040610162643 0 0 0 0 0 0 0 0.0116427989288625 0 0 0 0 0 0 0 0 0 0 0 0 0 0 0 0 0 0
"-fall" 0 0 0 0 0 0 0 0 0 0 0 0.00938086303939963 0 0 0 0 0 0 0 0.0340831629175187 0 0 0 0 0 0 0 0 0
"-fire" 0 0 0 0 0 0 0 0 0 0 0 0.0187617260787993 0 0 0 0 0 0 0 0.0170415814587594 0 0 0 0 0 0 0 0 0
"-five" 0 0 0 0 0 0 0 0 0 0 0 0 0 0 0 0 0 0.0234027615258601 0 0 0 0 0 0 0 0 0 0.0146391450739277 0
"-gollum" 0 0 0 0 0 0 0 0 0 0 0.0116427989288625 0.0187617260787993 0 0 0 0 0 0 0 0 0 0 0 0 0 0 0 0 0
"-gondor" 0 0 0 0 0 0 0 0 0 0 0 0.0281425891181989 0 0 0 0 0 0 0 0 0 0 0 0 0 0 0 0 0
"-goodbye" 0 0 0 0 0 0 0 0 0 0 0 0 0 0 0 0.039593506664907 0 0 0 0 0 0 0 0 0 0 0 0 0
"-hi" 0 0 0 0 0 0 0 0 0 0 0 0 0 0 0 0.026395671109938 0 0 0 0.0170415814587594 0 0 0 0 0 0 0 0 0
"-hoo-ah" 0 0 0 0 0 0 0 0 0 0 0 0 0 0 0 0 0 0.0351041422887901 0 0 0 0 0 0 0 0 0 0 0
"-i^ve" 0 0 0.0101020305081321 0 0 0 0 0 0 0 0.0116427989288625 0 0 0 0 0 0 0 0 0.0170415814587594 0 0 0 0 0 0 0 0 0
"-if" 0 0 0 0 0 0 0 0 0 0 0 0.00938086303939963 0 0 0 0 0 0 0 0 0 0 0 0 0 0 0 0.0292782901478554 0
"-keep" 0 0 0.0101020305081321 0 0 0 0 0 0 0 0 0 0 0 0 0 0 0 0 0.0340831629175187 0 0 0 0 0 0 0 0 0
"-looks" 0 0 0.0101020305081321 0 0 0 0 0 0 0 0 0 0 0 0 0 0 0 0 0.0340831629175187 0 0 0 0 0 0 0 0 0
"-luke" 0 0 0.0303060915243964 0 0 0 0 0 0 0 0 0 0 0 0 0 0 0 0 0 0 0 0 0 0 0 0 0 0
"-marines" 0 0 0 0 0 0 0 0 0 0 0 0 0 0 0 0 0 0 0 0.0511247443762781 0 0 0 0 0 0 0 0 0
"-moose" 0 0 0 0 0 0 0 0 0 0 0 0 0 0 0 0 0 0 0 0.0511247443762781 0 0 0 0 0 0 0 0 0
"-my" 0 0 0.0101020305081321 0 0 0 0 0 0 0 0.023285597857725 0 0 0 0 0 0 0 0 0 0 0 0 0 0 0 0 0 0
"-only" 0 0 0.0101020305081321 0 0 0 0 0 0 0 0 0 0 0 0 0 0 0 0 0.0170415814587594 0 0.0139684313451599 0 0 0 0 0 0 0
"-open" 0 0 0 0 0 0 0 0 0 0 0 0.0187617260787993 0 0 0 0 0 0.01170138076293 0 0 0 0 0 0 0 0 0 0 0
"-over" 0 0 0.0101020305081321 0 0 0 0 0 0 0 0.023285597857725 0 0 0 0 0 0 0 0 0 0 0 0 0 0 0 0 0 0
"-sam" 0 0 0 0 0 0 0 0 0 0 0.023285597857725 0.00938086303939963 0 0 0 0 0 0 0 0 0 0 0 0 0 0 0 0 0
"-she" 0 0 0 0 0 0 0.0134553283100108 0 0 0 0 0.0187617260787993 0 0 0 0 0 0 0 0 0 0 0 0 0 0 0 0 0
"-should" 0 0 0.0202040610162643 0 0 0 0 0 0 0 0 0 0 0 0 0 0 0.01170138076293 0 0 0 0 0 0 0 0 0 0 0
"-stop" 0 0 0 0 0 0 0.0134553283100108 0 0 0 0 0 0 0 0 0.026395671109938 0 0 0 0 0 0 0 0 0 0 0 0 0
"-tell" 0 0 0 0 0 0 0 0 0 0 0 0 0 0 0 0 0 0.01170138076293 0 0 0 0 0 0 0 0 0 0.0292782901478554 0
"-very" 0 0 0 0 0 0 0 0 0 0 0 0.00938086303939963 0 0 0 0.013197835554969 0 0 0 0 0 0 0 0 0 0 0 0.0146391450739277 0
"-we^ll" 0 0 0.0202040610162643 0 0 0 0 0 0 0 0 0 0 0 0 0 0 0 0 0.0170415814587594 0 0 0 0 0 0 0 0 0
"-where^s" 0 0 0 0 0 0 0 0 0 0 0 0 0 0 0 0 0 0.0234027615258601 0 0.0170415814587594 0 0 0 0 0 0 0 0 0
"-you^ve" 0 0 0.0101020305081321 0 0 0 0 0 0 0 0.023285597857725 0 0 0 0 0 0 0 0 0 0 0 0 0 0 0 0 0 0
"ability" 0.0112334306897326 0 0.0101020305081321 0 0 0 0 0 0 0.012132977432662 0 0 0 0 0 0 0 0 0 0 0 0 0 0 0 0 0 0 0
"abyss" 0 0 0 0 0 0 0 0 0 0 0 0 0.0307976593778873 0 0 0 0 0 0 0 0 0 0 0 0 0 0 0 0
"academy" 0 0 0.0202040610162643 0 0 0.0135538086202223 0 0 0 0 0 0 0 0 0 0 0 0 0 0 0 0 0 0 0 0 0 0 0
"accidentally" 0 0 0 0.0118793062485151 0 0 0 0 0 0 0 0 0 0 0 0 0 0 0.0198945588381578 0 0 0 0 0 0 0 0 0 0
"acting" 0 0 0 0.0118793062485151 0.0136481506755835 0 0 0.00976657876745776 0 0 0 0 0 0 0 0 0 0 0 0 0 0 0 0 0 0 0 0 0
"acts" 0 0 0 0.0118793062485151 0 0 0 0.00976657876745776 0 0 0 0 0 0 0.00852296940253985 0 0 0 0 0 0 0 0 0 0 0 0 0 0
"added" 0 0 0.0101020305081321 0 0 0 0 0 0 0.012132977432662 0 0 0 0 0.00852296940253985 0 0 0 0 0 0 0 0 0 0 0 0 0 0
"advise" 0 0 0 0 0 0 0 0 0 0 0 0 0 0 0 0 0 0 0 0 0 0.0139684313451599 0 0 0 0 0 0 0.0362976406533575
"advocaat" 0 0 0 0 0 0 0 0 0 0 0 0 0 0 0 0.039593506664907 0 0 0 0 0 0 0 0 0 0 0 0 0
"affairs" 0 0 0 0 0.0136481506755835 0 0 0.00976657876745776 0 0.012132977432662 0 0 0 0 0 0 0 0 0 0 0 0 0 0 0 0 0 0 0
"agreement" 0 0 0.0101020305081321 0 0 0 0 0 0 0 0 0 0 0 0.00852296940253985 0.013197835554969 0 0 0 0 0 0 0 0 0 0 0 0 0
"aidid^s" 0 0 0 0 0 0 0 0 0 0 0 0 0 0 0 0 0 0.0351041422887901 0 0 0 0 0 0 0 0 0 0 0
"alas" 0 0 0 0 0 0 0 0 0 0.012132977432662 0.0116427989288625 0.00938086303939963 0 0 0 0 0 0 0 0 0 0 0 0 0 0 0 0 0
"albus" 0 0 0 0 0 0 0 0 0 0.0363989322979859 0 0 0 0 0 0 0 0 0 0 0 0 0 0 0 0 0 0 0
"alcohol" 0 0 0 0 0 0 0 0 0 0 0 0 0 0 0 0.013197835554969 0.0223563603845294 0 0 0 0 0 0.0189825360668185 0 0 0 0 0 0
"ale" 0 0 0 0 0 0 0 0 0 0 0.0116427989288625 0.00938086303939963 0.0102658864592958 0 0 0 0 0 0 0 0 0 0 0 0 0 0 0 0
"allied" 0 0 0 0 0 0 0 0 0 0 0 0 0 0 0 0 0 0 0 0.0340831629175187 0 0 0 0 0 0.0103691414350892 0 0 0
"allows" 0 0 0 0 0 0 0 0 0 0 0 0 0 0 0.00852296940253985 0 0 0 0 0 0 0.0139684313451599 0 0 0 0 0 0.0146391450739277 0
"almighty" 0.0112334306897326 0 0 0 0.0136481506755835 0 0 0 0.00849834282314949 0 0 0 0 0 0 0 0 0 0 0 0 0 0 0 0 0 0 0 0
"aloft" 0 0 0 0 0.0136481506755835 0 0 0 0 0 0 0.00938086303939963 0 0.0117343346632246 0 0 0 0 0 0 0 0 0 0 0 0 0 0 0
"alpha-" 0 0 0 0 0 0 0 0 0 0 0 0 0 0 0 0 0 0 0 0 0 0 0 0 0 0 0 0 0.0544464609800363
"alternate" 0.0112334306897326 0 0 0 0 0 0 0 0 0 0 0 0 0 0.0170459388050797 0 0 0 0 0 0 0 0 0 0 0 0 0 0
"amon" 0 0 0 0 0 0 0 0 0 0 0.0116427989288625 0 0.0205317729185915 0 0 0 0 0 0 0 0 0 0 0 0 0 0 0 0
"amongst" 0 0 0 0 0 0 0 0 0 0 0.023285597857725 0 0 0.0117343346632246 0 0 0 0 0 0 0 0 0 0 0 0 0 0 0
"amount" 0 0 0 0 0 0 0 0 0.00849834282314949 0 0 0 0 0 0 0 0 0.0234027615258601 0 0 0 0 0 0 0 0 0 0 0
"angelo" 0 0 0 0 0 0 0 0.00976657876745776 0 0 0 0 0 0 0 0 0 0 0 0 0 0 0 0.0368459837877671 0 0 0 0 0
"angels" 0 0 0 0 0 0 0 0 0.00849834282314949 0 0 0 0 0 0 0 0 0 0 0 0 0 0 0 0.0200642054574639 0.0103691414350892 0 0 0
"anguish" 0.0112334306897326 0 0 0 0 0 0 0 0 0 0 0 0 0 0 0 0 0 0 0 0 0 0 0 0 0.0207382828701783 0 0 0
"ankles" 0 0 0 0 0 0 0 0 0 0 0 0 0 0 0 0 0 0 0 0 0 0 0 0 0 0.0311074243052675 0 0 0
"announcement" 0 0 0 0 0 0 0 0 0 0 0 0 0 0 0 0 0 0 0 0.0340831629175187 0 0 0 0 0 0 0 0.0146391450739277 0
"annoying" 0.0112334306897326 0 0 0 0 0.0135538086202223 0 0 0.00849834282314949 0 0 0 0 0 0 0 0 0 0 0 0 0 0 0 0 0 0 0 0
"answers" 0 0 0 0 0.0136481506755835 0 0 0 0 0 0.023285597857725 0 0 0 0 0 0 0 0 0 0 0 0 0 0 0 0 0 0
"antechamber" 0 0.018875047187618 0 0 0 0 0 0 0 0 0 0 0 0 0.0170459388050797 0 0 0 0 0 0 0 0 0 0 0 0 0 0
"anthrax" 0 0 0 0 0.0409444520267504 0 0 0 0 0 0 0 0 0 0 0 0 0 0 0 0 0 0 0 0 0 0 0 0
"antioch" 0 0 0 0 0.0272963013511669 0 0.0134553283100108 0 0 0 0 0 0 0 0 0 0 0 0 0 0 0 0 0 0 0 0 0 0
"anxious" 0.0112334306897326 0 0 0 0 0 0 0 0 0 0 0 0 0 0 0 0.0223563603845294 0 0 0 0 0 0 0 0 0 0 0.0146391450739277 0
"apiece" 0 0 0 0 0 0 0 0.0195331575349155 0.00849834282314949 0 0 0 0 0 0 0 0 0 0 0 0 0 0 0 0 0 0 0 0
"apologies" 0 0 0 0 0 0 0 0 0 0 0 0 0 0.0352030039896738 0 0 0 0 0 0 0 0 0 0 0 0 0 0 0
"apologise" 0 0 0 0 0 0 0 0.0292997363023733 0 0 0 0 0 0 0 0 0 0 0 0 0 0 0 0 0 0 0 0 0
"appointed" 0 0 0 0 0 0 0 0 0 0 0.0116427989288625 0 0.0102658864592958 0 0 0 0 0 0 0.0170415814587594 0 0 0 0 0 0 0 0 0
"appreciated" 0 0 0 0 0 0 0 0 0 0 0 0 0 0.0117343346632246 0.00852296940253985 0 0 0 0 0 0.0147666863555818 0 0 0 0 0 0 0 0
"appropriate" 0 0 0 0.0118793062485151 0 0 0 0 0.00849834282314949 0 0 0 0 0 0 0 0 0 0 0 0 0 0.0189825360668185 0 0 0 0 0 0
"archaeological" 0 0.0566251415628539 0 0 0 0 0 0 0 0 0 0 0 0 0 0 0 0 0 0 0 0 0 0 0 0 0 0 0
"architect" 0 0 0 0 0 0 0 0 0 0 0 0 0 0 0.0255689082076195 0 0 0 0 0 0 0 0 0 0 0 0 0 0
"armored" 0 0 0 0 0 0 0 0 0 0 0 0 0 0 0 0 0 0 0 0.0340831629175187 0.0147666863555818 0 0 0 0 0 0 0 0
"army^s" 0 0 0 0 0 0 0.0134553283100108 0 0 0 0 0 0 0 0 0 0 0 0 0.0170415814587594 0 0 0 0 0 0.0103691414350892 0 0 0
"arnhem" 0 0 0 0 0 0 0 0 0 0 0 0 0 0 0 0 0 0 0 0.0511247443762781 0 0 0 0 0 0 0 0 0
"arranged" 0 0.018875047187618 0 0 0 0 0.0269106566200215 0 0 0 0 0 0 0 0 0 0 0 0 0 0 0 0 0 0 0 0 0 0
"arrangements" 0 0 0 0 0 0 0 0.0195331575349155 0 0 0.0116427989288625 0 0 0 0 0 0 0 0 0 0 0 0 0 0 0 0 0 0
"arrested" 0 0 0 0 0 0 0.0134553283100108 0 0 0 0 0 0 0 0 0 0 0 0 0 0 0 0 0 0 0 0.0365697568111172 0 0
"arthur^s" 0 0 0 0 0.0136481506755835 0 0 0 0 0 0 0 0 0 0.0170459388050797 0 0 0 0 0 0 0 0 0 0 0 0 0 0
"arts" 0.0112334306897326 0 0 0 0 0 0 0 0 0.024265954865324 0 0 0 0 0 0 0 0 0 0 0 0 0 0 0 0 0 0 0
"ashamed" 0 0 0 0 0 0 0 0 0 0 0 0 0.0205317729185915 0 0 0 0 0 0 0 0 0 0 0 0 0.0103691414350892 0 0 0
"ashes" 0 0 0 0 0 0 0 0 0.00849834282314949 0 0 0.00938086303939963 0.0102658864592958 0 0 0 0 0 0 0 0 0 0 0 0 0 0 0 0
"aspect" 0.0112334306897326 0 0 0 0 0 0 0 0 0 0 0 0 0.0117343346632246 0.00852296940253985 0 0 0 0 0 0 0 0 0 0 0 0 0 0
"assembled" 0 0 0 0 0 0 0 0 0 0 0 0 0 0 0 0 0 0.01170138076293 0 0 0.0147666863555818 0 0 0 0 0.0103691414350892 0 0 0
"assessment" 0 0 0 0 0 0 0 0 0 0.012132977432662 0 0 0 0 0 0 0 0.0234027615258601 0 0 0 0 0 0 0 0 0 0 0
"assist" 0 0 0 0 0.0136481506755835 0 0 0 0 0 0 0 0 0 0 0 0 0.01170138076293 0 0.0170415814587594 0 0 0 0 0 0 0 0 0
"astounding" 0 0 0 0 0 0 0 0 0.00849834282314949 0 0 0 0 0 0 0 0 0 0.0198945588381578 0 0 0 0 0 0 0 0 0 0
"asyou" 0 0 0 0 0 0 0 0 0.0254950284694485 0 0 0 0 0 0 0 0 0 0 0 0 0 0 0 0 0 0 0 0
"ate" 0 0 0 0 0 0 0 0 0 0.012132977432662 0 0 0 0 0 0.013197835554969 0 0 0 0 0 0 0.0189825360668185 0 0 0 0 0 0
"atlantic" 0 0 0 0 0 0 0 0 0.0254950284694485 0 0 0 0 0 0 0 0 0 0 0 0 0 0 0 0 0 0 0 0
"attacking" 0 0 0.0101020305081321 0 0 0 0 0 0 0 0 0 0 0 0 0 0 0 0 0 0.0295333727111636 0 0 0 0 0 0 0 0
"attacks" 0 0 0 0 0 0.0135538086202223 0 0 0 0 0 0.00938086303939963 0 0 0 0.013197835554969 0 0 0 0 0 0 0 0 0 0 0 0 0
"attitude" 0.0112334306897326 0 0 0.0118793062485151 0 0 0 0 0 0 0 0 0 0.0117343346632246 0 0 0 0 0 0 0 0 0 0 0 0 0 0 0
"attorney" 0 0 0 0 0 0 0 0.00976657876745776 0 0 0 0 0 0 0.0170459388050797 0 0 0 0 0 0 0 0 0 0 0 0 0 0
"atyou" 0 0 0 0 0 0 0 0 0.0254950284694485 0 0 0 0 0 0 0 0 0 0 0 0 0 0 0 0 0 0 0 0
"audition" 0 0 0 0.0118793062485151 0 0 0 0 0 0 0 0 0 0 0.0170459388050797 0 0 0 0 0 0 0 0 0 0 0 0 0 0
"auxiliary" 0 0 0.0202040610162643 0.0118793062485151 0 0 0 0 0 0 0 0 0 0 0 0 0 0 0 0 0 0 0 0 0 0 0 0 0
"awesome" 0.0112334306897326 0 0 0 0 0 0 0 0 0 0 0 0 0 0 0 0 0 0.00994727941907888 0 0 0 0 0 0 0 0.0182848784055586 0 0
"awol" 0 0 0 0 0 0 0 0 0 0 0 0 0 0 0 0 0 0 0 0.0511247443762781 0 0 0 0 0 0 0 0 0
"b-" 0 0 0 0 0 0.0135538086202223 0 0 0.00849834282314949 0 0 0 0 0 0 0 0 0 0 0 0 0.0139684313451599 0 0 0 0 0 0 0
"bagginses" 0 0 0 0 0 0 0 0 0 0 0.0349283967865875 0 0 0 0 0 0 0 0 0 0 0 0 0 0 0 0 0 0
"bait" 0 0 0 0 0 0 0 0 0 0 0 0 0.0102658864592958 0 0 0 0 0 0 0 0 0 0 0 0 0.0207382828701783 0 0 0
"bakara" 0 0 0 0 0 0 0 0 0 0 0 0 0 0 0 0 0 0.0351041422887901 0 0 0 0 0 0 0 0 0 0 0
"balanced" 0.0112334306897326 0 0 0 0 0 0 0 0 0 0 0 0 0.0234686693264492 0 0 0 0 0 0 0 0 0 0 0 0 0 0 0
"balin" 0 0 0 0 0 0 0 0 0 0 0.0349283967865875 0 0 0 0 0 0 0 0 0 0 0 0 0 0 0 0 0 0
"banished" 0.0112334306897326 0 0 0 0 0 0 0 0 0 0 0.0187617260787993 0 0 0 0 0 0 0 0 0 0 0 0 0 0 0 0 0
"barbarians" 0 0 0 0 0 0 0.0269106566200215 0 0 0 0 0 0 0 0 0 0 0 0.00994727941907888 0 0 0 0 0 0 0 0 0 0
"bare" 0 0 0 0 0 0 0 0 0 0 0 0.00938086303939963 0 0 0 0 0 0 0.0198945588381578 0 0 0 0 0 0 0 0 0 0
"bargain" 0 0 0.0101020305081321 0 0 0 0 0 0 0 0 0 0 0.0234686693264492 0 0 0 0 0 0 0 0 0 0 0 0 0 0 0
"bargained" 0 0.018875047187618 0.0101020305081321 0 0 0 0 0 0 0 0 0 0 0 0.00852296940253985 0 0 0 0 0 0 0 0 0 0 0 0 0 0
"barrels" 0 0 0 0 0 0 0 0 0 0 0 0 0 0 0 0.013197835554969 0 0 0 0 0 0 0 0 0.0200642054574639 0.0103691414350892 0 0 0
"barricade" 0 0 0 0 0 0 0 0 0 0 0 0.0187617260787993 0 0.0117343346632246 0 0 0 0 0 0 0 0 0 0 0 0 0 0 0
"barrier" 0.0224668613794653 0 0 0 0 0 0 0 0 0 0 0 0 0 0.00852296940253985 0 0 0 0 0 0 0 0 0 0 0 0 0 0
"barrow" 0 0.0566251415628539 0 0 0 0 0 0 0 0 0 0 0 0 0 0 0 0 0 0 0 0 0 0 0 0 0 0 0
"baseball" 0 0 0 0 0 0 0 0 0 0 0 0 0 0 0 0 0 0 0 0 0 0 0 0 0 0.0103691414350892 0 0 0.0362976406533575
"based" 0 0 0 0 0 0 0 0 0 0 0 0 0 0 0.0170459388050797 0.013197835554969 0 0 0 0 0 0 0 0 0 0 0 0 0
"bash" 0 0 0 0 0 0 0 0 0 0 0 0 0 0 0 0.026395671109938 0 0 0 0 0 0 0 0 0 0 0 0.0146391450739277 0
"basketball" 0 0 0 0 0 0 0 0 0 0 0 0 0 0 0 0 0 0 0 0 0.0295333727111636 0.0139684313451599 0 0 0 0 0 0 0
"battery" 0 0 0 0 0 0 0.0134553283100108 0 0 0 0 0 0 0 0 0 0 0 0 0 0.0147666863555818 0 0 0 0 0 0 0.0146391450739277 0
"battlefield" 0 0 0 0 0 0 0.0134553283100108 0 0 0 0 0 0 0 0 0 0 0 0.00994727941907888 0 0 0 0 0 0.0200642054574639 0 0 0 0
"bazookas" 0 0 0 0 0 0 0 0 0 0 0 0 0 0 0 0 0 0 0 0 0 0 0 0 0.0200642054574639 0.0103691414350892 0 0.0146391450739277 0
"bee" 0 0 0 0 0 0 0.0403659849300323 0 0 0 0 0 0 0 0 0 0 0 0 0 0 0 0 0 0 0 0 0 0
"bein" 0 0 0 0 0 0.0406614258606668 0 0 0 0 0 0 0 0 0 0 0 0 0 0 0 0 0 0 0 0 0 0 0
"belgium" 0 0 0 0 0 0 0 0 0 0 0 0 0 0 0 0 0 0 0.0198945588381578 0.0170415814587594 0 0 0 0 0 0 0 0 0
"bells" 0 0 0 0 0 0 0 0 0 0 0 0 0 0 0 0 0 0.01170138076293 0 0 0 0 0 0 0.0200642054574639 0 0 0.0146391450739277 0
"benefit" 0 0 0 0 0 0 0 0 0.00849834282314949 0 0 0 0 0.0117343346632246 0 0 0 0 0 0 0 0 0 0 0 0 0 0.0146391450739277 0
"berth" 0 0 0 0 0 0 0 0 0.00849834282314949 0 0 0 0 0.0234686693264492 0 0 0 0 0 0 0 0 0 0 0 0 0 0 0
"betty" 0 0 0 0 0 0 0 0 0 0 0 0 0 0 0 0 0 0 0 0 0 0 0 0.0184229918938836 0 0.0207382828701783 0 0 0
"bible" 0 0.018875047187618 0 0 0 0 0 0 0 0 0 0 0 0 0 0 0 0 0 0 0 0 0.0189825360668185 0 0.0200642054574639 0 0 0 0
"bind" 0 0 0 0 0 0 0 0 0 0 0.023285597857725 0.00938086303939963 0 0 0 0 0 0 0 0 0 0 0 0 0 0 0 0 0
"bite" 0 0 0 0 0.0136481506755835 0 0 0 0 0 0 0 0 0 0 0.013197835554969 0 0 0 0 0 0.0139684313451599 0 0 0 0 0 0 0
"bitte" 0 0 0 0 0 0 0 0 0 0 0 0 0 0 0 0 0 0 0 0 0.0147666863555818 0 0 0 0 0 0 0.0292782901478554 0
"blah" 0 0 0 0 0 0 0 0 0 0 0 0 0 0 0 0 0 0 0 0 0 0 0.0569476082004556 0 0 0 0 0 0
"blair^s" 0 0 0 0 0 0 0 0 0 0 0 0 0 0 0 0 0.0670690811535882 0 0 0 0 0 0 0 0 0 0 0 0
"blasting" 0.0112334306897326 0 0.0101020305081321 0 0 0 0 0.00976657876745776 0 0 0 0 0 0 0 0 0 0 0 0 0 0 0 0 0 0 0 0 0
"bleed" 0 0 0 0 0.0136481506755835 0 0.0134553283100108 0 0 0 0 0 0.0102658864592958 0 0 0 0 0 0 0 0 0 0 0 0 0 0 0 0
"bleeder" 0 0 0 0 0.0136481506755835 0 0 0 0 0 0 0 0 0 0 0 0 0 0.00994727941907888 0 0 0 0 0 0.0200642054574639 0 0 0 0
"blimey" 0 0 0 0 0 0 0 0 0.00849834282314949 0.012132977432662 0 0 0 0 0 0 0 0 0 0 0 0 0 0 0 0 0 0.0146391450739277 0
"bobby" 0 0 0 0 0 0 0 0 0.0254950284694485 0 0 0 0 0 0 0 0 0 0 0 0 0 0 0 0 0 0 0 0
"bocce" 0 0 0.0303060915243964 0 0 0 0 0 0 0 0 0 0 0 0 0 0 0 0 0 0 0 0 0 0 0 0 0 0
"bodyguard" 0 0 0 0 0 0 0 0.0195331575349155 0 0 0 0.00938086303939963 0 0 0 0 0 0 0 0 0 0 0 0 0 0 0 0 0
"bonasera" 0 0 0 0 0 0 0 0.0292997363023733 0 0 0 0 0 0 0 0 0 0 0 0 0 0 0 0 0 0 0 0 0
"bonds" 0 0 0 0 0 0 0 0 0 0 0 0.00938086303939963 0.0102658864592958 0 0 0 0 0 0 0 0 0 0 0 0 0.0103691414350892 0 0 0
"books" 0 0 0 0.0118793062485151 0 0 0.0134553283100108 0 0 0.012132977432662 0 0 0 0 0 0 0 0 0 0 0 0 0 0 0 0 0 0 0
"boom" 0.0224668613794653 0 0 0 0 0 0 0 0 0 0 0 0 0 0 0 0 0 0 0.0170415814587594 0 0 0 0 0 0 0 0 0
"boom-boom" 0 0 0 0 0 0 0 0 0 0 0 0 0 0 0 0 0 0 0 0 0 0.0419052940354798 0 0 0 0 0 0 0
"border" 0.0224668613794653 0 0 0 0 0 0 0 0 0 0 0 0 0 0 0 0 0 0 0 0 0 0.0189825360668185 0 0 0 0 0 0
"bottle" 0 0 0 0 0 0 0 0 0 0.012132977432662 0 0 0 0 0 0.013197835554969 0 0 0 0 0 0 0 0 0 0 0.0182848784055586 0 0
"bourbon" 0 0 0 0 0 0 0 0 0 0 0 0 0 0 0 0.039593506664907 0 0 0 0 0 0 0 0 0 0 0 0 0
"boxes" 0 0 0 0 0 0.0135538086202223 0 0 0 0 0 0 0 0 0 0.013197835554969 0 0 0 0 0 0 0 0 0 0 0.0182848784055586 0 0
"boyle" 0 0 0 0 0 0 0 0 0 0 0 0 0 0 0 0 0 0 0 0.0511247443762781 0 0 0 0 0 0 0 0 0
"branch" 0 0 0 0 0 0 0 0 0 0 0 0 0 0 0 0 0 0 0 0 0 0 0 0.0184229918938836 0.0200642054574639 0.0103691414350892 0 0 0
"bravery" 0 0 0 0 0 0 0 0 0 0.0363989322979859 0 0 0 0 0 0 0 0 0 0 0 0 0 0 0 0 0 0 0
"bravest" 0 0 0 0 0.0272963013511669 0 0.0134553283100108 0 0 0 0 0 0 0 0 0 0 0 0 0 0 0 0 0 0 0 0 0 0
"breach" 0 0 0 0 0 0 0 0 0 0.012132977432662 0 0 0.0205317729185915 0 0 0 0 0 0 0 0 0 0 0 0 0 0 0 0
"breakout" 0 0 0 0 0 0 0 0 0 0 0 0 0 0 0 0 0 0 0 0 0 0 0 0 0 0 0 0 0.0544464609800363
"brew" 0 0 0 0 0 0 0 0 0 0.012132977432662 0 0 0.0205317729185915 0 0 0 0 0 0 0 0 0 0 0 0 0 0 0 0
"brian" 0 0 0 0 0 0 0 0.00976657876745776 0 0 0 0 0 0 0 0 0 0 0 0 0 0 0 0 0 0.0103691414350892 0 0 0.0181488203266788
"bride" 0 0 0 0 0.0136481506755835 0 0 0.00976657876745776 0.00849834282314949 0 0 0 0 0 0 0 0 0 0 0 0 0 0 0 0 0 0 0 0
"briefing" 0 0 0 0 0 0 0 0 0 0 0 0 0 0 0 0 0 0 0.00994727941907888 0 0 0 0 0.0184229918938836 0 0 0.0182848784055586 0 0
"brink" 0.0112334306897326 0 0 0 0 0 0 0 0 0 0.0116427989288625 0 0.0102658864592958 0 0 0 0 0 0 0 0 0 0 0 0 0 0 0 0
"britain" 0 0 0 0 0.0136481506755835 0 0 0 0 0 0 0 0 0 0 0 0 0 0 0 0 0 0.0189825360668185 0 0 0 0 0.0146391450739277 0
"brits" 0 0 0 0 0 0 0 0 0 0 0 0 0 0 0 0 0 0 0 0.0511247443762781 0 0 0 0 0 0 0 0 0
"brooklyn" 0 0 0 0 0 0 0 0.0292997363023733 0 0 0 0 0 0 0 0 0 0 0 0 0 0 0 0 0 0 0 0 0
"bruise" 0 0 0 0.0356379187455453 0 0 0 0 0 0 0 0 0 0 0 0 0 0 0 0 0 0 0 0 0 0 0 0 0
"brush" 0 0 0 0 0.0136481506755835 0 0 0 0 0 0 0 0 0.0117343346632246 0 0 0 0 0 0 0 0 0 0 0.0200642054574639 0 0 0 0
"bugger" 0 0 0 0 0.0136481506755835 0 0 0 0.00849834282314949 0 0 0 0 0 0 0 0 0 0 0.0170415814587594 0 0 0 0 0 0 0 0 0
"bugs" 0 0 0 0 0 0 0 0 0 0 0 0 0 0 0 0.013197835554969 0 0 0 0 0 0.0139684313451599 0 0.0184229918938836 0 0 0 0 0
"bukater" 0 0 0 0 0 0 0 0 0.0254950284694485 0 0 0 0 0 0 0 0 0 0 0 0 0 0 0 0 0 0 0 0
"bunks" 0 0 0 0 0 0 0 0 0 0 0 0 0 0 0 0 0 0 0 0 0 0.0419052940354798 0 0 0 0 0 0 0
"bunny" 0 0 0 0 0.0136481506755835 0 0 0 0 0 0 0 0 0 0 0.013197835554969 0 0 0 0 0 0.0139684313451599 0 0 0 0 0 0 0
"burst" 0 0 0 0 0.0136481506755835 0 0 0 0 0 0.0116427989288625 0 0 0 0 0 0 0 0.00994727941907888 0 0 0 0 0 0 0 0 0 0
"businessman" 0 0 0 0 0 0 0 0.00976657876745776 0.00849834282314949 0 0 0 0 0 0 0 0 0.01170138076293 0 0 0 0 0 0 0 0 0 0 0
"butter" 0 0 0 0 0 0 0 0 0 0.012132977432662 0.0116427989288625 0 0 0 0 0 0 0 0 0 0 0 0 0 0 0 0.0182848784055586 0 0
"butthead" 0 0 0 0.0356379187455453 0 0 0 0 0 0 0 0 0 0 0 0 0 0 0 0 0 0 0 0 0 0 0 0 0
"buying" 0 0 0 0 0 0 0 0 0 0.012132977432662 0 0 0 0 0 0.013197835554969 0 0 0 0 0 0 0 0 0 0.0103691414350892 0 0 0
"bye-bye" 0 0 0 0.0237586124970302 0 0.0135538086202223 0 0 0 0 0 0 0 0 0 0 0 0 0 0 0 0 0 0 0 0 0 0 0
"cabinet" 0 0 0 0.0118793062485151 0 0 0 0 0.00849834282314949 0 0 0 0 0 0 0 0 0.01170138076293 0 0 0 0 0 0 0 0 0 0 0
"caen" 0 0 0 0 0 0 0 0 0 0 0 0 0 0 0 0 0 0 0 0 0 0 0 0 0 0.0207382828701783 0 0.0146391450739277 0
"camel" 0 0 0 0 0 0 0 0 0 0 0 0 0 0 0 0 0 0.0234027615258601 0 0 0 0 0 0 0 0 0.0182848784055586 0 0
"camels" 0 0 0 0 0 0 0 0 0 0 0 0 0 0 0 0 0 0.0351041422887901 0 0 0 0 0 0 0 0 0 0 0
"camera" 0 0 0 0.0118793062485151 0 0 0 0 0.00849834282314949 0 0 0 0 0 0 0 0 0 0.00994727941907888 0 0 0 0 0 0 0 0 0 0
"canned" 0 0 0 0 0 0 0 0 0 0 0 0 0 0 0 0.039593506664907 0 0 0 0 0 0 0 0 0 0 0 0 0
"cannibals" 0 0 0 0 0 0.0406614258606668 0 0 0 0 0 0 0 0 0 0 0 0 0 0 0 0 0 0 0 0 0 0 0
"cannoli" 0 0 0 0 0 0 0 0.0195331575349155 0 0 0 0 0 0 0 0 0 0 0 0 0 0 0 0.0184229918938836 0 0 0 0 0
"cannon" 0 0 0 0 0 0 0 0 0 0 0 0 0 0.0234686693264492 0 0 0 0 0 0 0.0147666863555818 0 0 0 0 0 0 0 0
"canyon" 0 0 0.0101020305081321 0 0 0 0 0 0 0 0 0 0 0 0 0 0 0 0 0 0 0 0 0 0.0401284109149278 0 0 0 0
"capitan" 0 0 0 0 0 0 0 0 0.016996685646299 0 0 0 0 0 0 0 0.0223563603845294 0 0 0 0 0 0 0 0 0 0 0 0
"captain^s" 0 0 0 0 0 0 0 0 0.00849834282314949 0 0 0 0 0 0 0 0 0 0.00994727941907888 0 0 0 0 0 0 0.0103691414350892 0 0 0
"career" 0 0 0 0 0 0 0 0.0195331575349155 0.00849834282314949 0 0 0 0 0 0 0 0 0 0 0 0 0 0 0 0 0 0 0 0
"caribbean" 0 0 0 0 0 0 0 0 0 0 0 0 0 0.0352030039896738 0 0 0 0 0 0 0 0 0 0 0 0 0 0 0
"cart" 0 0 0 0 0.0136481506755835 0 0 0 0 0 0 0 0 0 0 0 0.0223563603845294 0 0.00994727941907888 0 0 0 0 0 0 0 0 0 0
"catching" 0 0 0 0 0 0 0 0 0 0.012132977432662 0 0 0 0.0117343346632246 0 0 0 0.01170138076293 0 0 0 0 0 0 0 0 0 0 0
"caved-in" 0 0 0 0 0 0 0 0 0 0 0 0 0 0 0 0 0 0 0.0298418382572366 0 0 0 0 0 0 0 0 0 0
"ceasefire" 0 0 0 0 0 0 0 0 0 0 0 0 0 0 0 0 0 0 0 0 0 0.0279368626903199 0 0 0 0 0.0182848784055586 0 0
"cent" 0 0 0 0 0 0 0 0.0292997363023733 0 0 0 0 0 0 0 0 0 0 0 0 0 0 0 0 0 0 0 0 0
"champagne" 0 0 0 0 0 0 0 0 0.00849834282314949 0 0 0 0 0 0.00852296940253985 0 0 0 0 0 0 0 0 0 0 0 0 0.0146391450739277 0
"champion" 0 0 0 0 0 0 0.0134553283100108 0 0 0 0 0 0 0 0 0 0 0 0 0 0 0 0.0379650721336371 0 0 0 0 0 0
"chapter" 0 0 0 0 0.0136481506755835 0 0 0 0 0.012132977432662 0 0 0 0 0 0 0 0 0 0 0 0 0.0189825360668185 0 0 0 0 0 0
"character" 0 0 0 0.0118793062485151 0 0 0 0.00976657876745776 0 0 0 0 0 0.0117343346632246 0 0 0 0 0 0 0 0 0 0 0 0 0 0 0
"charged" 0 0 0 0 0.0136481506755835 0 0 0 0 0 0 0 0.0102658864592958 0 0 0 0 0 0 0 0.0147666863555818 0 0 0 0 0 0 0 0
"chase" 0 0 0 0 0 0 0 0 0 0 0 0 0 0 0.00852296940253985 0 0 0 0 0 0 0 0 0 0 0.0103691414350892 0 0.0146391450739277 0
"chased" 0 0 0 0.0118793062485151 0 0 0 0.00976657876745776 0 0 0 0 0 0 0.00852296940253985 0 0 0 0 0 0 0 0 0 0 0 0 0 0
"chat" 0 0 0 0 0 0 0 0 0 0.024265954865324 0 0 0 0 0 0 0 0 0 0 0 0 0 0 0.0200642054574639 0 0 0 0
"checkmate" 0 0 0 0 0 0 0 0 0 0.012132977432662 0 0 0 0 0 0 0.0447127207690588 0 0 0 0 0 0 0 0 0 0 0 0
"checkpoint" 0 0 0 0 0 0 0 0 0 0 0 0 0 0 0 0 0 0 0 0 0 0.0419052940354798 0 0 0 0 0 0 0
"cheer" 0 0 0 0 0 0 0.0134553283100108 0 0 0 0 0.00938086303939963 0 0 0 0 0 0 0 0 0 0 0 0.0184229918938836 0 0 0 0 0
"cherries" 0 0 0 0 0.0136481506755835 0 0 0 0 0 0 0 0 0 0 0 0 0 0 0 0 0 0 0.0368459837877671 0 0 0 0 0
"chill" 0.0112334306897326 0 0 0 0 0 0 0 0.00849834282314949 0 0 0.00938086303939963 0 0 0 0 0 0 0 0 0 0 0 0 0 0 0 0 0
"chin" 0.0112334306897326 0 0 0 0 0 0 0 0 0 0 0 0 0 0 0 0 0 0 0 0.0147666863555818 0 0 0 0 0 0.0182848784055586 0 0
"choke" 0 0 0 0 0 0 0 0 0 0 0 0 0 0 0 0 0 0 0 0 0 0.0419052940354798 0 0 0 0 0 0 0
"chooses" 0 0 0 0 0 0.0135538086202223 0 0 0 0.012132977432662 0 0.00938086303939963 0 0 0 0 0 0 0 0 0 0 0 0 0 0 0 0 0
"chopped" 0 0 0 0 0 0 0 0 0.00849834282314949 0 0 0 0 0 0 0.013197835554969 0.0223563603845294 0 0 0 0 0 0 0 0 0 0 0 0
"chute" 0 0 0.0202040610162643 0 0 0 0 0 0 0 0 0 0 0 0 0 0 0 0 0 0.0147666863555818 0 0 0 0 0 0 0 0
"cigars" 0 0 0 0 0 0 0 0 0.00849834282314949 0 0 0 0 0 0 0 0 0 0 0 0 0 0 0.0368459837877671 0 0 0 0 0
"circling" 0 0 0 0 0 0 0 0 0 0 0 0 0 0 0.00852296940253985 0 0 0.01170138076293 0 0 0 0 0 0 0 0 0 0.0146391450739277 0
"circuits" 0 0 0.0202040610162643 0.0118793062485151 0 0 0 0 0 0 0 0 0 0 0 0 0 0 0 0 0 0 0 0 0 0 0 0 0
"citizens" 0 0 0 0.0118793062485151 0 0.0135538086202223 0 0 0 0 0 0 0 0 0 0 0 0 0 0 0 0 0 0 0 0.0103691414350892 0 0 0
"civilian" 0 0 0 0 0 0 0 0.00976657876745776 0 0 0 0 0 0 0 0 0 0 0 0 0 0.0279368626903199 0 0 0 0 0 0 0
"claimed" 0 0 0 0.0118793062485151 0 0 0 0 0 0 0 0.00938086303939963 0 0.0117343346632246 0 0 0 0 0 0 0 0 0 0 0 0 0 0 0
"clamp" 0 0 0 0 0 0 0 0 0 0 0 0 0 0 0 0 0 0.0234027615258601 0 0 0 0 0 0 0.0200642054574639 0 0 0 0
"click" 0 0 0 0 0 0 0 0 0 0 0 0 0 0 0 0 0 0 0 0 0 0 0 0 0 0 0 0.043917435221783 0
"clip" 0 0 0 0 0 0 0 0 0 0 0 0 0 0 0 0 0 0 0 0 0 0 0 0 0.0200642054574639 0 0 0.0146391450739277 0.0181488203266788
"closet" 0.0224668613794653 0 0 0 0 0.0135538086202223 0 0 0 0 0 0 0 0 0 0 0 0 0 0 0 0 0 0 0 0 0 0 0
"cockpit" 0 0 0 0 0 0.0271076172404446 0 0 0 0 0 0 0 0 0 0 0 0.01170138076293 0 0 0 0 0 0 0 0 0 0 0
"collected" 0 0.0566251415628539 0 0 0 0 0 0 0 0 0 0 0 0 0 0 0 0 0 0 0 0 0 0 0 0 0 0 0
"collection" 0.0112334306897326 0 0 0 0 0 0 0 0 0 0 0 0 0 0 0 0 0.01170138076293 0 0 0 0 0 0.0184229918938836 0 0 0 0 0
"collision" 0 0 0.0101020305081321 0 0 0 0 0 0.00849834282314949 0 0 0 0 0 0 0 0 0 0 0 0 0 0 0 0 0.0103691414350892 0 0 0
"comin" 0 0 0 0 0 0.0271076172404446 0 0 0 0 0 0 0 0 0 0 0.0223563603845294 0 0 0 0 0 0 0 0 0 0 0 0
"commanders" 0 0 0 0 0 0 0.0134553283100108 0 0 0 0 0 0 0 0 0 0 0 0 0 0 0 0 0 0 0 0 0.0292782901478554 0
"commandos" 0 0 0 0 0 0 0 0 0 0 0 0 0 0 0 0 0 0 0 0 0 0 0 0 0 0 0 0.043917435221783 0
"commence" 0 0 0.0202040610162643 0 0 0.0135538086202223 0 0 0 0 0 0 0 0 0 0 0 0 0 0 0 0 0 0 0 0 0 0 0
"companies" 0 0 0 0 0 0 0 0 0 0 0 0 0 0 0 0 0 0 0 0.0170415814587594 0.0295333727111636 0 0 0 0 0 0 0 0
"companions" 0 0 0 0 0 0 0 0 0 0 0.0116427989288625 0.0187617260787993 0 0 0 0 0 0 0 0 0 0 0 0 0 0 0 0 0
"compared" 0.0112334306897326 0 0 0 0.0136481506755835 0 0 0 0 0 0 0 0 0 0 0 0 0 0 0 0 0 0 0.0184229918938836 0 0 0 0 0
"composition" 0.0112334306897326 0 0 0 0 0 0 0 0 0 0 0 0 0 0 0 0 0 0 0 0 0 0 0 0 0.0207382828701783 0 0 0
"compound" 0 0 0 0 0 0 0 0 0 0 0 0 0 0 0.0170459388050797 0 0 0 0 0 0 0 0 0 0 0 0 0.0146391450739277 0
"compounds" 0 0 0 0 0 0 0 0 0 0 0 0 0 0 0.0255689082076195 0 0 0 0 0 0 0 0 0 0 0 0 0 0
"concentration" 0 0 0 0 0 0 0 0 0 0 0 0 0 0 0 0.013197835554969 0 0 0 0.0340831629175187 0 0 0 0 0 0 0 0 0
"conflict" 0.0112334306897326 0 0 0 0 0 0 0.00976657876745776 0 0 0 0 0 0 0 0 0 0 0 0 0 0 0 0 0.0200642054574639 0 0 0 0
"confuse" 0 0.018875047187618 0 0 0.0136481506755835 0 0 0 0 0 0 0 0 0 0 0 0 0 0 0 0 0 0 0 0 0 0 0.0146391450739277 0
"conley" 0 0 0 0 0 0 0 0 0 0 0 0 0 0 0 0 0 0 0 0 0 0 0 0 0.0601926163723917 0 0 0 0
"conquered" 0 0 0 0 0 0 0.0403659849300323 0 0 0 0 0 0 0 0 0 0 0 0 0 0 0 0 0 0 0 0 0 0
"conscious" 0 0 0.0101020305081321 0 0 0 0 0 0 0 0 0 0 0 0.0170459388050797 0 0 0 0 0 0 0 0 0 0 0 0 0 0
"consciously" 0 0 0.0101020305081321 0 0 0 0 0 0 0 0 0 0 0 0.0170459388050797 0 0 0 0 0 0 0 0 0 0 0 0 0 0
"considerable" 0 0 0.0101020305081321 0 0.0136481506755835 0 0 0 0 0 0 0 0 0 0 0 0 0 0.00994727941907888 0 0 0 0 0 0 0 0 0 0
"construction" 0 0 0 0.0118793062485151 0 0.0135538086202223 0 0 0 0 0 0 0 0 0 0.013197835554969 0 0 0 0 0 0 0 0 0 0 0 0 0
"consumed" 0 0.018875047187618 0 0 0 0 0 0 0 0 0.0116427989288625 0 0 0.0117343346632246 0 0 0 0 0 0 0 0 0 0 0 0 0 0 0
"contagious" 0 0 0 0 0 0 0 0 0 0 0 0 0 0 0.0170459388050797 0 0 0 0.00994727941907888 0 0 0 0 0 0 0 0 0 0
"continues" 0 0 0 0 0 0 0 0 0 0 0 0 0 0 0 0.026395671109938 0 0 0 0 0 0 0 0 0 0 0 0 0.0181488203266788
"convinced" 0 0 0 0 0.0136481506755835 0 0 0 0 0 0 0 0 0 0.00852296940253985 0 0 0 0 0 0 0 0 0 0 0.0103691414350892 0 0 0
"cooking" 0 0 0 0 0 0 0 0 0 0 0 0 0 0 0 0 0 0 0 0 0.0147666863555818 0 0.0189825360668185 0 0 0 0 0.0146391450739277 0
"corpse" 0.0112334306897326 0 0 0 0 0 0 0 0 0 0 0 0 0 0 0 0 0 0 0 0 0 0 0 0 0 0.0365697568111172 0 0
"corridor" 0 0 0 0 0 0 0 0 0.016996685646299 0.012132977432662 0 0 0 0 0 0 0 0 0 0 0 0 0 0 0 0 0 0 0
"corrigan" 0 0 0 0 0 0 0 0 0 0 0 0 0 0 0 0 0 0 0 0 0 0 0 0.0552689756816507 0 0 0 0 0
"corts" 0 0 0 0 0 0 0 0 0 0 0 0 0 0.0352030039896738 0 0 0 0 0 0 0 0 0 0 0 0 0 0 0
"counted" 0.0112334306897326 0 0 0 0 0 0 0 0 0.012132977432662 0 0 0.0102658864592958 0 0 0 0 0 0 0 0 0 0 0 0 0 0 0 0
"counterpart" 0 0 0.0202040610162643 0 0 0 0 0 0 0 0 0 0 0 0.00852296940253985 0 0 0 0 0 0 0 0 0 0 0 0 0 0
"cozy" 0 0 0 0 0 0 0 0 0 0 0.0116427989288625 0 0 0 0 0.026395671109938 0 0 0 0 0 0 0 0 0 0 0 0 0
"crabs" 0 0 0 0 0 0 0 0 0 0 0 0 0 0 0 0 0 0 0 0 0 0.0139684313451599 0 0 0.0401284109149278 0 0 0 0
"crack" 0 0 0 0 0 0 0 0 0.00849834282314949 0 0 0 0 0 0 0 0 0 0 0 0 0.0139684313451599 0 0 0 0 0 0.0146391450739277 0
"craft" 0 0 0 0 0 0 0 0 0 0 0.023285597857725 0 0 0 0 0 0 0 0 0 0 0 0 0 0 0 0 0.0146391450739277 0
"crawl" 0 0 0 0 0 0 0.0134553283100108 0 0 0 0 0.00938086303939963 0 0 0 0 0.0223563603845294 0 0 0 0 0 0 0 0 0 0 0 0
"crept" 0 0 0 0 0 0 0 0 0 0 0.023285597857725 0 0.0102658864592958 0 0 0 0 0 0 0 0 0 0 0 0 0 0 0 0
"crewed" 0 0 0 0 0 0 0 0 0 0 0 0 0 0.0352030039896738 0 0 0 0 0 0 0 0 0 0 0 0 0 0 0
"crimes" 0 0 0 0 0 0 0 0 0 0 0 0 0 0.0352030039896738 0 0 0 0 0 0 0 0 0 0 0 0 0 0 0
"cruiser" 0 0 0.0303060915243964 0 0 0 0 0 0 0 0 0 0 0 0 0 0 0 0 0 0 0 0 0 0 0 0 0 0
"cunning" 0 0 0.0101020305081321 0 0 0 0 0 0 0 0 0.0187617260787993 0 0 0 0 0 0 0 0 0 0 0 0 0 0 0 0 0
"cute" 0 0.018875047187618 0 0.0118793062485151 0 0 0 0 0 0 0 0 0 0 0 0 0 0 0 0 0 0.0139684313451599 0 0 0 0 0 0 0
"daylight" 0 0 0 0 0 0 0 0 0.00849834282314949 0 0 0 0.0102658864592958 0 0 0 0 0.01170138076293 0 0 0 0 0 0 0 0 0 0 0
"debt" 0 0 0 0 0 0 0 0.00976657876745776 0 0 0 0 0.0102658864592958 0 0 0 0 0.01170138076293 0 0 0 0 0 0 0 0 0 0 0
"december" 0 0 0 0 0 0 0 0 0 0 0 0 0 0 0 0 0 0 0 0 0 0 0 0.0368459837877671 0 0 0.0182848784055586 0 0
"declare" 0 0 0 0 0 0 0 0 0 0 0 0 0 0 0 0.013197835554969 0 0 0.00994727941907888 0 0 0 0.0189825360668185 0 0 0 0 0 0
"dedicated" 0 0 0 0 0 0 0.0134553283100108 0 0 0 0 0 0 0 0 0 0 0 0.00994727941907888 0 0 0 0 0 0 0 0 0.0146391450739277 0
"deeds" 0 0 0 0 0.0136481506755835 0 0 0 0 0 0 0.00938086303939963 0.0102658864592958 0 0 0 0 0 0 0 0 0 0 0 0 0 0 0 0
"deeply" 0 0 0 0 0 0 0.0269106566200215 0 0 0 0 0 0 0 0 0 0 0.01170138076293 0 0 0 0 0 0 0 0 0 0 0
"delbert" 0 0 0 0 0 0 0 0 0 0 0 0 0 0 0 0.039593506664907 0 0 0 0 0 0 0 0 0 0 0 0 0
"deliver" 0 0 0 0 0 0 0 0 0 0 0 0.00938086303939963 0 0 0.00852296940253985 0 0 0 0 0 0 0 0.0189825360668185 0 0 0 0 0 0
"dell" 0 0 0 0 0 0 0 0 0 0 0 0 0 0 0 0 0 0 0.0298418382572366 0 0 0 0 0 0 0 0 0 0
"demands" 0.0112334306897326 0.018875047187618 0 0 0 0 0 0 0 0 0 0 0 0.0117343346632246 0 0 0 0 0 0 0 0 0 0 0 0 0 0 0
"dennis" 0 0 0 0 0.0409444520267504 0 0 0 0 0 0 0 0 0 0 0 0 0 0 0 0 0 0 0 0 0 0 0 0
"depart" 0 0 0 0 0.0136481506755835 0 0 0 0 0 0 0 0.0102658864592958 0 0 0 0 0 0 0 0.0147666863555818 0 0 0 0 0 0 0 0
"department" 0 0 0 0 0 0 0 0 0 0 0 0 0 0 0 0.013197835554969 0 0 0 0.0170415814587594 0 0 0 0 0 0.0103691414350892 0 0 0
"depend" 0 0 0 0 0 0 0 0 0 0 0 0 0.0102658864592958 0 0 0 0 0.01170138076293 0.00994727941907888 0 0 0 0 0 0 0 0 0 0
"deploy" 0 0 0 0 0 0 0 0 0 0 0 0 0 0 0 0 0 0 0 0.0340831629175187 0 0 0 0.0184229918938836 0 0 0 0 0
"depths" 0 0 0 0 0 0 0 0 0 0 0 0 0 0.0234686693264492 0 0 0 0 0 0 0 0 0 0.0184229918938836 0 0 0 0 0
"deserves" 0 0 0 0 0 0 0 0 0 0 0.0116427989288625 0 0 0.0117343346632246 0 0 0 0 0.00994727941907888 0 0 0 0 0 0 0 0 0 0
"designs" 0 0 0 0 0 0 0 0 0.016996685646299 0 0 0 0 0 0 0.013197835554969 0 0 0 0 0 0 0 0 0 0 0 0 0
"desires" 0 0 0 0 0 0 0.0134553283100108 0 0 0.012132977432662 0 0 0 0 0 0 0 0 0 0.0170415814587594 0 0 0 0 0 0 0 0 0
"desk" 0 0 0 0 0 0 0 0 0 0 0 0 0 0 0 0 0 0.01170138076293 0.00994727941907888 0.0170415814587594 0 0 0 0 0 0 0 0 0
"destructive" 0 0 0.0101020305081321 0 0 0.0135538086202223 0 0 0 0 0 0 0 0 0 0 0 0 0.00994727941907888 0 0 0 0 0 0 0 0 0 0
"devils" 0 0 0 0 0 0 0 0 0 0 0.0116427989288625 0 0 0.0117343346632246 0 0 0 0 0 0.0170415814587594 0 0 0 0 0 0 0 0 0
"devotion" 0 0 0.0202040610162643 0 0 0 0 0 0 0 0 0 0 0.0117343346632246 0 0 0 0 0 0 0 0 0 0 0 0 0 0 0
"dewitt" 0 0 0 0 0 0 0 0 0.0254950284694485 0 0 0 0 0 0 0 0 0 0 0 0 0 0 0 0 0 0 0 0
"dietrich" 0 0.018875047187618 0 0 0 0 0 0 0 0 0 0 0 0 0 0 0 0 0 0.0340831629175187 0 0 0 0 0 0 0 0 0
"dignity" 0 0 0 0 0 0 0.0134553283100108 0 0 0 0.0116427989288625 0 0 0 0 0 0 0 0 0 0 0 0.0189825360668185 0 0 0 0 0 0
"dining" 0 0 0 0 0 0 0 0 0.00849834282314949 0 0 0 0 0.0234686693264492 0 0 0 0 0 0 0 0 0 0 0 0 0 0 0
"diplomatic" 0 0 0.0303060915243964 0 0 0 0 0 0 0 0 0 0 0 0 0 0 0 0 0 0 0 0 0 0 0 0 0 0
"directions" 0 0 0 0 0 0.0135538086202223 0 0 0 0 0 0 0 0 0 0 0 0.0234027615258601 0 0 0 0 0 0 0 0 0 0 0
"dismal" 0 0 0 0 0 0 0 0 0 0.012132977432662 0 0 0 0 0 0 0 0 0 0 0 0 0 0.0368459837877671 0 0 0 0 0
"disobey" 0 0 0 0 0 0 0 0 0 0 0 0 0 0 0 0 0 0 0 0 0 0 0.0189825360668185 0 0.0200642054574639 0 0.0182848784055586 0 0
"distraction" 0.0112334306897326 0 0 0 0 0 0 0 0 0 0 0 0 0 0.00852296940253985 0 0 0 0.00994727941907888 0 0 0 0 0 0 0 0 0 0
"ditomasso" 0 0 0 0 0 0 0 0 0 0 0 0 0 0 0 0 0 0.0351041422887901 0 0 0 0 0 0 0 0 0 0 0
"dive" 0 0.018875047187618 0 0 0 0 0 0 0.00849834282314949 0 0 0 0 0 0.00852296940253985 0 0 0 0 0 0 0 0 0 0 0 0 0 0
"division^s" 0 0 0 0 0 0 0 0 0 0 0 0 0 0 0 0 0 0 0.00994727941907888 0.0170415814587594 0 0 0 0 0.0200642054574639 0 0 0 0
"dizzy" 0 0 0 0 0 0 0 0.00976657876745776 0 0 0 0 0 0 0 0.013197835554969 0 0 0 0 0 0.0139684313451599 0 0 0 0 0 0 0
"dobie" 0 0 0 0 0 0 0 0 0 0 0 0 0 0 0 0 0 0 0 0.0511247443762781 0 0 0 0 0 0 0 0 0
"doc^s" 0 0 0 0.0118793062485151 0 0 0 0 0 0 0 0 0 0 0 0 0.0223563603845294 0 0 0 0 0 0 0 0 0.0103691414350892 0 0 0
"doll" 0 0 0 0 0 0.0271076172404446 0 0 0.00849834282314949 0 0 0 0 0 0 0 0 0 0 0 0 0 0 0 0 0 0 0 0
"doorway" 0 0 0 0 0 0 0 0 0 0 0 0 0.0102658864592958 0 0 0 0 0 0 0.0170415814587594 0 0 0 0 0 0.0103691414350892 0 0 0
"dormitories" 0 0 0 0 0 0 0 0 0 0.0363989322979859 0 0 0 0 0 0 0 0 0 0 0 0 0 0 0 0 0 0 0
"dragons" 0 0 0 0 0 0 0 0 0 0.024265954865324 0 0 0.0102658864592958 0 0 0 0 0 0 0 0 0 0 0 0 0 0 0 0
"dramatically" 0 0 0 0 0.0272963013511669 0 0 0 0 0 0 0 0 0 0 0 0 0 0.00994727941907888 0 0 0 0 0 0 0 0 0 0
"draws" 0 0 0 0 0 0 0 0 0 0 0.023285597857725 0 0 0 0 0 0 0 0 0 0 0 0 0.0184229918938836 0 0 0 0 0
"dressing" 0 0 0 0 0.0136481506755835 0 0 0 0 0 0 0 0 0 0 0 0 0 0 0 0 0 0 0 0.0200642054574639 0.0103691414350892 0 0 0
"drill" 0 0 0.0101020305081321 0 0 0 0 0 0 0 0 0 0 0 0 0 0 0 0 0 0 0.0279368626903199 0 0 0 0 0 0 0
"driver" 0 0 0 0.0118793062485151 0 0.0135538086202223 0 0 0 0 0 0 0 0 0 0 0 0 0 0 0.0147666863555818 0 0 0 0 0 0 0 0
"drops" 0 0 0 0 0 0 0 0 0 0 0 0 0.0102658864592958 0.0117343346632246 0 0 0 0 0 0 0 0 0.0189825360668185 0 0 0 0 0 0
"drown" 0 0 0 0.0118793062485151 0 0 0 0 0.00849834282314949 0 0 0 0 0.0117343346632246 0 0 0 0 0 0 0 0 0 0 0 0 0 0 0
"dudes" 0 0 0 0 0 0 0 0 0 0 0 0 0 0 0 0 0 0 0 0 0 0 0 0 0 0 0 0 0.0544464609800363
"dumb" 0 0 0 0 0 0 0 0 0 0.012132977432662 0 0 0 0 0 0 0 0 0 0 0 0.0139684313451599 0 0 0 0 0.0182848784055586 0 0
"dunkirk" 0 0 0 0 0 0 0 0 0 0 0 0 0 0 0 0 0 0 0 0 0 0 0 0 0 0 0 0.043917435221783 0
"easy^s" 0 0 0 0 0 0 0 0 0 0 0 0 0 0 0 0 0 0 0.00994727941907888 0.0170415814587594 0.0147666863555818 0 0 0 0 0 0 0 0
"eaten" 0 0 0 0 0 0 0 0 0 0 0 0 0.0102658864592958 0 0 0.013197835554969 0 0.01170138076293 0 0 0 0 0 0 0 0 0 0 0
"eats" 0 0 0 0 0 0.0135538086202223 0 0 0 0 0 0.0187617260787993 0 0 0 0 0 0 0 0 0 0 0 0 0 0 0 0 0
"eccentric" 0.0112334306897326 0 0.0101020305081321 0 0.0136481506755835 0 0 0 0 0 0 0 0 0 0 0 0 0 0 0 0 0 0 0 0 0 0 0 0
"ecky" 0 0 0 0 0.0409444520267504 0 0 0 0 0 0 0 0 0 0 0 0 0 0 0 0 0 0 0 0 0 0 0 0
"ecthelion" 0 0 0 0 0 0 0 0 0 0 0.0116427989288625 0 0.0205317729185915 0 0 0 0 0 0 0 0 0 0 0 0 0 0 0 0
"egypt" 0 0.0377500943752359 0 0 0 0 0.0134553283100108 0 0 0 0 0 0 0 0 0 0 0 0 0 0 0 0 0 0 0 0 0 0
"eisley" 0 0 0.0303060915243964 0 0 0 0 0 0 0 0 0 0 0 0 0 0 0 0 0 0 0 0 0 0 0 0 0 0
"elegant" 0 0 0.0101020305081321 0 0 0 0 0 0 0 0 0 0 0 0.0170459388050797 0 0 0 0 0 0 0 0 0 0 0 0 0 0
"elements" 0 0 0 0 0 0 0 0 0 0 0 0 0 0 0 0.013197835554969 0 0 0 0 0.0147666863555818 0 0 0 0 0 0 0 0.0181488203266788
"elite" 0 0 0 0 0 0.0135538086202223 0 0 0 0 0 0 0 0 0 0 0 0.01170138076293 0 0 0 0 0 0 0 0 0.0182848784055586 0 0
"elixir" 0 0 0 0 0 0 0 0 0 0.0363989322979859 0 0 0 0 0 0 0 0 0 0 0 0 0 0 0 0 0 0 0
"emigholz" 0 0 0 0 0 0 0 0 0 0 0 0 0 0 0 0 0 0 0 0 0 0 0 0 0 0 0.0548546352166758 0 0
"emotional" 0 0 0 0 0 0 0 0 0 0 0 0 0 0 0.0170459388050797 0.013197835554969 0 0 0 0 0 0 0 0 0 0 0 0 0
"encourage" 0.0112334306897326 0 0 0 0 0 0 0 0 0 0 0.00938086303939963 0.0102658864592958 0 0 0 0 0 0 0 0 0 0 0 0 0 0 0 0
"enemy^s" 0 0 0 0 0 0 0 0 0 0 0 0 0.0307976593778873 0 0 0 0 0 0 0 0 0 0 0 0 0 0 0 0
"engineering" 0 0 0 0 0 0 0 0 0 0 0 0 0 0 0.0255689082076195 0 0 0 0 0 0 0 0 0 0 0 0 0 0
"enormous" 0 0.018875047187618 0 0 0 0 0 0 0 0 0 0 0 0 0 0.026395671109938 0 0 0 0 0 0 0 0 0 0 0 0 0
"entering" 0 0 0.0101020305081321 0 0.0136481506755835 0 0 0 0 0.012132977432662 0 0 0 0 0 0 0 0 0 0 0 0 0 0 0 0 0 0 0
"enters" 0 0 0 0 0 0 0.0269106566200215 0 0 0 0 0 0.0102658864592958 0 0 0 0 0 0 0 0 0 0 0 0 0 0 0 0
"entrances" 0 0 0 0 0 0 0 0 0 0 0 0 0 0 0 0 0 0 0 0 0 0 0 0 0 0 0.0548546352166758 0 0
"equal" 0.0112334306897326 0 0 0 0 0 0 0 0 0 0 0 0 0.0234686693264492 0 0 0 0 0 0 0 0 0 0 0 0 0 0 0
"equipped" 0 0 0.0101020305081321 0 0 0 0 0 0 0.012132977432662 0 0 0 0 0 0 0 0 0 0.0170415814587594 0 0 0 0 0 0 0 0 0
"ere" 0 0 0 0 0.0272963013511669 0 0 0 0 0 0 0 0.0102658864592958 0 0 0 0 0 0 0 0 0 0 0 0 0 0 0 0
"establish" 0 0 0 0 0 0.0135538086202223 0 0 0 0 0 0 0 0.0117343346632246 0 0 0 0 0 0 0.0147666863555818 0 0 0 0 0 0 0 0
"evacuate" 0.0112334306897326 0 0 0 0 0 0 0 0 0 0 0 0 0 0 0 0 0.01170138076293 0 0 0 0 0 0 0 0 0.0182848784055586 0 0
"evacuated" 0 0 0 0 0 0 0 0 0 0 0 0 0 0 0 0 0 0 0.00994727941907888 0 0 0.0139684313451599 0 0 0 0 0 0 0.0181488203266788
"eventually" 0 0 0 0 0 0 0 0 0 0 0 0 0 0 0.0170459388050797 0 0 0 0 0.0170415814587594 0 0 0 0 0 0 0 0 0
"excited" 0 0 0 0 0 0.0406614258606668 0 0 0 0 0 0 0 0 0 0 0 0 0 0 0 0 0 0 0 0 0 0 0
"exciting" 0 0 0 0 0.0136481506755835 0 0 0 0 0 0 0 0 0.0117343346632246 0 0 0 0 0.00994727941907888 0 0 0 0 0 0 0 0 0 0
"execute" 0 0 0.0101020305081321 0 0 0.0135538086202223 0.0134553283100108 0 0 0 0 0 0 0 0 0 0 0 0 0 0 0 0 0 0 0 0 0 0
"executive" 0 0 0 0 0.0409444520267504 0 0 0 0 0 0 0 0 0 0 0 0 0 0 0 0 0 0 0 0 0 0 0 0
"exhaust" 0 0 0.0303060915243964 0 0 0 0 0 0 0 0 0 0 0 0 0 0 0 0 0 0 0 0 0 0 0 0 0 0
"explosives" 0 0 0 0 0 0 0 0 0 0 0 0 0 0 0 0 0 0 0 0 0 0 0 0.0184229918938836 0 0 0.0365697568111172 0 0
"exposed" 0.0112334306897326 0 0 0 0 0 0 0 0 0 0 0 0 0 0 0 0 0 0.00994727941907888 0 0.0147666863555818 0 0 0 0 0 0 0 0
"extractor" 0 0 0 0 0 0 0 0 0 0 0 0 0 0 0.0255689082076195 0 0 0 0 0 0 0 0 0 0 0 0 0 0
"facing" 0.0112334306897326 0 0 0 0 0 0 0.00976657876745776 0 0 0 0 0 0 0 0 0 0 0 0 0.0147666863555818 0 0 0 0 0 0 0 0
"fails" 0 0.018875047187618 0 0 0 0 0 0 0 0 0.0116427989288625 0 0.0102658864592958 0 0 0 0 0 0 0 0 0 0 0 0 0 0 0 0
"faithful" 0 0 0 0 0 0 0 0 0 0 0 0 0 0.0117343346632246 0 0 0 0 0 0 0 0.0139684313451599 0 0.0184229918938836 0 0 0 0 0
"fame" 0 0 0 0 0 0 0.0134553283100108 0 0 0.024265954865324 0 0 0 0 0 0 0 0 0 0 0 0 0 0 0 0 0 0 0
"fancies" 0 0 0 0 0 0 0 0 0 0.024265954865324 0 0 0 0.0117343346632246 0 0 0 0 0 0 0 0 0 0 0 0 0 0 0
"fang" 0 0 0 0 0 0 0 0 0 0.0363989322979859 0 0 0 0 0 0 0 0 0 0 0 0 0 0 0 0 0 0 0
"farmer" 0 0 0.0101020305081321 0 0 0 0.0134553283100108 0 0 0 0.0116427989288625 0 0 0 0 0 0 0 0 0 0 0 0 0 0 0 0 0 0
"farmhouse" 0 0 0 0 0 0 0 0 0 0 0 0 0 0 0 0 0 0 0 0.0340831629175187 0.0147666863555818 0 0 0 0 0 0 0 0
"farther" 0 0 0 0 0 0 0 0 0 0 0 0.00938086303939963 0 0 0 0.013197835554969 0 0 0 0 0 0 0 0 0 0.0103691414350892 0 0 0
"farthest" 0 0 0.0101020305081321 0 0 0 0 0 0 0 0.0116427989288625 0 0 0 0 0 0 0 0 0 0 0 0 0 0 0 0 0.0146391450739277 0
"fastest" 0 0 0 0 0 0.0135538086202223 0 0 0 0.012132977432662 0 0 0 0.0117343346632246 0 0 0 0 0 0 0 0 0 0 0 0 0 0 0
"fathers" 0 0 0.0101020305081321 0 0 0 0 0 0 0 0 0.00938086303939963 0.0102658864592958 0 0 0 0 0 0 0 0 0 0 0 0 0 0 0 0
"filch" 0 0 0 0 0 0 0 0 0 0.024265954865324 0 0 0 0.0117343346632246 0 0 0 0 0 0 0 0 0 0 0 0 0 0 0
"fingernails" 0 0 0 0 0 0 0 0.00976657876745776 0 0 0 0 0 0 0 0 0 0 0.00994727941907888 0 0 0 0 0 0 0 0 0.0146391450739277 0
"fireworks" 0 0 0 0 0 0 0 0 0 0 0.0116427989288625 0 0.0102658864592958 0 0 0 0 0 0 0 0 0.0139684313451599 0 0 0 0 0 0 0
"fischer-morrow" 0 0 0 0 0 0 0 0 0 0 0 0 0 0 0.0255689082076195 0 0 0 0 0 0 0 0 0 0 0 0 0 0
"flanking" 0 0 0 0 0 0 0 0 0 0 0 0 0 0 0 0 0 0 0.0198945588381578 0 0 0 0 0.0184229918938836 0 0 0 0 0
"flare" 0 0 0 0 0 0 0 0 0 0 0 0 0 0 0 0 0.0447127207690588 0 0 0 0 0 0 0 0.0200642054574639 0 0 0 0
"flashlight" 0 0 0 0 0 0 0 0 0 0 0 0 0 0 0 0 0 0.01170138076293 0 0.0170415814587594 0.0147666863555818 0 0 0 0 0 0 0 0
"fled" 0 0 0 0 0.0136481506755835 0 0 0 0 0 0 0.00938086303939963 0.0102658864592958 0 0 0 0 0 0 0 0 0 0 0 0 0 0 0 0
"flew" 0 0 0 0 0 0.0135538086202223 0 0 0 0 0 0 0 0 0 0 0 0 0 0.0170415814587594 0.0147666863555818 0 0 0 0 0 0 0 0
"flick" 0 0 0 0 0 0 0 0 0 0.0363989322979859 0 0 0 0 0 0 0 0 0 0 0 0 0 0 0 0 0 0 0
"flip" 0.0112334306897326 0 0 0 0 0 0 0 0.016996685646299 0 0 0 0 0 0 0 0 0 0 0 0 0 0 0 0 0 0 0 0
"floating" 0 0 0 0 0 0 0 0 0.00849834282314949 0 0 0 0 0.0117343346632246 0 0 0 0 0 0 0.0147666863555818 0 0 0 0 0 0 0 0
"flyer" 0 0 0 0.0237586124970302 0 0 0 0 0 0 0 0 0 0 0 0 0 0.01170138076293 0 0 0 0 0 0 0 0 0 0 0
"folded" 0 0 0 0 0 0 0 0 0 0 0 0 0 0.0117343346632246 0 0 0 0 0 0 0 0 0 0 0 0.0207382828701783 0 0 0
"forced" 0 0 0 0 0.0136481506755835 0 0 0.00976657876745776 0 0 0 0 0 0 0 0 0 0 0 0 0 0 0 0 0 0 0.0182848784055586 0 0
"forecast" 0 0 0 0 0 0.0135538086202223 0 0 0 0 0 0 0 0 0 0.026395671109938 0 0 0 0 0 0 0 0 0 0 0 0 0
"foreseen" 0 0 0 0 0 0 0 0 0 0 0 0.00938086303939963 0.0205317729185915 0 0 0 0 0 0 0 0 0 0 0 0 0 0 0 0
"forge" 0.0337002920691979 0 0 0 0 0 0 0 0 0 0 0 0 0 0 0 0 0 0 0 0 0 0 0 0 0 0 0 0
"formidable" 0.0112334306897326 0 0 0 0.0136481506755835 0 0 0 0 0.012132977432662 0 0 0 0 0 0 0 0 0 0 0 0 0 0 0 0 0 0 0
"forty" 0 0 0 0 0 0 0 0 0 0 0 0 0 0 0.00852296940253985 0 0.0223563603845294 0 0 0 0.0147666863555818 0 0 0 0 0 0 0 0
"fossil" 0 0 0.0101020305081321 0 0 0.0135538086202223 0 0 0 0 0 0 0 0 0 0 0.0223563603845294 0 0 0 0 0 0 0 0 0 0 0 0
"fragile" 0 0 0 0 0 0 0.0269106566200215 0 0 0 0 0 0 0 0 0 0 0.01170138076293 0 0 0 0 0 0 0 0 0 0 0
"fraulein" 0 0.0566251415628539 0 0 0 0 0 0 0 0 0 0 0 0 0 0 0 0 0 0 0 0 0 0 0 0 0 0 0
"freak" 0.0112334306897326 0 0 0.0118793062485151 0 0 0 0 0 0.012132977432662 0 0 0 0 0 0 0 0 0 0 0 0 0 0 0 0 0 0 0
"freight" 0 0 0 0 0 0 0 0 0 0 0 0 0 0 0.0170459388050797 0 0 0 0 0 0 0 0 0 0 0.0103691414350892 0 0 0
"frenchman" 0 0.018875047187618 0 0 0 0 0 0 0 0 0 0 0 0 0 0 0 0 0 0 0 0 0 0 0 0 0.0365697568111172 0 0
"frigging" 0 0 0 0 0 0 0 0 0 0 0 0 0 0 0 0 0 0 0 0 0.0443000590667454 0 0 0 0 0 0 0 0
"frighten" 0 0 0.0101020305081321 0 0.0136481506755835 0.0135538086202223 0 0 0 0 0 0 0 0 0 0 0 0 0 0 0 0 0 0 0 0 0 0 0
"frightful" 0 0 0 0 0 0 0.0134553283100108 0 0 0.012132977432662 0 0 0 0.0117343346632246 0 0 0 0 0 0 0 0 0 0 0 0 0 0 0
"fruit" 0 0 0 0 0.0136481506755835 0 0 0.0195331575349155 0 0 0 0 0 0 0 0 0 0 0 0 0 0 0 0 0 0 0 0 0
"fuckee" 0 0 0 0 0 0 0 0 0 0 0 0 0 0 0 0 0 0 0 0 0 0.0419052940354798 0 0 0 0 0 0 0
"fuckers" 0 0 0 0 0 0 0 0 0 0 0 0 0 0 0 0 0 0 0.00994727941907888 0 0 0 0 0.0184229918938836 0.0200642054574639 0 0 0 0
"fuel" 0 0 0 0.0118793062485151 0 0.0135538086202223 0 0 0 0 0 0.00938086303939963 0 0 0 0 0 0 0 0 0 0 0 0 0 0 0 0 0
"führer" 0 0 0 0 0 0 0 0 0 0 0 0 0 0 0 0 0 0 0 0 0 0 0.0569476082004556 0 0 0 0 0 0
"fulfilled" 0 0 0 0 0 0 0 0 0 0 0 0 0.0307976593778873 0 0 0 0 0 0 0 0 0 0 0 0 0 0 0 0
"funeral" 0 0 0 0 0 0 0 0.00976657876745776 0 0 0 0 0 0.0117343346632246 0.00852296940253985 0 0 0 0 0 0 0 0 0 0 0 0 0 0
"fuse" 0 0 0 0 0 0 0 0 0 0 0 0 0 0 0 0 0.0223563603845294 0 0 0 0 0 0 0 0 0.0207382828701783 0 0 0
"gable" 0 0 0 0 0.0136481506755835 0 0 0.0195331575349155 0 0 0 0 0 0 0 0 0 0 0 0 0 0 0 0 0 0 0 0 0
"gaining" 0 0 0 0 0 0 0 0.00976657876745776 0 0 0 0.00938086303939963 0 0.0117343346632246 0 0 0 0 0 0 0 0 0 0 0 0 0 0 0
"gangrene" 0 0 0 0 0 0 0 0 0 0 0 0 0 0 0 0 0 0 0.00994727941907888 0 0 0 0.0379650721336371 0 0 0 0 0 0
"gangway" 0 0 0 0 0 0.0271076172404446 0 0 0.00849834282314949 0 0 0 0 0 0 0 0 0 0 0 0 0 0 0 0 0 0 0 0
"garage" 0 0 0.0101020305081321 0 0 0.0135538086202223 0 0 0 0 0 0 0 0 0 0.013197835554969 0 0 0 0 0 0 0 0 0 0 0 0 0
"garcia" 0 0 0 0 0 0 0 0 0 0 0 0 0 0 0 0 0 0 0 0.0340831629175187 0 0 0 0.0184229918938836 0 0 0 0 0
"gen" 0 0 0 0 0 0 0 0 0 0 0 0 0 0 0 0 0 0 0.0298418382572366 0 0 0 0 0 0 0 0 0 0
"generator" 0 0 0 0 0 0 0 0 0 0 0 0 0 0 0 0 0.0670690811535882 0 0 0 0 0 0 0 0 0 0 0 0
"generous" 0.0112334306897326 0.018875047187618 0 0 0 0 0 0 0 0 0 0 0.0102658864592958 0 0 0 0 0 0 0 0 0 0 0 0 0 0 0 0
"gently" 0 0.0566251415628539 0 0 0 0 0 0 0 0 0 0 0 0 0 0 0 0 0 0 0 0 0 0 0 0 0 0 0
"gents" 0 0 0 0 0 0 0 0 0 0 0 0 0 0.0352030039896738 0 0 0 0 0 0 0 0 0 0 0 0 0 0 0
"germania" 0 0 0 0 0 0 0.0403659849300323 0 0 0 0 0 0 0 0 0 0 0 0 0 0 0 0 0 0 0 0 0 0
"gesture" 0 0 0.0101020305081321 0 0 0 0 0 0 0 0 0 0 0 0 0 0 0 0 0 0 0 0.0189825360668185 0.0184229918938836 0 0 0 0 0
"getyou" 0 0 0 0 0 0 0 0 0.0254950284694485 0 0 0 0 0 0 0 0 0 0 0 0 0 0 0 0 0 0 0 0
"giveyou" 0 0 0 0 0 0 0 0 0.0254950284694485 0 0 0 0 0 0 0 0 0 0 0 0 0 0 0 0 0 0 0 0
"gladiators" 0 0 0 0 0 0 0.0403659849300323 0 0 0 0 0 0 0 0 0 0 0 0 0 0 0 0 0 0 0 0 0 0
"gladly" 0 0 0.0101020305081321 0 0 0 0 0 0 0 0 0 0.0205317729185915 0 0 0 0 0 0 0 0 0 0 0 0 0 0 0 0
"goblins" 0 0 0 0 0 0 0 0 0 0.024265954865324 0.0116427989288625 0 0 0 0 0 0 0 0 0 0 0 0 0 0 0 0 0 0
"goldie" 0 0 0 0.0356379187455453 0 0 0 0 0 0 0 0 0 0 0 0 0 0 0 0 0 0 0 0 0 0 0 0 0
"goode" 0 0 0 0.0356379187455453 0 0 0 0 0 0 0 0 0 0 0 0 0 0 0 0 0 0 0 0 0 0 0 0 0
"gorgeous" 0 0 0 0 0 0 0 0.00976657876745776 0 0 0 0 0 0 0 0.026395671109938 0 0 0 0 0 0 0 0 0 0 0 0 0
"grace" 0 0 0 0 0 0 0 0 0 0 0.0116427989288625 0.00938086303939963 0 0 0 0 0 0 0.00994727941907888 0 0 0 0 0 0 0 0 0 0
"grasp" 0.0112334306897326 0 0 0 0 0 0 0 0 0 0 0 0 0 0.00852296940253985 0 0 0 0 0 0 0 0 0 0 0.0103691414350892 0 0 0
"graveyard" 0 0 0 0 0 0 0 0 0 0.024265954865324 0 0.00938086303939963 0 0 0 0 0 0 0 0 0 0 0 0 0 0 0 0 0
"grazie" 0 0 0 0 0 0 0 0.0195331575349155 0.00849834282314949 0 0 0 0 0 0 0 0 0 0 0 0 0 0 0 0 0 0 0 0
"greaser" 0 0 0 0 0 0 0 0 0 0 0 0 0 0 0 0 0 0 0 0 0 0 0 0.0368459837877671 0.0200642054574639 0 0 0 0
"greed" 0 0 0 0 0 0 0 0 0 0 0.0116427989288625 0 0 0.0234686693264492 0 0 0 0 0 0 0 0 0 0 0 0 0 0 0
"greyhame" 0 0 0 0 0 0 0 0 0 0 0 0.0187617260787993 0.0102658864592958 0 0 0 0 0 0 0 0 0 0 0 0 0 0 0 0
"grieve" 0 0 0 0 0 0 0 0 0 0 0 0.00938086303939963 0.0205317729185915 0 0 0 0 0 0 0 0 0 0 0 0 0 0 0 0
"grin" 0 0 0 0 0.0136481506755835 0 0 0 0 0 0 0 0 0 0 0 0 0 0 0 0 0.0279368626903199 0 0 0 0 0 0 0
"grind" 0 0 0 0 0 0 0 0 0 0 0 0 0 0 0 0 0 0.0234027615258601 0 0 0 0 0 0 0 0 0 0.0146391450739277 0
"grouchy" 0 0 0 0 0 0 0 0.00976657876745776 0 0 0 0 0 0 0 0.026395671109938 0 0 0 0 0 0 0 0 0 0 0 0 0
"gryffindors" 0 0 0 0 0 0 0 0 0 0.0363989322979859 0 0 0 0 0 0 0 0 0 0 0 0 0 0 0 0 0 0 0
"guessed" 0 0 0 0.0118793062485151 0 0 0 0 0 0 0 0.00938086303939963 0 0 0 0 0 0 0 0 0.0147666863555818 0 0 0 0 0 0 0 0
"guidelines" 0 0 0 0 0 0 0 0 0 0 0 0 0 0.0352030039896738 0 0 0 0 0 0 0 0 0 0 0 0 0 0 0
"hack" 0 0 0 0 0 0 0 0 0 0 0 0 0 0 0 0 0 0 0 0 0 0.0419052940354798 0 0 0 0 0 0 0
"haldir" 0 0 0 0 0 0 0 0 0 0 0.0116427989288625 0.0187617260787993 0 0 0 0 0 0 0 0 0 0 0 0 0 0 0 0 0
"half-hour" 0 0 0 0 0 0 0 0 0 0 0 0 0 0 0 0 0 0.0234027615258601 0 0 0 0 0 0 0 0 0 0.0146391450739277 0
"halflings" 0 0 0 0 0 0 0 0 0 0 0.023285597857725 0.00938086303939963 0 0 0 0 0 0 0 0 0 0 0 0 0 0 0 0 0
"handwriting" 0 0 0 0.0237586124970302 0 0 0 0 0 0 0 0 0 0 0.00852296940253985 0 0 0 0 0 0 0 0 0 0 0 0 0 0
"happiness" 0 0 0 0.0118793062485151 0 0 0 0 0 0 0 0 0 0 0 0 0 0 0 0 0 0 0 0 0 0.0103691414350892 0.0182848784055586 0 0
"harbor" 0 0 0 0 0 0 0 0 0 0 0 0 0.0102658864592958 0 0 0 0 0 0 0 0 0 0 0.0368459837877671 0 0 0 0 0
"hard-on" 0 0 0 0 0 0 0 0 0 0 0 0 0 0 0 0 0 0 0 0 0 0.0279368626903199 0 0 0 0.0103691414350892 0 0 0
"hardest" 0.0112334306897326 0 0 0 0 0 0 0 0 0 0 0 0.0102658864592958 0 0 0 0 0 0.00994727941907888 0 0 0 0 0 0 0 0 0 0
"harry^s" 0 0 0 0 0 0 0 0 0 0.0363989322979859 0 0 0 0 0 0 0 0 0 0 0 0 0 0 0 0 0 0 0
"hastings" 0 0 0 0 0 0 0 0 0 0 0 0 0 0 0 0 0 0 0 0 0 0.0279368626903199 0 0 0 0.0103691414350892 0 0 0
"hebrews" 0 0.0566251415628539 0 0 0 0 0 0 0 0 0 0 0 0 0 0 0 0 0 0 0 0 0 0 0 0 0 0 0
"hedge" 0 0 0 0 0 0 0 0 0 0 0 0 0 0 0 0.026395671109938 0 0 0 0.0170415814587594 0 0 0 0 0 0 0 0 0
"hedgerow" 0 0 0 0 0 0 0 0 0 0 0 0 0 0 0 0 0 0 0 0 0.0295333727111636 0 0 0 0 0 0 0.0146391450739277 0
"heirloom" 0 0 0 0 0 0 0 0 0 0 0.023285597857725 0 0 0.0117343346632246 0 0 0 0 0 0 0 0 0 0 0 0 0 0 0
"helicopter" 0 0 0 0 0 0 0 0 0 0 0 0 0 0 0 0 0.0447127207690588 0.01170138076293 0 0 0 0 0 0 0 0 0 0 0
"helm" 0 0 0 0 0 0 0 0 0 0 0 0.0187617260787993 0 0.0117343346632246 0 0 0 0 0 0 0 0 0 0 0 0 0 0 0
"helps" 0 0 0 0 0 0 0 0.00976657876745776 0 0 0 0.00938086303939963 0 0 0.00852296940253985 0 0 0 0 0 0 0 0 0 0 0 0 0 0
"henderson" 0 0 0 0 0 0 0 0 0 0 0 0 0 0 0 0 0 0 0 0 0 0 0 0 0 0.0311074243052675 0 0 0
"hereby" 0.0112334306897326 0 0 0 0 0 0 0 0 0 0 0 0 0 0 0 0 0 0 0 0.0147666863555818 0 0.0189825360668185 0 0 0 0 0 0
"heroic" 0 0 0 0 0.0136481506755835 0 0 0 0.00849834282314949 0 0 0 0 0 0 0 0 0 0.00994727941907888 0 0 0 0 0 0 0 0 0 0
"herron" 0 0 0 0 0 0 0 0 0 0 0 0 0 0 0 0 0 0 0.0298418382572366 0 0 0 0 0 0 0 0 0 0
"hesitate" 0.0112334306897326 0 0 0 0 0 0 0 0 0 0 0 0.0102658864592958 0 0 0 0 0 0 0 0 0.0139684313451599 0 0 0 0 0 0 0
"hid" 0 0 0 0.0118793062485151 0 0 0 0 0 0 0 0 0 0 0 0 0 0 0 0 0.0295333727111636 0 0 0 0 0 0 0 0
"highly" 0 0 0 0 0 0 0 0 0 0 0 0 0 0 0.0170459388050797 0.013197835554969 0 0 0 0 0 0 0 0 0 0 0 0 0
"hire" 0 0.0377500943752359 0.0101020305081321 0 0 0 0 0 0 0 0 0 0 0 0 0 0 0 0 0 0 0 0 0 0 0 0 0 0
"hitler^s" 0 0.0377500943752359 0 0 0 0 0 0 0 0 0 0 0 0 0 0 0 0 0.00994727941907888 0 0 0 0 0 0 0 0 0 0
"holiday" 0 0 0 0 0 0 0 0 0 0 0.023285597857725 0 0 0 0 0 0 0 0 0 0 0.0139684313451599 0 0 0 0 0 0 0
"hollywood" 0 0 0 0 0 0 0 0.0195331575349155 0 0 0 0 0 0 0 0 0 0 0 0 0 0 0 0 0.0200642054574639 0 0 0 0
"hoot" 0 0 0 0 0 0 0 0 0 0 0 0 0 0.0117343346632246 0 0 0 0.0234027615258601 0 0 0 0 0 0 0 0 0 0 0
"hop" 0 0 0 0 0 0 0 0 0 0 0 0 0 0 0 0 0 0.01170138076293 0 0.0340831629175187 0 0 0 0 0 0 0 0 0
"horrid" 0 0 0 0 0 0 0 0 0 0 0 0.0187617260787993 0.0102658864592958 0 0 0 0 0 0 0 0 0 0 0 0 0 0 0 0
"horseshit" 0.0112334306897326 0 0 0 0 0 0 0 0.00849834282314949 0 0 0 0 0 0 0 0 0 0 0 0 0 0 0.0184229918938836 0 0 0 0 0
"hospitality" 0 0 0 0 0.0136481506755835 0 0 0 0 0 0.0116427989288625 0 0 0.0117343346632246 0 0 0 0 0 0 0 0 0 0 0 0 0 0 0
"host" 0 0 0 0 0 0 0 0 0 0 0 0.00938086303939963 0.0205317729185915 0 0 0 0 0 0 0 0 0 0 0 0 0 0 0 0
"hostages" 0 0 0 0 0 0 0 0 0 0 0 0 0 0 0 0 0 0.01170138076293 0 0 0 0 0.0379650721336371 0 0 0 0 0 0
"hostile" 0 0 0 0 0 0 0 0 0 0 0 0 0 0 0 0 0 0.0351041422887901 0 0 0 0 0 0 0 0 0 0 0
"houston" 0 0 0 0 0 0.0406614258606668 0 0 0 0 0 0 0 0 0 0 0 0 0 0 0 0 0 0 0 0 0 0 0
"hovitos" 0 0.0566251415628539 0 0 0 0 0 0 0 0 0 0 0 0 0 0 0 0 0 0 0 0 0 0 0 0 0 0 0
"howard" 0 0 0 0 0 0 0 0 0 0 0 0 0 0 0 0 0 0 0 0 0 0 0 0 0 0 0 0.043917435221783 0
"hufflepuff" 0 0 0 0 0 0 0 0 0 0.0363989322979859 0 0 0 0 0 0 0 0 0 0 0 0 0 0 0 0 0 0 0
"hug" 0 0 0 0 0 0.0135538086202223 0.0134553283100108 0 0 0 0 0 0 0 0 0 0 0.01170138076293 0 0 0 0 0 0 0 0 0 0 0
"hull" 0 0 0 0 0 0 0 0 0.016996685646299 0 0 0 0 0.0117343346632246 0 0 0 0 0 0 0 0 0 0 0 0 0 0 0
"humor" 0 0 0 0 0 0 0.0134553283100108 0 0.016996685646299 0 0 0 0 0 0 0 0 0 0 0 0 0 0 0 0 0 0 0 0
"humvee" 0 0 0 0 0 0 0 0 0 0 0 0 0 0 0 0 0 0.0351041422887901 0 0 0 0 0 0 0 0 0 0 0
"hung" 0 0 0 0 0 0 0 0 0 0 0 0 0 0.0117343346632246 0 0 0 0 0 0 0 0 0 0 0 0 0 0.0292782901478554 0
"huntington" 0 0 0 0 0 0 0 0 0 0 0 0 0 0 0 0 0 0 0.0298418382572366 0 0 0 0 0 0 0 0 0 0
"hup" 0 0 0 0 0 0 0.0134553283100108 0 0 0 0 0 0 0 0 0 0 0 0 0.0340831629175187 0 0 0 0 0 0 0 0 0
"hustle" 0 0 0 0 0 0 0 0 0 0 0 0 0 0 0 0 0 0 0 0 0 0.0279368626903199 0 0 0 0.0103691414350892 0 0 0
"huzzah" 0 0 0 0 0 0 0 0 0 0 0 0 0 0.0352030039896738 0 0 0 0 0 0 0 0 0 0 0 0 0 0 0
"hysterical" 0 0 0 0 0 0 0 0.0195331575349155 0 0 0 0 0 0 0 0 0 0 0 0 0.0147666863555818 0 0 0 0 0 0 0 0
"identification" 0 0 0.0303060915243964 0 0 0 0 0 0 0 0 0 0 0 0 0 0 0 0 0 0 0 0 0 0 0 0 0 0
"idiots" 0 0 0 0.0118793062485151 0 0 0 0 0 0 0 0 0 0 0 0 0 0.01170138076293 0 0 0 0 0 0 0 0 0 0.0146391450739277 0
"ignite" 0 0 0 0 0 0 0.0403659849300323 0 0 0 0 0 0 0 0 0 0 0 0 0 0 0 0 0 0 0 0 0 0
"ignition" 0 0 0.0202040610162643 0 0 0.0135538086202223 0 0 0 0 0 0 0 0 0 0 0 0 0 0 0 0 0 0 0 0 0 0 0
"ignore" 0 0 0 0 0.0136481506755835 0 0 0 0 0 0 0 0 0 0 0 0 0 0 0 0 0.0139684313451599 0 0 0.0200642054574639 0 0 0 0
"imagination" 0 0 0.0101020305081321 0 0 0 0 0 0 0 0 0 0 0 0.0170459388050797 0 0 0 0 0 0 0 0 0 0 0 0 0 0
"imitate" 0 0 0 0 0 0 0 0 0 0 0 0 0 0 0 0 0.0670690811535882 0 0 0 0 0 0 0 0 0 0 0 0
"immigration" 0 0 0 0 0 0 0 0 0 0 0 0 0 0 0.0255689082076195 0 0 0 0 0 0 0 0 0 0 0 0 0 0
"importance" 0 0 0.0101020305081321 0 0 0.0135538086202223 0 0 0 0 0 0 0 0 0 0 0 0 0 0 0 0 0 0 0 0 0 0.0146391450739277 0
"impressed" 0 0 0 0 0 0.0135538086202223 0 0 0 0 0 0 0 0 0.00852296940253985 0 0 0 0 0 0 0 0.0189825360668185 0 0 0 0 0 0
"improved" 0 0 0 0 0 0 0 0 0 0 0 0 0 0.0234686693264492 0.00852296940253985 0 0 0 0 0 0 0 0 0 0 0 0 0 0
"includes" 0 0 0 0 0 0 0 0 0 0 0 0 0 0.0117343346632246 0 0 0 0 0 0 0 0 0 0.0184229918938836 0 0 0 0.0146391450739277 0
"india" 0 0 0 0 0 0 0 0 0 0 0 0 0 0.0234686693264492 0 0 0 0 0 0 0 0 0.0189825360668185 0 0 0 0 0 0
"infinite" 0 0 0 0 0 0 0 0 0 0 0 0 0 0 0.0255689082076195 0 0 0 0 0 0 0 0 0 0 0 0 0 0
"influence" 0 0 0.0101020305081321 0 0 0 0 0.00976657876745776 0 0.012132977432662 0 0 0 0 0 0 0 0 0 0 0 0 0 0 0 0 0 0 0
"injury" 0 0 0 0 0 0 0 0 0 0 0 0 0 0 0 0.026395671109938 0 0 0 0 0 0 0 0 0 0 0.0182848784055586 0 0
"insect" 0.0112334306897326 0 0 0 0 0 0 0 0.016996685646299 0 0 0 0 0 0 0 0 0 0 0 0 0 0 0 0 0 0 0 0
"insists" 0 0 0 0 0 0 0.0134553283100108 0.00976657876745776 0.00849834282314949 0 0 0 0 0 0 0 0 0 0 0 0 0 0 0 0 0 0 0 0
"inspection" 0 0 0 0 0 0 0 0 0.0254950284694485 0 0 0 0 0 0 0 0 0 0 0 0 0 0 0 0 0 0 0 0
"instincts" 0 0 0 0 0 0 0 0 0.00849834282314949 0 0 0 0 0 0 0 0 0 0 0 0 0.0139684313451599 0 0.0184229918938836 0 0 0 0 0
"insult" 0 0 0.0101020305081321 0 0 0 0 0 0 0.012132977432662 0 0 0 0 0.00852296940253985 0 0 0 0 0 0 0 0 0 0 0 0 0 0
"intel" 0 0 0 0 0 0 0 0 0 0 0 0 0 0 0 0 0 0.0234027615258601 0 0 0 0 0 0 0.0200642054574639 0 0 0 0
"intense" 0 0 0 0.0118793062485151 0 0 0 0 0 0 0 0 0 0 0.00852296940253985 0 0 0 0 0 0 0 0 0 0 0.0103691414350892 0 0 0
"intercepted" 0 0.018875047187618 0.0202040610162643 0 0 0 0 0 0 0 0 0 0 0 0 0 0 0 0 0 0 0 0 0 0 0 0 0 0
"interfere" 0 0.018875047187618 0 0 0 0 0 0.0195331575349155 0 0 0 0 0 0 0 0 0 0 0 0 0 0 0 0 0 0 0 0 0
"invented" 0 0 0 0.0356379187455453 0 0 0 0 0 0 0 0 0 0 0 0 0 0 0 0 0 0 0 0 0 0 0 0 0
"invisible" 0.0224668613794653 0 0 0 0 0 0 0 0 0.012132977432662 0 0 0 0 0 0 0 0 0 0 0 0 0 0 0 0 0 0 0
"involves" 0 0 0 0 0 0 0 0 0 0 0 0 0 0 0.0170459388050797 0 0 0 0 0 0 0.0139684313451599 0 0 0 0 0 0 0
"irish" 0 0 0 0.0118793062485151 0 0 0 0 0 0 0 0 0 0 0 0 0 0 0 0 0.0295333727111636 0 0 0 0 0 0 0 0
"isla" 0 0 0 0 0 0 0 0 0 0 0 0 0 0.0352030039896738 0 0 0 0 0 0 0 0 0 0 0 0 0 0 0
"islands" 0 0 0 0 0 0 0 0 0 0 0 0 0 0 0 0 0 0 0 0 0 0 0 0.0552689756816507 0 0 0 0 0
"ismay" 0 0 0 0 0 0 0 0 0.0254950284694485 0 0 0 0 0 0 0 0 0 0 0 0 0 0 0 0 0 0 0 0
"itching" 0 0 0 0 0 0 0 0 0 0 0 0 0 0 0 0 0 0 0.00994727941907888 0 0 0 0 0 0 0 0 0.0292782901478554 0
"jane" 0 0 0 0.0118793062485151 0 0 0 0 0 0 0 0 0 0 0 0 0 0 0 0 0 0.0279368626903199 0 0 0 0 0 0 0
"japan" 0 0 0 0 0 0 0 0 0 0 0 0 0 0 0 0 0 0 0 0 0 0 0 0.0552689756816507 0 0 0 0 0
"japanese" 0 0 0 0 0 0 0 0 0 0 0 0 0 0 0 0 0 0 0 0 0 0 0 0.0368459837877671 0.0200642054574639 0 0 0 0
"jaw" 0 0 0 0 0 0 0 0.0195331575349155 0 0 0 0 0 0 0 0 0 0 0 0.0170415814587594 0 0 0 0 0 0 0 0 0
"jawas" 0 0 0.0303060915243964 0 0 0 0 0 0 0 0 0 0 0 0 0 0 0 0 0 0 0 0 0 0 0 0 0 0
"jay" 0 0 0 0 0 0 0 0 0 0 0 0 0 0 0 0 0 0 0 0 0 0.0279368626903199 0 0 0.0200642054574639 0 0 0 0
"jeevesy" 0 0 0 0 0 0 0 0 0 0 0 0 0 0 0 0.039593506664907 0 0 0 0 0 0 0 0 0 0 0 0 0
"jeez" 0 0 0 0.0118793062485151 0 0 0 0 0 0 0 0 0 0 0 0 0 0 0 0 0.0147666863555818 0 0 0 0.0200642054574639 0 0 0 0
"jerks" 0 0 0 0 0 0 0 0 0 0 0 0 0 0 0 0 0 0.01170138076293 0.00994727941907888 0 0 0.0139684313451599 0 0 0 0 0 0 0
"jerry^s" 0.0112334306897326 0 0 0 0 0 0 0 0 0 0 0 0 0 0 0 0 0 0 0 0.0147666863555818 0 0 0 0 0 0 0.0146391450739277 0
"jet" 0.0112334306897326 0 0 0 0 0 0 0 0 0 0 0 0 0 0 0.026395671109938 0 0 0 0 0 0 0 0 0 0 0 0 0
"jettisoned" 0 0 0.0303060915243964 0 0 0 0 0 0 0 0 0 0 0 0 0 0 0 0 0 0 0 0 0 0 0 0 0 0
"jewel" 0 0 0 0 0 0 0 0 0 0 0 0.0187617260787993 0 0 0 0 0 0 0 0 0 0.0139684313451599 0 0 0 0 0 0 0
"jihad" 0 0 0 0 0 0 0 0 0 0 0 0 0 0 0 0 0 0 0 0 0 0 0 0 0 0 0 0 0.0544464609800363
"joc" 0 0 0 0 0 0 0 0 0 0 0 0 0 0 0 0 0 0.0351041422887901 0 0 0 0 0 0 0 0 0 0 0
"joined" 0 0 0 0 0 0 0 0 0 0 0 0 0 0 0 0 0 0 0 0 0.0147666863555818 0 0 0.0184229918938836 0 0 0.0182848784055586 0 0
"joining" 0.0112334306897326 0 0 0 0 0 0 0 0.00849834282314949 0 0 0 0 0 0 0 0 0 0 0 0 0 0 0 0 0.0103691414350892 0 0 0
"jokes" 0 0 0 0.0118793062485151 0.0136481506755835 0 0 0 0 0.012132977432662 0 0 0 0 0 0 0 0 0 0 0 0 0 0 0 0 0 0 0
"judged" 0.0112334306897326 0 0 0 0 0 0 0 0 0 0 0 0.0205317729185915 0 0 0 0 0 0 0 0 0 0 0 0 0 0 0 0
"judges" 0 0 0 0 0 0 0 0.0292997363023733 0 0 0 0 0 0 0 0 0 0 0 0 0 0 0 0 0 0 0 0 0
"junk" 0.0112334306897326 0.018875047187618 0.0101020305081321 0 0 0 0 0 0 0 0 0 0 0 0 0 0 0 0 0 0 0 0 0 0 0 0 0 0
"kaputt" 0 0 0 0 0 0 0 0 0 0 0 0 0 0 0 0 0 0 0 0 0 0 0 0 0 0.0207382828701783 0.0182848784055586 0 0
"karate" 0 0 0 0 0 0.0406614258606668 0 0 0 0 0 0 0 0 0 0 0 0 0 0 0 0 0 0 0 0 0 0 0
"katanga" 0 0.0566251415628539 0 0 0 0 0 0 0 0 0 0 0 0 0 0 0 0 0 0 0 0 0 0 0 0 0 0 0
"kennedy" 0 0 0 0.0237586124970302 0 0 0 0 0 0 0 0 0 0 0 0 0 0 0 0 0 0.0139684313451599 0 0 0 0 0 0 0
"kia" 0 0 0 0 0 0 0 0 0 0 0 0 0 0 0 0 0 0.01170138076293 0 0 0 0 0 0 0 0.0207382828701783 0 0 0
"kicks" 0 0 0 0 0 0 0 0 0 0 0 0 0 0 0.0170459388050797 0 0 0 0 0 0 0 0 0 0 0 0 0.0146391450739277 0
"klinken" 0 0 0 0 0 0 0 0 0 0 0 0 0 0 0 0 0 0 0 0.0511247443762781 0 0 0 0 0 0 0 0 0
"kniggits" 0 0 0 0 0.0409444520267504 0 0 0 0 0 0 0 0 0 0 0 0 0 0 0 0 0 0 0 0 0 0 0 0
"kurth" 0 0 0 0 0 0 0 0 0 0 0 0 0 0 0 0 0 0.0351041422887901 0 0 0 0 0 0 0 0 0 0 0
"l-" 0 0.0377500943752359 0 0 0 0 0.0134553283100108 0 0 0 0 0 0 0 0 0 0 0 0 0 0 0 0 0 0 0 0 0 0
"l^ve" 0 0 0 0 0 0 0 0 0 0 0 0 0 0 0 0 0.0670690811535882 0 0 0 0 0 0 0 0 0 0 0 0
"lack" 0.0112334306897326 0 0.0101020305081321 0 0 0 0 0 0 0.012132977432662 0 0 0 0 0 0 0 0 0 0 0 0 0 0 0 0 0 0 0
"lament" 0 0 0 0 0 0 0.0134553283100108 0 0 0 0.0116427989288625 0 0 0.0117343346632246 0 0 0 0 0 0 0 0 0 0 0 0 0 0 0
"lapointe" 0 0 0 0 0 0 0 0 0 0 0 0 0 0 0 0 0 0 0 0 0 0 0 0.0552689756816507 0 0 0 0 0
"las" 0 0 0 0 0 0 0 0.0292997363023733 0 0 0 0 0 0 0 0 0 0 0 0 0 0 0 0 0 0 0 0 0
"launched" 0 0 0 0 0 0 0 0 0.00849834282314949 0 0 0 0 0 0 0 0 0 0.00994727941907888 0 0 0 0 0 0 0 0 0 0.0181488203266788
"lawyer" 0 0 0 0 0 0 0 0.0292997363023733 0 0 0 0 0 0 0 0 0 0 0 0 0 0 0 0 0 0 0 0 0
"layout" 0 0 0 0 0 0 0 0 0 0 0 0 0 0 0.0255689082076195 0 0 0 0 0 0 0 0 0 0 0 0 0 0
"leaning" 0.0112334306897326 0 0 0 0 0 0 0 0.016996685646299 0 0 0 0 0 0 0 0 0 0 0 0 0 0 0 0 0 0 0 0
"legendary" 0 0 0 0 0.0136481506755835 0 0.0134553283100108 0 0 0.012132977432662 0 0 0 0 0 0 0 0 0 0 0 0 0 0 0 0 0 0 0
"legion" 0 0 0 0 0 0 0.0134553283100108 0 0 0 0 0 0.0102658864592958 0 0 0 0 0 0.00994727941907888 0 0 0 0 0 0 0 0 0 0
"legionnaire" 0 0 0 0 0 0 0.0403659849300323 0 0 0 0 0 0 0 0 0 0 0 0 0 0 0 0 0 0 0 0 0 0
"leia" 0 0 0.0303060915243964 0 0 0 0 0 0 0 0 0 0 0 0 0 0 0 0 0 0 0 0 0 0 0 0 0 0
"lembas" 0 0 0 0 0 0 0 0 0 0 0 0.0187617260787993 0.0102658864592958 0 0 0 0 0 0 0 0 0 0 0 0 0 0 0 0
"lend" 0 0 0 0 0 0 0 0 0 0 0.0116427989288625 0 0 0 0 0 0 0 0 0 0 0 0 0 0 0 0 0.0292782901478554 0
"lew" 0 0 0 0 0 0 0 0 0 0 0 0 0 0 0 0 0 0 0.00994727941907888 0.0170415814587594 0 0 0 0.0184229918938836 0 0 0 0 0
"lewis" 0 0 0 0.0118793062485151 0 0 0 0 0.016996685646299 0 0 0 0 0 0 0 0 0 0 0 0 0 0 0 0 0 0 0 0
"library" 0 0 0 0 0 0 0 0.00976657876745776 0 0.012132977432662 0 0 0 0 0 0 0 0 0 0 0 0 0 0 0.0200642054574639 0 0 0 0
"libyans" 0 0 0 0.0356379187455453 0 0 0 0 0 0 0 0 0 0 0 0 0 0 0 0 0 0 0 0 0 0 0 0 0
"life^s" 0 0.018875047187618 0 0 0 0 0 0 0.016996685646299 0 0 0 0 0 0 0 0 0 0 0 0 0 0 0 0 0 0 0 0
"lifebelt" 0 0 0 0 0 0 0 0 0.0254950284694485 0 0 0 0 0 0 0 0 0 0 0 0 0 0 0 0 0 0 0 0
"lifetime" 0.0112334306897326 0 0 0 0 0 0 0 0 0 0.0116427989288625 0 0 0 0 0 0 0 0 0 0 0 0 0.0184229918938836 0 0 0 0 0
"lifted" 0 0 0 0 0 0 0 0 0 0 0.0116427989288625 0 0 0.0117343346632246 0 0 0.0223563603845294 0 0 0 0 0 0 0 0 0 0 0 0
"lifts" 0 0 0 0 0 0 0 0 0.0254950284694485 0 0 0 0 0 0 0 0 0 0 0 0 0 0 0 0 0 0 0 0
"lightoller" 0 0 0 0 0 0 0 0 0.0254950284694485 0 0 0 0 0 0 0 0 0 0 0 0 0 0 0 0 0 0 0 0
"likeyou" 0 0 0 0 0 0 0 0 0.0254950284694485 0 0 0 0 0 0 0 0 0 0 0 0 0 0 0 0 0 0 0 0
"limited" 0 0 0 0 0 0 0 0 0.00849834282314949 0 0 0 0 0 0 0 0 0 0 0.0170415814587594 0 0 0 0 0.0200642054574639 0 0 0 0
"limits" 0 0 0 0 0 0 0 0 0 0 0 0 0 0.0352030039896738 0 0 0 0 0 0 0 0 0 0 0 0 0 0 0
"limo" 0 0 0 0 0 0 0 0 0 0 0 0 0 0 0 0 0 0.0351041422887901 0 0 0 0 0 0 0 0 0 0 0
"liquor" 0 0 0 0.0118793062485151 0 0 0 0.00976657876745776 0 0 0 0 0.0102658864592958 0 0 0 0 0 0 0 0 0 0 0 0 0 0 0 0
"locate" 0 0.018875047187618 0 0 0 0 0 0 0 0 0 0 0 0 0 0 0 0 0.00994727941907888 0 0.0147666863555818 0 0 0 0 0 0 0 0
"locker" 0 0 0 0 0 0 0 0 0 0 0 0 0 0.0234686693264492 0 0 0 0 0 0 0 0 0 0.0184229918938836 0 0 0 0 0
"loki" 0.0337002920691979 0 0 0 0 0 0 0 0 0 0 0 0 0 0 0 0 0 0 0 0 0 0 0 0 0 0 0 0
"lookout" 0 0 0 0 0 0.0406614258606668 0 0 0 0 0 0 0 0 0 0 0 0 0 0 0 0 0 0 0 0 0 0 0
"lords" 0 0 0 0 0 0 0 0 0 0 0.0116427989288625 0 0.0205317729185915 0 0 0 0 0 0 0 0 0 0 0 0 0 0 0 0
"loses" 0 0 0 0 0 0 0 0.00976657876745776 0 0 0 0 0 0 0 0 0 0 0 0 0 0 0 0 0 0 0.0365697568111172 0 0
"lovat" 0 0 0 0 0 0 0 0 0 0 0 0 0 0 0 0 0 0 0 0 0 0 0 0 0 0 0 0.043917435221783 0
"lovejoy" 0 0 0 0 0 0 0 0 0.0254950284694485 0 0 0 0 0 0 0 0 0 0 0 0 0 0 0 0 0 0 0 0
"lover" 0 0 0 0 0 0 0.0134553283100108 0 0 0 0 0 0 0 0.00852296940253985 0 0 0 0 0 0 0 0 0 0 0.0103691414350892 0 0 0
"luggage" 0 0 0 0.0118793062485151 0 0 0 0 0.00849834282314949 0 0 0 0 0 0 0.013197835554969 0 0 0 0 0 0 0 0 0 0 0 0 0
"lungs" 0 0 0 0 0 0 0 0 0.016996685646299 0 0 0 0 0 0 0 0.0223563603845294 0 0 0 0 0 0 0 0 0 0 0 0
"mack" 0 0 0 0 0 0 0 0 0 0 0 0 0 0 0 0 0 0 0 0 0 0 0 0 0 0 0 0 0.0544464609800363
"madame" 0 0 0 0 0 0 0 0 0.016996685646299 0 0 0 0 0 0 0 0 0 0 0 0 0 0 0 0 0 0 0.0146391450739277 0
"mag" 0 0 0 0 0 0 0 0 0 0 0 0 0 0 0 0 0 0.0351041422887901 0 0 0 0 0 0 0 0 0 0 0
"maid" 0 0 0 0 0 0 0 0 0 0 0 0 0 0.0352030039896738 0 0 0 0 0 0 0 0 0 0 0 0 0 0 0
"maintenance" 0 0 0.0202040610162643 0 0 0 0 0 0 0 0 0 0 0 0.00852296940253985 0 0 0 0 0 0 0 0 0 0 0 0 0 0
"maker" 0.0112334306897326 0 0.0101020305081321 0 0 0 0 0 0 0.012132977432662 0 0 0 0 0 0 0 0 0 0 0 0 0 0 0 0 0 0 0
"mal^s" 0 0 0 0 0 0 0 0 0 0 0 0 0 0 0.0255689082076195 0 0 0 0 0 0 0 0 0 0 0 0 0 0
"malfunction" 0 0 0.0202040610162643 0 0 0 0 0 0 0 0 0 0 0 0 0 0 0 0 0 0 0.0139684313451599 0 0 0 0 0 0 0
"malfunctioning" 0 0 0.0303060915243964 0 0 0 0 0 0 0 0 0 0 0 0 0 0 0 0 0 0 0 0 0 0 0 0 0 0
"marked" 0 0 0 0 0 0 0 0 0 0 0 0 0 0.0117343346632246 0 0 0 0 0.00994727941907888 0 0 0 0 0 0 0.0103691414350892 0 0 0
"marrying" 0 0 0 0 0.0136481506755835 0 0 0 0.00849834282314949 0 0 0 0 0.0117343346632246 0 0 0 0 0 0 0 0 0 0 0 0 0 0 0
"marvin" 0 0 0 0.0356379187455453 0 0 0 0 0 0 0 0 0 0 0 0 0 0 0 0 0 0 0 0 0 0 0 0 0
"massing" 0 0 0 0 0 0 0 0 0 0 0.0116427989288625 0.00938086303939963 0 0 0 0 0 0 0 0 0 0 0 0 0 0 0 0 0.0181488203266788
"massive" 0 0 0 0 0 0 0 0 0 0 0 0 0 0 0 0 0 0 0 0 0 0 0 0 0 0.0103691414350892 0 0 0.0362976406533575
"master-at-arms" 0 0 0 0 0 0 0 0 0.0254950284694485 0 0 0 0 0 0 0 0 0 0 0 0 0 0 0 0 0 0 0 0
"master^s" 0 0 0 0 0 0 0 0 0 0 0.0116427989288625 0.00938086303939963 0.0102658864592958 0 0 0 0 0 0 0 0 0 0 0 0 0 0 0 0
"math" 0.0112334306897326 0 0 0 0 0 0 0 0 0 0 0 0 0 0.00852296940253985 0 0 0 0 0 0 0 0 0 0 0.0103691414350892 0 0 0
"maynard" 0 0 0 0 0.0409444520267504 0 0 0 0 0 0 0 0 0 0 0 0 0 0 0 0 0 0 0 0 0 0 0 0
"mccloskey" 0 0 0 0 0 0 0 0 0 0 0 0 0 0 0 0 0 0 0.0298418382572366 0 0 0 0 0 0 0 0 0 0
"mccluskey^s" 0 0 0 0 0 0 0 0.0292997363023733 0 0 0 0 0 0 0 0 0 0 0 0 0 0 0 0 0 0 0 0 0
"mcgrath" 0 0 0 0 0 0 0 0 0 0 0 0 0 0 0 0 0 0 0 0 0.0443000590667454 0 0 0 0 0 0 0 0
"medicine" 0 0 0 0 0 0 0 0 0 0 0.0116427989288625 0.00938086303939963 0.0102658864592958 0 0 0 0 0 0 0 0 0 0 0 0 0 0 0 0
"melancholy" 0 0 0 0 0 0 0 0 0.00849834282314949 0 0 0 0 0 0 0 0 0 0 0 0 0 0 0 0 0.0103691414350892 0.0182848784055586 0 0
"mercenaries" 0 0.018875047187618 0 0 0 0 0.0134553283100108 0 0 0 0 0 0.0102658864592958 0 0 0 0 0 0 0 0 0 0 0 0 0 0 0 0
"mere" 0 0 0 0 0 0 0 0 0 0.012132977432662 0.0116427989288625 0.00938086303939963 0 0 0 0 0 0 0 0 0 0 0 0 0 0 0 0 0
"messing" 0 0 0 0.0118793062485151 0 0 0 0 0 0 0 0 0 0 0.0170459388050797 0 0 0 0 0 0 0 0 0 0 0 0 0 0
"mg" 0 0 0 0 0 0 0 0 0 0 0 0 0 0 0 0 0 0 0 0 0.0147666863555818 0 0 0.0184229918938836 0 0 0.0182848784055586 0 0
"mgs" 0 0 0 0 0 0 0 0 0 0 0 0 0 0 0 0 0 0 0 0 0.0443000590667454 0 0 0 0 0 0 0 0
"mickey" 0 0 0 0 0 0 0 0.00976657876745776 0 0 0 0 0 0 0 0 0 0 0 0 0 0.0279368626903199 0 0 0 0 0 0 0
"midday" 0 0 0.0101020305081321 0 0 0 0 0 0 0 0 0 0.0102658864592958 0 0 0 0 0 0 0 0 0 0 0 0 0 0 0.0146391450739277 0
"mightiest" 0.0112334306897326 0 0 0 0.0136481506755835 0 0 0 0 0 0 0 0.0102658864592958 0 0 0 0 0 0 0 0 0 0 0 0 0 0 0 0
"milk" 0 0 0 0.0118793062485151 0 0 0 0 0 0 0 0 0 0 0 0.013197835554969 0 0 0 0 0 0 0 0.0184229918938836 0 0 0 0 0
"minus" 0 0 0 0 0 0.0271076172404446 0 0 0 0 0 0 0 0 0 0 0 0 0 0 0 0 0.0189825360668185 0 0 0 0 0 0
"mir" 0 0 0 0 0 0 0 0 0.0254950284694485 0 0 0 0 0 0 0 0 0 0 0 0 0 0 0 0 0 0 0 0
"missy" 0 0 0 0 0 0 0 0 0 0 0 0 0 0.0352030039896738 0 0 0 0 0 0 0 0 0 0 0 0 0 0 0
"mist" 0 0 0 0 0 0 0 0 0 0 0 0.00938086303939963 0.0205317729185915 0 0 0 0 0 0 0 0 0 0 0 0 0 0 0 0
"mistaken" 0 0 0 0 0 0 0 0 0 0 0 0.0187617260787993 0 0 0.00852296940253985 0 0 0 0 0 0 0 0 0 0 0 0 0 0
"mistakes" 0 0 0 0.0118793062485151 0 0 0 0 0 0 0 0 0 0.0117343346632246 0 0 0 0 0 0 0 0.0139684313451599 0 0 0 0 0 0 0
"mix" 0 0 0 0 0 0 0 0 0.00849834282314949 0 0 0 0 0 0 0 0.0223563603845294 0 0 0 0 0 0 0 0 0.0103691414350892 0 0 0
"mobile" 0 0 0 0 0 0 0 0 0 0 0 0 0 0 0 0 0 0 0 0 0 0 0 0.0184229918938836 0.0401284109149278 0 0 0 0
"mocking" 0.0224668613794653 0 0 0 0 0.0135538086202223 0 0 0 0 0 0 0 0 0 0 0 0 0 0 0 0 0 0 0 0 0 0 0
"mogadishu" 0 0 0 0 0 0 0 0 0 0 0 0 0 0 0 0 0 0.0351041422887901 0 0 0 0 0 0 0 0 0 0 0
"moment^s" 0 0 0 0 0 0 0 0 0 0 0.0116427989288625 0 0 0 0.00852296940253985 0.013197835554969 0 0 0 0 0 0 0 0 0 0 0 0 0
"momentarily" 0 0 0 0 0 0.0135538086202223 0 0 0 0.012132977432662 0 0 0 0 0 0 0 0.01170138076293 0 0 0 0 0 0 0 0 0 0 0
"monday" 0 0 0 0.0118793062485151 0 0 0 0.00976657876745776 0 0 0 0 0 0 0 0 0 0.01170138076293 0 0 0 0 0 0 0 0 0 0 0
"money^s" 0 0.018875047187618 0 0 0 0 0 0 0.00849834282314949 0 0 0 0 0 0 0.013197835554969 0 0 0 0 0 0 0 0 0 0 0 0 0
"moral" 0.0112334306897326 0 0 0 0 0 0.0134553283100108 0 0 0 0 0 0 0 0 0.013197835554969 0 0 0 0 0 0 0 0 0 0 0 0 0
"morale" 0 0 0 0 0 0 0 0 0 0 0 0 0 0 0 0 0 0 0.0198945588381578 0 0 0 0 0 0 0.0103691414350892 0 0 0
"mordor^s" 0 0 0 0 0 0 0 0 0 0 0 0.00938086303939963 0.0205317729185915 0 0 0 0 0 0 0 0 0 0 0 0 0 0 0 0
"mos" 0 0 0.0303060915243964 0 0 0 0 0 0 0 0 0 0 0 0 0 0 0 0 0 0 0 0 0 0 0 0 0 0
"mother^s" 0 0 0 0 0 0 0 0 0.00849834282314949 0 0.0116427989288625 0 0 0.0117343346632246 0 0 0 0 0 0 0 0 0 0 0 0 0 0 0
"motivated" 0 0.018875047187618 0 0 0 0 0 0 0 0 0 0 0 0 0.00852296940253985 0 0 0 0 0 0 0.0139684313451599 0 0 0 0 0 0 0
"mourmelon" 0 0 0 0 0 0 0 0 0 0 0 0 0 0 0 0 0 0 0.0298418382572366 0 0 0 0 0 0 0 0 0 0
"mourn" 0.0224668613794653 0 0 0 0 0 0.0134553283100108 0 0 0 0 0 0 0 0 0 0 0 0 0 0 0 0 0 0 0 0 0 0
"movin" 0 0 0 0 0 0.0271076172404446 0 0 0 0 0 0 0 0 0 0 0.0223563603845294 0 0 0 0 0 0 0 0 0 0 0 0
"mud" 0 0 0 0 0.0272963013511669 0 0.0134553283100108 0 0 0 0 0 0 0 0 0 0 0 0 0 0 0 0 0 0 0 0 0 0
"muerta" 0 0 0 0 0 0 0 0 0 0 0 0 0 0.0352030039896738 0 0 0 0 0 0 0 0 0 0 0 0 0 0 0
"muggle" 0 0 0 0 0 0 0 0 0 0.0363989322979859 0 0 0 0 0 0 0 0 0 0 0 0 0 0 0 0 0 0 0
"muggles" 0 0 0 0 0 0 0 0 0 0.0363989322979859 0 0 0 0 0 0 0 0 0 0 0 0 0 0 0 0 0 0 0
"murphy" 0 0 0 0 0 0 0 0 0 0 0 0 0 0 0 0 0 0 0 0 0 0.0419052940354798 0 0 0 0 0 0 0
"muscular" 0.0224668613794653 0 0 0 0 0 0 0 0 0 0 0 0 0 0 0.013197835554969 0 0 0 0 0 0 0 0 0 0 0 0 0
"muster" 0 0 0 0 0 0 0 0 0 0 0 0 0.0205317729185915 0 0 0 0 0 0 0 0 0 0 0 0 0.0103691414350892 0 0 0
"mystic" 0.0112334306897326 0 0 0 0.0136481506755835 0.0135538086202223 0 0 0 0 0 0 0 0 0 0 0 0 0 0 0 0 0 0 0 0 0 0 0
"nails" 0 0 0 0 0 0 0 0 0 0 0 0 0 0.0117343346632246 0 0 0.0223563603845294 0 0 0 0 0 0.0189825360668185 0 0 0 0 0 0
"nana" 0 0 0 0 0 0 0 0 0.0254950284694485 0 0 0 0 0 0 0 0 0 0 0 0 0 0 0 0 0 0 0 0
"naturally" 0.0112334306897326 0 0 0 0 0 0 0 0 0.012132977432662 0 0 0 0 0.00852296940253985 0 0 0 0 0 0 0 0 0 0 0 0 0 0
"ncos" 0 0 0 0 0 0 0 0 0 0 0 0 0 0 0 0 0 0 0 0.0340831629175187 0 0 0 0.0184229918938836 0 0 0 0 0
"necklace" 0.0112334306897326 0 0 0 0 0 0 0 0.016996685646299 0 0 0 0 0 0 0 0 0 0 0 0 0 0 0 0 0 0 0 0
"nesbitt" 0 0 0 0 0 0.0406614258606668 0 0 0 0 0 0 0 0 0 0 0 0 0 0 0 0 0 0 0 0 0 0 0
"nest" 0 0 0 0 0 0 0 0 0 0 0 0 0 0 0.00852296940253985 0 0 0.01170138076293 0 0 0 0 0 0 0 0.0103691414350892 0 0 0
"neville" 0 0 0 0 0 0 0 0 0 0.0363989322979859 0 0 0 0 0 0 0 0 0 0 0 0 0 0 0 0 0 0 0
"nickname" 0 0 0 0 0 0 0 0 0 0 0 0 0 0 0 0 0 0 0.00994727941907888 0 0 0 0 0.0184229918938836 0.0200642054574639 0 0 0 0
"niggers" 0 0 0 0 0 0 0 0.00976657876745776 0 0 0 0 0 0 0 0 0 0 0 0 0 0.0279368626903199 0 0 0 0 0 0 0
"ninepence" 0 0 0 0 0.0409444520267504 0 0 0 0 0 0 0 0 0 0 0 0 0 0 0 0 0 0 0 0 0 0 0 0
"nips" 0 0 0 0 0 0 0 0 0 0 0 0 0 0 0 0 0 0 0 0 0 0 0 0.0368459837877671 0.0200642054574639 0 0 0 0
"norbert" 0 0 0 0 0 0 0 0 0 0.0363989322979859 0 0 0 0 0 0 0 0 0 0 0 0 0 0 0 0 0 0 0
"norm" 0 0 0 0 0 0 0 0 0 0 0 0 0 0 0 0 0 0 0 0 0 0 0 0 0 0 0 0.043917435221783 0
"norrington^s" 0 0 0 0 0 0 0 0 0 0 0 0 0 0.0352030039896738 0 0 0 0 0 0 0 0 0 0 0 0 0 0 0
"northern" 0 0 0 0 0 0 0 0 0 0 0 0.00938086303939963 0 0 0 0 0 0 0 0 0 0 0 0 0 0 0 0.0292782901478554 0
"northwest" 0 0 0 0 0 0 0 0 0 0 0 0 0 0 0 0 0 0 0 0 0 0 0 0 0 0 0 0 0.0544464609800363
"notify" 0.0112334306897326 0 0 0 0 0 0 0 0 0 0 0 0 0 0 0 0 0 0.00994727941907888 0 0 0 0 0 0 0 0 0.0146391450739277 0
"notyet" 0 0 0 0 0 0 0 0 0.0254950284694485 0 0 0 0 0 0 0 0 0 0 0 0 0 0 0 0 0 0 0 0
"oar" 0 0 0 0 0 0 0 0 0.0254950284694485 0 0 0 0 0 0 0 0 0 0 0 0 0 0 0 0 0 0 0 0
"obergefreiter" 0 0 0 0 0 0 0 0 0 0 0 0 0 0 0 0 0 0 0 0 0 0 0.0569476082004556 0 0 0 0 0 0
"obtained" 0 0.018875047187618 0.0202040610162643 0 0 0 0 0 0 0 0 0 0 0 0 0 0 0 0 0 0 0 0 0 0 0 0 0 0
"obvious" 0 0 0 0 0 0 0 0 0 0.012132977432662 0 0 0 0 0.00852296940253985 0 0 0 0 0 0 0.0139684313451599 0 0 0 0 0 0 0
"occasions" 0 0.018875047187618 0 0 0 0 0 0 0 0 0 0 0 0 0 0 0.0223563603845294 0 0 0 0 0 0 0 0.0200642054574639 0 0 0 0
"offered" 0.0112334306897326 0 0 0 0 0 0.0134553283100108 0.00976657876745776 0 0 0 0 0 0 0 0 0 0 0 0 0 0 0 0 0 0 0 0 0
"ofthem" 0 0 0 0 0 0 0 0 0.0254950284694485 0 0 0 0 0 0 0 0 0 0 0 0 0 0 0 0 0 0 0 0
"ofyou" 0 0 0 0 0 0 0 0 0.0254950284694485 0 0 0 0 0 0 0 0 0 0 0 0 0 0 0 0 0 0 0 0
"one-man" 0 0 0.0202040610162643 0 0 0 0 0 0 0 0 0 0 0 0 0 0 0 0 0 0 0 0 0 0 0 0 0.0146391450739277 0
"operating" 0 0 0.0101020305081321 0 0 0 0 0 0 0 0 0 0 0 0 0 0 0 0 0 0 0.0279368626903199 0 0 0 0 0 0 0
"operator" 0 0 0 0 0 0 0 0 0 0 0 0 0 0 0 0.026395671109938 0 0 0 0 0 0 0 0 0 0 0.0182848784055586 0 0
"opportune" 0 0 0 0 0 0 0 0 0 0 0 0 0 0.0352030039896738 0 0 0 0 0 0 0 0 0 0 0 0 0 0 0
"opposite" 0 0 0 0 0 0 0 0 0 0 0 0 0 0 0 0.013197835554969 0 0 0.00994727941907888 0 0 0 0 0.0184229918938836 0 0 0 0 0
"orbit" 0 0 0.0101020305081321 0 0 0.0135538086202223 0 0 0 0 0 0 0 0 0 0 0 0.01170138076293 0 0 0 0 0 0 0 0 0 0 0
"ordinary" 0 0 0 0 0.0136481506755835 0 0 0 0 0.012132977432662 0 0 0 0 0 0 0 0 0 0 0 0 0 0.0184229918938836 0 0 0 0 0
"organism" 0 0 0 0 0 0 0 0 0 0 0 0 0 0 0 0 0.0670690811535882 0 0 0 0 0 0 0 0 0 0 0 0
"organized" 0 0 0 0 0 0 0 0 0.00849834282314949 0 0 0 0 0 0 0 0 0.01170138076293 0.00994727941907888 0 0 0 0 0 0 0 0 0 0
"original" 0 0.0377500943752359 0 0 0 0 0 0 0 0 0 0 0 0 0 0 0 0 0 0 0.0147666863555818 0 0 0 0 0 0 0 0
"ostia" 0 0 0 0 0 0 0.0403659849300323 0 0 0 0 0 0 0 0 0 0 0 0 0 0 0 0 0 0 0 0 0 0
"oswalt" 0 0 0 0 0 0 0 0 0 0 0 0 0 0 0 0 0 0 0 0 0 0 0 0 0.0601926163723917 0 0 0 0
"othain" 0 0 0 0 0 0 0 0 0 0 0 0.0281425891181989 0 0 0 0 0 0 0 0 0 0 0 0 0 0 0 0 0
"otherwise" 0 0 0 0 0 0 0 0 0 0 0 0 0 0.0234686693264492 0.00852296940253985 0 0 0 0 0 0 0 0 0 0 0 0 0 0
"otto" 0 0 0 0 0 0 0 0 0 0 0 0 0 0 0 0 0 0 0 0 0 0 0 0 0 0 0.0548546352166758 0 0
"outgoing" 0 0 0 0 0 0 0 0 0 0 0 0 0 0 0 0 0 0 0 0 0 0.0419052940354798 0 0 0 0 0 0 0
"overboard" 0 0 0 0 0 0.0135538086202223 0 0 0.00849834282314949 0 0 0 0 0.0117343346632246 0 0 0 0 0 0 0 0 0 0 0 0 0 0 0
"overlooking" 0 0 0 0 0 0 0 0 0 0 0 0 0 0 0 0 0 0 0.0298418382572366 0 0 0 0 0 0 0 0 0 0
"overthere" 0 0 0 0 0 0 0 0 0.0254950284694485 0 0 0 0 0 0 0 0 0 0 0 0 0 0 0 0 0 0 0 0
"owl" 0 0 0 0 0 0.0135538086202223 0 0 0 0.024265954865324 0 0 0 0 0 0 0 0 0 0 0 0 0 0 0 0 0 0 0
"owned" 0 0 0 0.0118793062485151 0 0 0 0 0.00849834282314949 0.012132977432662 0 0 0 0 0 0 0 0 0 0 0 0 0 0 0 0 0 0 0
"owners" 0 0 0 0 0 0 0 0 0 0 0 0 0 0 0 0.013197835554969 0 0 0 0 0.0147666863555818 0 0.0189825360668185 0 0 0 0 0 0
"package" 0 0 0 0 0 0.0271076172404446 0 0.00976657876745776 0 0 0 0 0 0 0 0 0 0 0 0 0 0 0 0 0 0 0 0 0
"pad" 0 0 0 0 0 0.0406614258606668 0 0 0 0 0 0 0 0 0 0 0 0 0 0 0 0 0 0 0 0 0 0 0
"padre" 0 0 0 0 0 0 0 0 0 0 0 0 0 0 0 0 0 0 0 0 0 0 0 0 0 0 0 0.043917435221783 0
"pages" 0 0 0 0 0 0 0 0 0 0 0 0 0.0102658864592958 0 0 0 0 0 0 0.0170415814587594 0 0.0139684313451599 0 0 0 0 0 0 0
"paint" 0 0 0 0.0118793062485151 0 0 0 0 0.00849834282314949 0 0 0 0 0 0 0 0 0 0 0 0 0 0.0189825360668185 0 0 0 0 0 0
"parked" 0 0 0 0.0237586124970302 0 0 0 0 0 0 0 0 0 0 0 0 0 0.01170138076293 0 0 0 0 0 0 0 0 0 0 0
"parking" 0 0 0 0.0356379187455453 0 0 0 0 0 0 0 0 0 0 0 0 0 0 0 0 0 0 0 0 0 0 0 0 0
"party^s" 0 0 0 0 0 0.0271076172404446 0 0 0 0 0 0 0 0 0 0 0 0 0 0 0 0 0 0 0 0.0103691414350892 0 0 0
"patsy" 0 0 0 0 0.0409444520267504 0 0 0 0 0 0 0 0 0 0 0 0 0 0 0 0 0 0 0 0 0 0 0 0
"pegasus" 0 0 0 0 0 0 0 0 0 0 0 0 0 0 0 0 0 0 0 0.0511247443762781 0 0 0 0 0 0 0 0 0
"period" 0 0 0 0 0.0136481506755835 0 0 0 0 0 0 0 0 0 0 0 0 0 0 0 0 0 0 0 0 0 0 0.0292782901478554 0
"permanent" 0 0.018875047187618 0 0 0 0.0271076172404446 0 0 0 0 0 0 0 0 0 0 0 0 0 0 0 0 0 0 0 0 0 0 0
"pflger" 0 0 0 0 0 0 0 0 0 0 0 0 0 0 0 0 0 0 0 0 0 0 0 0 0 0 0.0548546352166758 0 0
"phase" 0 0 0 0 0 0 0 0 0 0 0 0 0 0 0 0 0 0 0 0.0170415814587594 0.0295333727111636 0 0 0 0 0 0 0 0
"photographer" 0 0 0 0 0 0 0 0 0 0 0 0 0 0 0 0 0 0 0 0 0 0.0419052940354798 0 0 0 0 0 0 0
"phrase" 0 0 0 0 0 0.0135538086202223 0 0 0 0 0 0 0 0.0117343346632246 0 0 0 0.01170138076293 0 0 0 0 0 0 0 0 0 0 0
"physical" 0 0 0 0 0 0 0 0 0 0 0.0116427989288625 0 0 0 0.00852296940253985 0 0 0 0 0 0 0 0 0 0 0.0103691414350892 0 0 0
"physically" 0 0 0 0 0 0 0 0 0 0 0 0 0 0 0 0.026395671109938 0 0 0.00994727941907888 0 0 0 0 0 0 0 0 0 0
"picasso" 0 0 0 0 0 0.0135538086202223 0 0 0.016996685646299 0 0 0 0 0 0 0 0 0 0 0 0 0 0 0 0 0 0 0 0
"pigs" 0 0 0 0 0 0 0 0 0 0 0 0 0 0 0 0.026395671109938 0 0 0 0 0 0 0 0 0 0 0.0182848784055586 0 0
"pilgrim" 0 0 0 0 0 0 0 0 0 0 0 0.00938086303939963 0 0 0 0 0 0 0 0 0 0.0279368626903199 0 0 0 0 0 0 0
"pine" 0 0 0 0.0356379187455453 0 0 0 0 0 0 0 0 0 0 0 0 0 0 0 0 0 0 0 0 0 0 0 0 0
"pint" 0 0 0 0 0 0 0 0 0 0 0.0116427989288625 0 0 0 0 0 0 0 0 0 0 0 0.0189825360668185 0 0 0 0 0.0146391450739277 0
"pits" 0 0 0 0 0 0 0 0 0 0 0 0.0281425891181989 0 0 0 0 0 0 0 0 0 0 0 0 0 0 0 0 0
"plague" 0.0112334306897326 0 0 0 0 0 0.0269106566200215 0 0 0 0 0 0 0 0 0 0 0 0 0 0 0 0 0 0 0 0 0 0
"plain" 0 0 0 0 0.0136481506755835 0 0.0134553283100108 0 0 0 0 0.00938086303939963 0 0 0 0 0 0 0 0 0 0 0 0 0 0 0 0 0
"planted" 0 0 0 0 0 0 0 0.00976657876745776 0 0 0 0 0 0 0.0170459388050797 0 0 0 0 0 0 0 0 0 0 0 0 0 0
"plates" 0 0 0 0 0 0 0 0 0.00849834282314949 0 0 0 0 0 0 0 0 0 0 0 0 0 0 0.0184229918938836 0 0.0103691414350892 0 0 0
"pledge" 0.0112334306897326 0 0 0 0 0 0 0.00976657876745776 0 0 0 0 0.0102658864592958 0 0 0 0 0 0 0 0 0 0 0 0 0 0 0 0
"poem" 0 0 0 0 0 0 0 0 0 0 0 0 0 0 0 0 0 0 0 0 0 0 0 0.0552689756816507 0 0 0 0 0
"policy" 0 0 0 0 0 0 0 0.00976657876745776 0 0 0 0 0 0 0.00852296940253985 0 0 0 0 0 0 0 0.0189825360668185 0 0 0 0 0 0
"posts" 0 0 0 0 0 0 0 0 0 0 0 0 0.0307976593778873 0 0 0 0 0 0 0 0 0 0 0 0 0 0 0 0
"pounds" 0 0 0 0 0.0136481506755835 0 0 0 0 0 0 0 0 0 0 0 0 0.01170138076293 0 0 0 0.0139684313451599 0 0 0 0 0 0 0
"pow" 0 0 0 0 0 0 0 0 0 0 0 0 0 0 0 0 0 0 0 0 0 0 0.0189825360668185 0 0 0.0103691414350892 0.0182848784055586 0 0
"predicted" 0.0112334306897326 0 0 0 0 0 0 0 0 0 0 0 0.0102658864592958 0 0 0.013197835554969 0 0 0 0 0 0 0 0 0 0 0 0 0
"prep" 0 0 0 0 0 0 0 0 0 0 0 0 0 0 0 0 0 0.01170138076293 0 0 0 0 0 0 0.0200642054574639 0 0 0 0.0181488203266788
"presume" 0 0 0 0 0 0 0 0 0.00849834282314949 0.012132977432662 0 0 0 0 0 0 0 0 0 0 0 0 0.0189825360668185 0 0 0 0 0 0
"previous" 0 0 0 0 0.0136481506755835 0 0 0 0 0 0 0 0 0 0 0 0 0 0 0 0.0147666863555818 0 0 0 0 0 0 0.0146391450739277 0
"prick" 0 0 0 0 0 0 0 0 0 0 0 0 0 0.0117343346632246 0 0 0 0 0 0 0 0 0 0 0 0.0207382828701783 0 0 0
"principles" 0 0 0 0 0 0 0 0 0 0 0 0 0 0 0 0 0.0223563603845294 0 0 0 0 0 0.0379650721336371 0 0 0 0 0 0
"private^s" 0 0 0 0 0 0 0 0 0 0 0 0 0 0 0 0 0 0 0 0 0 0.0419052940354798 0 0 0 0 0 0 0
"privilege" 0.0112334306897326 0 0 0 0 0 0 0 0.00849834282314949 0 0 0 0 0 0 0 0 0 0 0 0 0 0 0 0 0 0 0.0146391450739277 0
"probe" 0 0 0.0101020305081321 0 0 0 0 0 0 0 0 0 0 0 0 0 0 0 0 0 0 0 0 0 0 0.0103691414350892 0 0 0.0181488203266788
"probing" 0 0 0 0 0 0 0 0 0 0 0 0 0 0 0 0 0 0 0 0 0 0 0 0 0 0 0 0 0.0544464609800363
"profit" 0 0 0 0 0 0 0.0134553283100108 0 0 0 0 0 0 0.0234686693264492 0 0 0 0 0 0 0 0 0 0 0 0 0 0 0
"proof" 0 0.018875047187618 0 0 0 0 0 0 0 0 0 0 0 0.0117343346632246 0 0 0 0 0 0 0 0 0 0 0 0 0.0182848784055586 0 0
"prop" 0 0 0 0 0 0 0 0 0 0 0 0 0 0 0 0 0 0 0 0 0.0443000590667454 0 0 0 0 0 0 0 0
"propellers" 0 0 0 0 0 0 0 0 0.0254950284694485 0 0 0 0 0 0 0 0 0 0 0 0 0 0 0 0 0 0 0 0
"protocol" 0 0 0.0303060915243964 0 0 0 0 0 0 0 0 0 0 0 0 0 0 0 0 0 0 0 0 0 0 0 0 0 0
"proven" 0 0 0 0.0118793062485151 0 0 0 0 0 0.012132977432662 0 0 0 0 0 0 0 0 0 0 0 0 0 0 0 0 0 0 0.0181488203266788
"psst" 0 0 0 0 0 0.0406614258606668 0 0 0 0 0 0 0 0 0 0 0 0 0 0 0 0 0 0 0 0 0 0 0
"public" 0 0 0 0 0 0 0 0.0195331575349155 0 0 0 0 0 0 0 0 0 0 0 0 0 0 0 0 0 0.0103691414350892 0 0 0
"pumps" 0 0 0 0 0 0 0 0 0.0254950284694485 0 0 0 0 0 0 0 0 0 0 0 0 0 0 0 0 0 0 0 0
"punished" 0 0 0 0 0 0 0 0 0 0 0 0 0 0.0352030039896738 0 0 0 0 0 0 0 0 0 0 0 0 0 0 0
"punishment" 0 0 0 0 0.0136481506755835 0 0 0.00976657876745776 0 0.012132977432662 0 0 0 0 0 0 0 0 0 0 0 0 0 0 0 0 0 0 0
"punk" 0 0 0 0.0118793062485151 0 0.0135538086202223 0 0.00976657876745776 0 0 0 0 0 0 0 0 0 0 0 0 0 0 0 0 0 0 0 0 0
"pushed" 0 0 0 0 0 0.0271076172404446 0 0 0 0 0 0 0 0 0 0 0 0 0 0 0 0 0 0 0 0 0.0182848784055586 0 0
"puts" 0 0 0 0 0 0 0 0.00976657876745776 0 0 0 0 0 0.0117343346632246 0 0 0 0 0 0 0 0 0 0.0184229918938836 0 0 0 0 0
"quote" 0 0 0 0 0 0 0 0 0 0 0 0 0 0 0 0 0 0 0 0 0 0.0139684313451599 0 0 0 0.0103691414350892 0 0.0146391450739277 0
"ra" 0 0.0566251415628539 0 0 0 0 0 0 0 0 0 0 0 0 0 0 0 0 0 0 0 0 0 0 0 0 0 0 0
"radiation" 0 0 0 0.0356379187455453 0 0 0 0 0 0 0 0 0 0 0 0 0 0 0 0 0 0 0 0 0 0 0 0 0
"raid" 0 0 0 0 0 0 0 0 0 0 0 0 0 0 0 0 0 0.01170138076293 0 0 0 0 0.0189825360668185 0 0 0 0.0182848784055586 0 0
"railroad" 0 0 0 0 0 0 0 0 0 0 0 0 0 0 0 0.013197835554969 0 0 0.0198945588381578 0 0 0 0 0 0 0 0 0 0
"ramp" 0 0 0 0 0 0.0135538086202223 0 0 0 0 0 0 0 0 0 0 0 0 0 0 0 0 0 0 0 0.0103691414350892 0 0 0.0181488203266788
"rarely" 0 0 0 0 0 0 0 0 0 0.012132977432662 0 0 0 0 0.00852296940253985 0.013197835554969 0 0 0 0 0 0 0 0 0 0 0 0 0
"rash" 0 0 0 0 0 0 0 0 0 0 0 0 0 0.0352030039896738 0 0 0 0 0 0 0 0 0 0 0 0 0 0 0
"rations" 0 0 0 0 0 0 0 0 0 0 0 0 0 0 0 0 0 0 0 0.0340831629175187 0 0 0 0.0184229918938836 0 0 0 0 0
"ravenclaw" 0 0 0 0 0 0 0 0 0 0.0363989322979859 0 0 0 0 0 0 0 0 0 0 0 0 0 0 0 0 0 0 0
"re-elect" 0 0 0 0.0356379187455453 0 0 0 0 0 0 0 0 0 0 0 0 0 0 0 0 0 0 0 0 0 0 0 0 0
"reads" 0 0 0 0 0.0136481506755835 0 0 0 0.00849834282314949 0 0.0116427989288625 0 0 0 0 0 0 0 0 0 0 0 0 0 0 0 0 0 0
"recall" 0 0 0 0 0 0 0 0 0 0 0 0.00938086303939963 0.0102658864592958 0 0 0 0 0 0.00994727941907888 0 0 0 0 0 0 0 0 0 0
"receiver" 0 0 0 0 0 0 0 0 0 0 0 0 0 0 0 0 0 0 0 0 0 0.0139684313451599 0 0 0 0 0 0 0.0362976406533575
"recruit" 0 0 0 0 0 0 0 0.00976657876745776 0 0 0 0 0 0 0 0 0 0 0 0 0 0.0279368626903199 0 0 0 0 0 0 0
"reddish" 0 0 0 0 0 0 0 0 0.0254950284694485 0 0 0 0 0 0 0 0 0 0 0 0 0 0 0 0 0 0 0 0
"references" 0 0 0 0 0 0 0 0 0 0 0 0 0 0 0.0170459388050797 0.013197835554969 0 0 0 0 0 0 0 0 0 0 0 0 0
"regroup" 0 0 0 0 0 0 0 0 0 0 0 0 0 0 0 0 0 0.0234027615258601 0 0 0 0 0 0 0 0 0 0.0146391450739277 0
"regulations" 0 0 0 0 0.0136481506755835 0 0 0 0 0 0 0 0 0 0 0 0 0.01170138076293 0 0 0 0 0.0189825360668185 0 0 0 0 0 0
"reich" 0 0 0 0 0 0 0 0 0 0 0 0 0 0 0 0 0 0 0 0 0 0 0.0569476082004556 0 0 0 0 0 0
"related" 0 0 0.0101020305081321 0 0 0 0 0 0 0 0 0 0 0 0.00852296940253985 0 0 0 0 0 0 0 0 0 0 0 0 0 0.0181488203266788
"relations" 0 0 0.0101020305081321 0 0 0 0 0 0 0 0.0116427989288625 0 0 0 0 0 0 0 0 0 0 0 0 0 0 0.0103691414350892 0 0 0
"relay" 0 0 0 0 0 0 0 0 0 0 0 0 0 0 0 0 0 0.01170138076293 0 0 0 0 0 0 0.0200642054574639 0 0 0 0.0181488203266788
"released" 0 0 0 0 0 0 0 0.00976657876745776 0 0.012132977432662 0 0 0 0 0 0 0 0 0 0 0 0 0 0 0 0.0103691414350892 0 0 0
"relieve" 0 0 0 0 0 0 0 0 0 0 0 0 0 0 0 0 0 0 0.00994727941907888 0 0 0 0 0 0 0.0103691414350892 0 0 0.0181488203266788
"religion" 0 0.018875047187618 0.0202040610162643 0 0 0 0 0 0 0 0 0 0 0 0 0 0 0 0 0 0 0 0 0 0 0 0 0 0
"remarks" 0 0 0 0 0 0 0 0 0 0 0 0 0 0 0 0 0 0 0 0 0 0 0.0189825360668185 0 0 0 0 0 0.0362976406533575
"remote" 0 0 0.0202040610162643 0 0 0 0 0 0 0 0 0 0 0 0 0 0 0 0 0 0 0 0.0189825360668185 0 0 0 0 0 0
"renee" 0 0 0 0 0 0 0 0 0 0 0 0 0 0 0 0 0 0 0.0298418382572366 0 0 0 0 0 0 0 0 0 0
"represents" 0 0.018875047187618 0 0 0 0 0 0 0 0 0 0 0 0 0 0 0 0 0 0 0 0 0 0 0 0.0103691414350892 0 0.0146391450739277 0
"reputation" 0 0.018875047187618 0 0 0 0 0 0.00976657876745776 0 0 0 0 0 0 0.00852296940253985 0 0 0 0 0 0 0 0 0 0 0 0 0 0
"require" 0.0112334306897326 0 0 0 0 0 0.0134553283100108 0 0.00849834282314949 0 0 0 0 0 0 0 0 0 0 0 0 0 0 0 0 0 0 0 0
"research" 0 0 0 0.0118793062485151 0 0 0 0 0.00849834282314949 0 0 0 0 0 0.00852296940253985 0 0 0 0 0 0 0 0 0 0 0 0 0 0
"resilient" 0 0 0 0 0 0 0 0 0 0 0 0 0 0 0.0255689082076195 0 0 0 0 0 0 0 0 0 0 0 0 0 0
"resting" 0 0.018875047187618 0 0 0.0136481506755835 0 0 0 0 0 0 0.00938086303939963 0 0 0 0 0 0 0 0 0 0 0 0 0 0 0 0 0
"restored" 0 0 0 0 0 0 0 0 0 0 0.0116427989288625 0 0 0.0234686693264492 0 0 0 0 0 0 0 0 0 0 0 0 0 0 0
"reveal" 0 0 0 0 0 0 0.0134553283100108 0 0 0 0 0 0.0102658864592958 0 0 0 0 0 0 0.0170415814587594 0 0 0 0 0 0 0 0 0
"rex" 0 0 0 0 0 0.0406614258606668 0 0 0 0 0 0 0 0 0 0 0 0 0 0 0 0 0 0 0 0 0 0 0
"rhine" 0 0 0 0 0 0 0 0 0 0 0 0 0 0 0 0 0 0 0 0.0511247443762781 0 0 0 0 0 0 0 0 0
"rice" 0 0 0 0 0 0 0 0 0 0 0 0 0 0 0 0.013197835554969 0 0 0 0.0170415814587594 0 0 0 0.0184229918938836 0 0 0 0 0
"ridden" 0 0 0 0 0.0409444520267504 0 0 0 0 0 0 0 0 0 0 0 0 0 0 0 0 0 0 0 0 0 0 0 0
"riflemen" 0 0 0 0 0 0 0 0 0 0 0 0 0 0 0 0 0 0 0 0 0 0 0 0 0.0601926163723917 0 0 0 0
"rights" 0 0 0 0 0 0 0 0.00976657876745776 0.00849834282314949 0 0 0.00938086303939963 0 0 0 0 0 0 0 0 0 0 0 0 0 0 0 0 0
"ringing" 0 0 0 0 0 0 0 0 0 0 0.0116427989288625 0 0 0 0 0 0 0.01170138076293 0 0 0 0 0 0 0 0 0 0 0.0181488203266788
"ripe" 0 0 0 0 0 0 0 0 0 0 0.0116427989288625 0 0 0 0 0 0 0 0 0 0 0 0 0.0368459837877671 0 0 0 0 0
"rizzi" 0 0 0 0 0 0 0 0.0292997363023733 0 0 0 0 0 0 0 0 0 0 0 0 0 0 0 0 0 0 0 0 0
"roast" 0 0 0 0 0 0 0 0 0 0 0 0.0187617260787993 0 0 0 0.013197835554969 0 0 0 0 0 0 0 0 0 0 0 0 0
"ron^s" 0 0 0 0 0 0 0 0 0 0.0363989322979859 0 0 0 0 0 0 0 0 0 0 0 0 0 0 0 0 0 0 0
"rook" 0 0 0 0 0 0 0 0 0 0 0 0 0 0 0 0 0.0670690811535882 0 0 0 0 0 0 0 0 0 0 0 0
"rosie" 0 0 0 0 0 0 0 0 0 0 0.0116427989288625 0 0.0205317729185915 0 0 0 0 0 0 0 0 0 0 0 0 0 0 0 0
"rot" 0.0112334306897326 0 0 0 0 0 0 0 0 0 0 0 0.0102658864592958 0 0 0 0 0 0 0 0 0.0139684313451599 0 0 0 0 0 0 0
"ruined" 0 0 0 0 0 0 0 0.0195331575349155 0 0 0.0116427989288625 0 0 0 0 0 0 0 0 0 0 0 0 0 0 0 0 0 0
"rumors" 0 0.018875047187618 0 0 0 0 0 0 0 0.012132977432662 0 0 0 0 0 0 0 0 0 0 0 0 0 0.0184229918938836 0 0 0 0 0
"ryan^s" 0 0 0 0 0 0 0 0 0 0 0 0 0 0 0 0 0 0 0 0 0 0 0 0 0 0.0311074243052675 0 0 0
"s-" 0 0 0 0 0 0 0 0 0 0 0 0 0 0 0 0 0 0 0.00994727941907888 0 0.0147666863555818 0 0 0.0184229918938836 0 0 0 0 0
"saint" 0 0 0 0 0 0 0 0 0 0 0 0 0 0 0 0 0 0 0.00994727941907888 0 0 0 0 0.0368459837877671 0 0 0 0 0
"saito^s" 0 0 0 0 0 0 0 0 0 0 0 0 0 0 0.0255689082076195 0 0 0 0 0 0 0 0 0 0 0 0 0 0
"sakes" 0 0 0 0 0 0 0 0 0 0 0 0 0.0102658864592958 0 0.00852296940253985 0 0 0 0 0 0 0 0 0 0 0 0 0.0146391450739277 0
"sal" 0 0 0 0 0 0 0 0.0292997363023733 0 0 0 0 0 0 0 0 0 0 0 0 0 0 0 0 0 0 0 0 0
"sale" 0.0112334306897326 0 0.0101020305081321 0 0 0.0135538086202223 0 0 0 0 0 0 0 0 0 0 0 0 0 0 0 0 0 0 0 0 0 0 0
"salvation" 0.0224668613794653 0 0 0 0 0 0 0 0 0 0 0 0 0.0117343346632246 0 0 0 0 0 0 0 0 0 0 0 0 0 0 0
"sank" 0 0 0 0 0.0409444520267504 0 0 0 0 0 0 0 0 0 0 0 0 0 0 0 0 0 0 0 0 0 0 0 0
"satellite" 0.0112334306897326 0 0 0 0 0 0 0 0.016996685646299 0 0 0 0 0 0 0 0 0 0 0 0 0 0 0 0 0 0 0 0
"satisfied" 0 0 0 0 0 0 0 0 0 0 0 0 0 0.0117343346632246 0 0 0 0 0 0 0 0 0.0379650721336371 0 0 0 0 0 0
"sausages" 0 0 0 0 0 0 0 0 0 0 0.0116427989288625 0 0 0 0 0 0 0 0 0 0 0 0.0379650721336371 0 0 0 0 0 0
"scale" 0.0112334306897326 0 0 0.0118793062485151 0 0 0 0 0.00849834282314949 0 0 0 0 0 0 0 0 0 0 0 0 0 0 0 0 0 0 0 0
"scales" 0.0112334306897326 0 0 0 0.0136481506755835 0 0 0 0 0 0.0116427989288625 0 0 0 0 0 0 0 0 0 0 0 0 0 0 0 0 0 0
"scanning" 0 0 0.0303060915243964 0 0 0 0 0 0 0 0 0 0 0 0 0 0 0 0 0 0 0 0 0 0 0 0 0 0
"scar" 0 0 0 0 0 0 0 0 0 0.0363989322979859 0 0 0 0 0 0 0 0 0 0 0 0 0 0 0 0 0 0 0
"scarf" 0 0 0 0 0 0 0 0 0 0 0 0 0 0 0 0 0 0 0 0 0 0 0.0189825360668185 0 0 0 0 0 0.0362976406533575
"schieben" 0 0 0 0 0 0 0 0 0 0 0 0 0 0 0 0 0 0 0 0 0.0443000590667454 0 0 0 0 0 0 0 0
"schoolteacher" 0 0 0 0 0 0 0 0 0 0 0 0 0 0 0 0.026395671109938 0 0 0 0 0 0 0 0 0 0.0103691414350892 0 0 0
"screwed" 0.0112334306897326 0 0 0 0 0 0 0 0 0 0 0 0 0 0 0 0 0 0.00994727941907888 0 0.0147666863555818 0 0 0 0 0 0 0 0
"screwing" 0 0 0 0.0118793062485151 0 0 0 0 0 0 0 0 0 0 0 0 0 0 0 0.0170415814587594 0 0 0 0.0184229918938836 0 0 0 0 0
"scud" 0 0 0 0 0 0.0406614258606668 0 0 0 0 0 0 0 0 0 0 0 0 0 0 0 0 0 0 0 0 0 0 0
"seats" 0 0 0 0 0 0 0 0 0.00849834282314949 0.024265954865324 0 0 0 0 0 0 0 0 0 0 0 0 0 0 0 0 0 0 0
"sec" 0 0 0 0 0 0.0135538086202223 0 0 0.00849834282314949 0 0 0 0 0 0 0 0 0 0.00994727941907888 0 0 0 0 0 0 0 0 0 0
"secondly" 0 0 0 0 0 0 0 0 0 0 0 0 0 0.0117343346632246 0 0 0 0.01170138076293 0 0 0.0147666863555818 0 0 0 0 0 0 0 0
"secrecy" 0 0 0 0 0 0 0 0 0.00849834282314949 0 0 0.0187617260787993 0 0 0 0 0 0 0 0 0 0 0 0 0 0 0 0 0
"sections" 0 0.018875047187618 0.0101020305081321 0 0 0 0 0 0 0 0 0 0 0 0 0 0 0 0.00994727941907888 0 0 0 0 0 0 0 0 0 0
"sedation" 0 0 0 0 0 0 0 0 0 0 0 0 0 0 0.0255689082076195 0 0 0 0 0 0 0 0 0 0 0 0 0 0
"sedative" 0 0 0 0 0 0 0 0 0 0 0 0 0 0 0.0255689082076195 0 0 0 0 0 0 0 0 0 0 0 0 0 0
"seduced" 0 0 0.0101020305081321 0 0 0 0.0134553283100108 0 0 0 0 0.00938086303939963 0 0 0 0 0 0 0 0 0 0 0 0 0 0 0 0 0
"see-threepio" 0 0 0.0303060915243964 0 0 0 0 0 0 0 0 0 0 0 0 0 0 0 0 0 0 0 0 0 0 0 0 0 0
"self" 0 0 0.0101020305081321 0 0 0 0.0134553283100108 0 0 0 0 0 0 0 0 0 0 0 0.00994727941907888 0 0 0 0 0 0 0 0 0 0
"selfish" 0 0 0 0 0 0 0 0.00976657876745776 0.016996685646299 0 0 0 0 0 0 0 0 0 0 0 0 0 0 0 0 0 0 0 0
"senior" 0 0 0 0 0 0 0 0 0 0 0 0 0 0 0 0 0 0.01170138076293 0 0 0 0.0279368626903199 0 0 0 0 0 0 0
"senses" 0 0 0 0 0 0 0 0 0 0.012132977432662 0 0.00938086303939963 0 0 0 0 0 0 0 0 0 0 0 0 0 0.0103691414350892 0 0 0
"sentry" 0 0 0.0101020305081321 0 0 0 0 0 0 0 0 0 0 0 0 0 0 0 0.00994727941907888 0 0 0.0139684313451599 0 0 0 0 0 0 0
"series" 0 0 0 0.0118793062485151 0 0 0.0269106566200215 0 0 0 0 0 0 0 0 0 0 0 0 0 0 0 0 0 0 0 0 0 0
"sets" 0 0 0 0.0237586124970302 0 0 0 0 0 0 0 0.00938086303939963 0 0 0 0 0 0 0 0 0 0 0 0 0 0 0 0 0
"sh" 0 0.018875047187618 0 0 0 0 0 0 0 0 0 0 0 0 0 0 0 0 0.00994727941907888 0 0.0147666863555818 0 0 0 0 0 0 0 0
"shack" 0 0 0 0 0 0 0 0 0 0 0 0 0 0 0 0 0.0670690811535882 0 0 0 0 0 0 0 0 0 0 0 0
"shaft" 0 0 0.0303060915243964 0 0 0 0 0 0 0 0 0 0 0 0 0 0 0 0 0 0 0 0 0 0 0 0 0 0
"shaking" 0 0 0 0 0 0 0 0 0 0.012132977432662 0 0 0 0 0.00852296940253985 0 0 0 0.00994727941907888 0 0 0 0 0 0 0 0 0 0
"shaved" 0 0 0 0 0 0 0 0 0 0 0 0 0 0 0 0 0 0 0 0.0170415814587594 0 0 0 0.0184229918938836 0 0 0 0 0.0181488203266788
"shell" 0 0 0 0 0 0 0 0 0 0 0 0 0 0 0 0 0 0 0.0198945588381578 0 0 0 0 0 0 0 0.0182848784055586 0 0
"shirts" 0.0224668613794653 0 0 0 0 0 0 0 0 0 0 0 0 0 0 0 0 0 0 0 0.0147666863555818 0 0 0 0 0 0 0 0
"shock" 0 0 0 0 0 0 0 0 0 0.012132977432662 0 0 0 0 0 0 0 0 0 0 0.0147666863555818 0 0 0 0 0 0.0182848784055586 0 0
"shoemaker" 0 0 0 0 0 0 0 0 0 0 0 0 0 0 0 0 0 0 0 0 0 0 0 0 0 0 0.0548546352166758 0 0
"shoes" 0 0 0 0 0 0 0 0 0.00849834282314949 0 0 0 0 0 0 0 0 0 0 0 0 0 0 0.0368459837877671 0 0 0 0 0
"shop" 0 0 0 0 0 0 0 0.00976657876745776 0 0 0 0 0 0 0 0 0 0 0.00994727941907888 0 0 0 0 0 0 0.0103691414350892 0 0 0
"shortly" 0 0 0 0 0 0 0 0 0 0.012132977432662 0 0 0 0 0 0 0 0 0 0.0170415814587594 0 0 0 0 0.0200642054574639 0 0 0 0
"shoulders" 0 0 0 0 0 0 0 0 0.00849834282314949 0 0 0 0 0 0 0 0 0 0 0 0 0 0 0 0 0.0103691414350892 0 0.0146391450739277 0
"shove" 0 0 0 0 0 0 0 0.00976657876745776 0 0 0 0 0 0 0 0 0 0 0 0 0 0 0 0.0184229918938836 0.0200642054574639 0 0 0 0
"shughart" 0 0 0 0 0 0 0 0 0 0 0 0 0 0 0 0 0 0.0351041422887901 0 0 0 0 0 0 0 0 0 0 0
"shuttle" 0 0 0 0 0 0.0406614258606668 0 0 0 0 0 0 0 0 0 0 0 0 0 0 0 0 0 0 0 0 0 0 0
"sicily" 0 0 0 0 0 0 0 0.0292997363023733 0 0 0 0 0 0 0 0 0 0 0 0 0 0 0 0 0 0 0 0 0
"silent" 0 0 0 0 0 0 0 0 0 0 0 0.00938086303939963 0.0102658864592958 0.0117343346632246 0 0 0 0 0 0 0 0 0 0 0 0 0 0 0
"sisk" 0 0 0 0 0 0 0 0 0 0 0 0 0 0 0 0 0 0 0.0298418382572366 0 0 0 0 0 0 0 0 0 0
"skies" 0.0112334306897326 0 0 0 0 0 0 0 0 0 0 0 0 0 0 0 0.0223563603845294 0 0 0 0 0 0.0189825360668185 0 0 0 0 0 0
"skills" 0 0 0 0 0 0 0 0.00976657876745776 0 0.012132977432662 0.0116427989288625 0 0 0 0 0 0 0 0 0 0 0 0 0 0 0 0 0 0
"skin" 0 0 0 0 0 0 0 0 0 0.012132977432662 0 0 0.0102658864592958 0 0 0 0 0 0 0 0 0 0.0189825360668185 0 0 0 0 0 0
"slaughtered" 0.0112334306897326 0 0 0 0 0 0 0 0 0 0 0.00938086303939963 0 0 0 0 0 0 0 0.0170415814587594 0 0 0 0 0 0 0 0 0
"slaves" 0 0 0 0 0 0 0.0134553283100108 0 0.00849834282314949 0 0.0116427989288625 0 0 0 0 0 0 0 0 0 0 0 0 0 0 0 0 0 0
"sledgehammer" 0 0 0 0 0 0 0 0 0 0 0 0 0 0 0 0 0 0 0 0 0 0 0 0 0.0601926163723917 0 0 0 0
"smallest" 0 0 0 0 0 0 0 0 0 0 0.0116427989288625 0 0 0 0.0170459388050797 0 0 0 0 0 0 0 0 0 0 0 0 0 0
"smarter" 0 0 0 0 0 0.0135538086202223 0 0.0195331575349155 0 0 0 0 0 0 0 0 0 0 0 0 0 0 0 0 0 0 0 0 0
"smash" 0.0112334306897326 0 0 0 0 0 0 0 0 0 0 0 0.0102658864592958 0 0 0 0 0 0 0 0.0147666863555818 0 0 0 0 0 0 0 0
"smuggling" 0 0 0.0202040610162643 0 0 0 0 0 0 0 0 0 0 0.0117343346632246 0 0 0 0 0 0 0 0 0 0 0 0 0 0 0
"snare" 0 0 0 0 0 0 0 0 0 0.0363989322979859 0 0 0 0 0 0 0 0 0 0 0 0 0 0 0 0 0 0 0
"society" 0 0 0 0.0118793062485151 0.0136481506755835 0 0 0 0.00849834282314949 0 0 0 0 0 0 0 0 0 0 0 0 0 0 0 0 0 0 0 0
"solitude" 0 0 0 0 0 0 0 0 0 0 0.0116427989288625 0 0 0 0 0.013197835554969 0 0 0 0 0 0 0 0 0 0.0103691414350892 0 0 0
"solo" 0 0 0.0303060915243964 0 0 0 0 0 0 0 0 0 0 0 0 0 0 0 0 0 0 0 0 0 0 0 0 0 0
"songs" 0 0 0 0 0 0 0 0 0 0 0 0.00938086303939963 0.0205317729185915 0 0 0 0 0 0 0 0 0 0 0 0 0 0 0 0
"sorrow" 0 0 0 0 0 0 0 0 0.00849834282314949 0 0.0116427989288625 0 0 0 0 0 0 0 0 0 0 0 0 0 0 0.0103691414350892 0 0 0
"sorting" 0 0 0 0 0 0 0 0 0 0.024265954865324 0 0 0 0 0 0 0 0 0 0 0 0 0 0 0.0200642054574639 0 0 0 0
"soup" 0 0 0 0 0 0 0 0 0 0 0 0 0 0 0 0 0 0 0 0 0 0 0.0569476082004556 0 0 0 0 0 0
"source" 0.0112334306897326 0.018875047187618 0 0.0118793062485151 0 0 0 0 0 0 0 0 0 0 0 0 0 0 0 0 0 0 0 0 0 0 0 0 0
"spanking" 0 0 0 0 0.0409444520267504 0 0 0 0 0 0 0 0 0 0 0 0 0 0 0 0 0 0 0 0 0 0 0 0
"spears" 0 0 0 0 0 0 0 0 0 0 0 0 0.0307976593778873 0 0 0 0 0 0 0 0 0 0 0 0 0 0 0 0
"spending" 0 0 0 0 0 0 0 0 0 0 0 0 0 0 0 0 0.0447127207690588 0 0 0 0 0.0139684313451599 0 0 0 0 0 0 0
"spider-man" 0.0337002920691979 0 0 0 0 0 0 0 0 0 0 0 0 0 0 0 0 0 0 0 0 0 0 0 0 0 0 0 0
"spill" 0 0 0 0 0 0 0 0 0.00849834282314949 0 0 0 0 0.0234686693264492 0 0 0 0 0 0 0 0 0 0 0 0 0 0 0
"spilled" 0 0 0 0.0118793062485151 0 0 0 0 0 0 0 0.0187617260787993 0 0 0 0 0 0 0 0 0 0 0 0 0 0 0 0 0
"spina" 0 0 0 0 0 0 0 0 0 0 0 0 0 0 0 0 0 0 0.0298418382572366 0 0 0 0 0 0 0 0 0 0
"spine" 0 0 0 0 0 0 0 0 0 0 0 0 0 0 0 0 0 0 0 0 0 0 0 0 0.0200642054574639 0.0207382828701783 0 0 0
"spirits" 0 0 0 0 0 0 0 0 0 0 0 0.00938086303939963 0 0 0 0 0 0 0.00994727941907888 0 0 0 0 0 0 0 0.0182848784055586 0 0
"spite" 0 0 0 0 0 0 0 0.00976657876745776 0.00849834282314949 0 0 0 0 0 0 0 0 0 0 0 0 0 0 0 0 0 0.0182848784055586 0 0
"spoiled" 0 0 0 0 0 0 0 0.0195331575349155 0.00849834282314949 0 0 0 0 0 0 0 0 0 0 0 0 0 0 0 0 0 0 0 0
